{
  "Gingerbread_man_fortnite_PET.gcode": {
    "analysis": {
      "analysisPending": false,
      "estimatedPrintTime": 8199.76970170042,
      "printingArea": {
        "maxX": 171.23899841308594,
        "maxY": 161.4770050048828,
        "maxZ": 11.0,
        "minX": 60.0,
        "minY": -3.0,
        "minZ": 0.0
      },
      "dimensions": {
        "width": 111.23899841308594,
        "depth": 164.4770050048828,
        "height": 11.0
      },
      "filament": {
        "tool0": {
          "length": 6273.889908336103,
          "volume": 15.090473684805191
        }
      },
      "firstFilament": 0.006523108605596596,
      "lastFilament": 0.9985202518089075,
      "progress": [
        [
          0,
          8199.76970170042
        ],
        [
          0.006523108605596596,
          8199.463757856827
        ],
        [
          0.006640072144856239,
          8199.463757856827
        ],
        [
          0.009782145759056452,
          8133.929244146886
        ],
        [
          0.01611025919590168,
          8068.394730436945
        ],
        [
          0.021275449638386325,
          8002.860216727005
        ],
        [
          0.02387079841627676,
          7937.325703017064
        ],
        [
          0.02451216806771199,
          7871.791189307124
        ],
        [
          0.025339806770191986,
          7806.256675597184
        ],
        [
          0.027810640560807447,
          7740.722161887244
        ],
        [
          0.030377965076063218,
          7675.187648177303
        ],
        [
          0.03234335527951936,
          7609.653134467363
        ],
        [
          0.04121815260704513,
          7544.118620757423
        ],
        [
          0.04914314558419848,
          7478.584107047483
        ],
        [
          0.054289876931534545,
          7413.049593337542
        ],
        [
          0.05697601089556482,
          7347.515079627602
        ],
        [
          0.06110866667942022,
          7281.980565917662
        ],
        [
          0.07207185890807404,
          7216.446052207722
        ],
        [
          0.07470865674507084,
          7150.91153849778
        ],
        [
          0.07831002620855891,
          7085.37702478784
        ],
        [
          0.08319413497491744,
          7019.8425110779
        ],
        [
          0.09340218240203842,
          6954.30799736796
        ],
        [
          0.10019177321759816,
          6888.773483658019
        ],
        [
          0.10531702489057952,
          6823.238969948079
        ],
        [
          0.1076240761642403,
          6757.704456238139
        ],
        [
          0.1138961410758162,
          6692.169942528199
        ],
        [
          0.12320925800814281,
          6626.635428818258
        ],
        [
          0.1292975710180124,
          6561.100915108318
        ],
        [
          0.13854540987749536,
          6495.566401398378
        ],
        [
          0.14459109915856733,
          6430.031887688438
        ],
        [
          0.14553972883924846,
          6364.497373978497
        ],
        [
          0.1497418579448449,
          6298.962860268557
        ],
        [
          0.15308765284550307,
          6233.428346558616
        ],
        [
          0.1630602629045017,
          6167.893832848676
        ],
        [
          0.16793933737218336,
          6102.359319138735
        ],
        [
          0.17244755183733443,
          6036.824805428795
        ],
        [
          0.1786321877618884,
          5971.290291718855
        ],
        [
          0.189610315076617,
          5905.755778008915
        ],
        [
          0.19293513373278814,
          5840.221264298974
        ],
        [
          0.1977175496658736,
          5774.686750589034
        ],
        [
          0.20554336695909228,
          5709.152236879094
        ],
        [
          0.21541797600384754,
          5643.617723169154
        ],
        [
          0.22028513596466057,
          5578.083209459213
        ],
        [
          0.22258799198942394,
          5512.548695749273
        ],
        [
          0.232136378479917,
          5447.014182039333
        ],
        [
          0.23917617393971796,
          5381.479668329392
        ],
        [
          0.24168963145913105,
          5315.945154619451
        ],
        [
          0.24857420270972805,
          5250.410640909511
        ],
        [
          0.2576659783102276,
          5184.876127199571
        ],
        [
          0.2678226758908443,
          5119.341613489631
        ],
        [
          0.2739336432447599,
          5053.80709977969
        ],
        [
          0.27921697189619543,
          4988.27258606975
        ],
        [
          0.283800365221588,
          4922.73807235981
        ],
        [
          0.29393692560749723,
          4857.20355864987
        ],
        [
          0.30346584614310634,
          4791.669044939929
        ],
        [
          0.3084538292721646,
          4726.134531229989
        ],
        [
          0.31607894585813145,
          4660.600017520049
        ],
        [
          0.3269797127831919,
          4595.065503810109
        ],
        [
          0.333374278962572,
          4529.530990100168
        ],
        [
          0.3394120811757168,
          4463.996476390228
        ],
        [
          0.3484452911016086,
          4398.461962680288
        ],
        [
          0.35921231349181976,
          4332.9274489703475
        ],
        [
          0.3648458615212107,
          4267.392935260407
        ],
        [
          0.3719566405923557,
          4201.858421550467
        ],
        [
          0.38224641146799815,
          4136.323907840527
        ],
        [
          0.3903471014689748,
          4070.789394130586
        ],
        [
          0.3956547625640153,
          4005.254880420646
        ],
        [
          0.4032476596384501,
          3939.7203667107055
        ],
        [
          0.41488225950064456,
          3874.1858530007653
        ],
        [
          0.4243281141080851,
          3808.651339290825
        ],
        [
          0.4343735536879426,
          3743.1168255808843
        ],
        [
          0.444462959476245,
          3677.582311870944
        ],
        [
          0.45439428828609313,
          3612.047798161004
        ],
        [
          0.46494634612280134,
          3546.5132844510636
        ],
        [
          0.47417941770616545,
          3480.9787707411233
        ],
        [
          0.48427654275243903,
          3415.444257031183
        ],
        [
          0.4934550761001369,
          3349.909743321243
        ],
        [
          0.5034095626838987,
          3284.375229611302
        ],
        [
          0.51282185530016,
          3218.840715901362
        ],
        [
          0.5228406130970301,
          3153.3062021914216
        ],
        [
          0.5322732107179547,
          3087.7716884814813
        ],
        [
          0.5421553712107253,
          3022.237174771541
        ],
        [
          0.551950102716474,
          2956.702661061601
        ],
        [
          0.5614155910887544,
          2891.1681473516605
        ],
        [
          0.5713900470572678,
          2825.63363364172
        ],
        [
          0.5806754753468716,
          2760.0991199317796
        ],
        [
          0.5908486183031662,
          2694.5646062218393
        ],
        [
          0.600109546339209,
          2629.030092511899
        ],
        [
          0.6102054967157914,
          2563.495578801959
        ],
        [
          0.6196701460382922,
          2497.9610650920185
        ],
        [
          0.6297325344236953,
          2432.426551382078
        ],
        [
          0.6390709906593622,
          2366.8920376721376
