{
  "Bearing Holders.3mf": {},
  "Bearing Holders.gcode": {
    "analysis": {
      "analysisPending": false,
      "estimatedPrintTime": 7633.64604202498,
      "printingArea": {
        "maxX": 139.7790069580078,
        "maxY": 138.99099731445312,
        "maxZ": 22.0,
        "minX": 60.0,
        "minY": -3.0,
        "minZ": 0.0
      },
      "dimensions": {
        "width": 79.77900695800781,
        "depth": 141.99099731445312,
        "height": 22.0
      },
      "filament": {
        "tool0": {
          "length": 6362.4125054795,
          "volume": 15.303395483277956
        }
      },
      "firstFilament": 0.004800950372457951,
      "lastFilament": 0.9982053125195334,
      "progress": [
        [
          0,
          7633.64604202498
        ],
        [
          0.004800950372457951,
          7633.275044306997
        ],
        [
          0.005099045822791002,
          7556.234028741648
        ],
        [
          0.009651838102407592,
          7556.234028741648
        ],
        [
          0.011670224561842153,
          7479.193013176299
        ],
        [
          0.01985876220577724,
          7479.193013176299
        ],
        [
          0.02281355904565973,
          7402.151997610951
        ],
        [
          0.03225732482518528,
          7402.151997610951
        ],
        [
          0.03567514627908936,
          7325.110982045602
        ],
        [
          0.04489470351477466,
          7325.110982045602
        ],
        [
          0.04832067800663657,
          7248.069966480254
        ],
        [
          0.057682403841711485,
          7248.069966480254
        ],
        [
          0.061585331054106275,
          7171.028950914905
        ],
        [
          0.07093720530164882,
          7171.028950914905
        ],
        [
          0.07473821953957077,
          7093.987935349556
        ],
        [
          0.08392159766931821,
          7093.987935349556
        ],
        [
          0.08774588203641147,
          7016.946919784208
        ],
        [
          0.09686607412198575,
          7016.946919784208
        ],
        [
          0.10073808773212378,
          6939.905904218859
        ],
        [
          0.10909597076864125,
          6939.905904218859
        ],
        [
          0.11281120825304855,
          6862.86488865351
        ],
        [
          0.12078861618486741,
          6862.86488865351
        ],
        [
          0.12476492073888265,
          6785.823873088162
        ],
        [
          0.1324406662662619,
          6785.823873088162
        ],
        [
          0.1364422792089379,
          6708.782857522813
        ],
        [
          0.14423318639747146,
          6708.782857522813
        ],
        [
          0.1480943292903324,
          6631.741841957465
        ],
        [
          0.15539877188071563,
          6631.741841957465
        ],
        [
          0.15919418090504156,
          6554.700826392116
        ],
        [
          0.16647993945010478,
          6554.700826392116
        ],
        [
          0.17050023643810078,
          6477.659810826767
        ],
        [
          0.17749095692206512,
          6477.659810826767
        ],
        [
          0.18142445802680177,
          6400.618795261419
        ],
        [
          0.18854358885860187,
          6400.618795261419
        ],
        [
          0.19266189215704926,
          6323.57777969607
        ],
        [
          0.19969473667046236,
          6323.57777969607
        ],
        [
          0.20402841605496236,
          6246.536764130722
        ],
        [
          0.21130805982155718,
          6246.536764130722
        ],
        [
          0.21554679028483997,
          6169.495748565373
        ],
        [
          0.22264248113251134,
          6169.495748565373
        ],
        [
          0.22717115400816934,
          6092.454733000024
        ],
        [
          0.23413673595843038,
          6092.454733000024
        ],
        [
          0.23856570397406246,
          6015.413717434676
        ],
        [
          0.24504635002079025,
          6015.413717434676
        ],
        [
          0.24956296319446897,
          5938.372701869327
        ],
        [
          0.2563327023787847,
          5938.372701869327
        ],
        [
          0.2609339033212759,
          5861.331686303979
        ],
        [
          0.2677770198472121,
          5861.331686303979
        ],
        [
          0.2724062468576833,
          5784.29067073863
        ],
        [
          0.27887873986645323,
          5784.29067073863
        ],
        [
          0.28397099149094607,
          5707.249655173281
        ],
        [
          0.29017375482727786,
          5707.249655173281
        ],
        [
          0.29504536486203703,
          5630.208639607933
        ],
        [
          0.3013675362334595,
          5630.208639607933
        ],
        [
          0.30609578868412685,
          5553.167624042584
        ],
        [
          0.3120220281497224,
          5553.167624042584
        ],
        [
          0.316689132815706,
          5476.126608477235
        ],
        [
          0.3224901891776574,
          5476.126608477235
        ],
        [
          0.3273300363353725,
          5399.085592911887
        ],
        [
          0.33284879375803417,
          5399.085592911887
        ],
        [
          0.33741177733509803,
          5322.044577346538
        ],
        [
          0.34214325702995696,
          5322.044577346538
        ],
        [
          0.3466029687928884,
          5245.00356178119
        ],
        [
          0.35102038667141355,
          5245.00356178119
        ],
        [
          0.3551838713885439,
          5167.962546215841
        ],
        [
          0.3595654498710461,
          5167.962546215841
        ],
        [
          0.362905138044521,
          5090.921530650492
        ],
        [
          0.3664763385250067,
          5090.921530650492
        ],
        [
          0.3700371778530877,
          5013.880515085144
        ],
        [
          0.3741536127470031,
          5013.880515085144
        ],
        [
          0.3779400194585839,
          4936.839499519795
        ],
        [
          0.38172150037639857,
          4936.839499519795
        ],
        [
          0.3856730061066254,
          4859.798483954447
        ],
        [
          0.3899609945075701,
          4859.798483954447
        ],
        [
          0.39420108381051255,
          4782.757468389098
        ],
        [
          0.3980598487339691,
          4782.757468389098
        ],
        [
          0.40285332548829905,
          4705.716452823749
        ],
        [
          0.40671158084688325,
          4705.716452823749
        ],
        [
          0.4101827367574281,
          4628.675437258401
        ],
        [
          0.4134629756957938,
          4628.675437258401
        ],
        [
          0.4172135430113518,
          4551.634421693052
        ],
        [
          0.4204283877910974,
          4551.634421693052
        ],
        [
          0.4250115841080984,
          4474.593406127704
        ],
        [
          0.42827755523003797,
          4474.593406127704
        ],
        [
          0.4316707477151111,
          4397.552390562355
        ],
        [
          0.43474733055948867,
          4397.552390562355
        ],
        [
          0.43889365992591606,
          4320.511374997006
        ],
        [
          0.4418268851862018,
          4320.511374997006
        ],
        [
          0.4457766923668541,
          4243.470359431658
        ],
        [
          0.4486458823081794,
          4243.470359431658
        ],
        [
          0.4526773897233674,
          4166.429343866309
        ],
        [
          0.4555929500680779,
