{
    "RPi_Camera_2.1_Case_0.15mm_PETG.gcode": {
        "analysis": {
            "analysisFirstFilamentPrintTime": 9.275442806155297,
            "printingArea": {
                "maxZ": 6.800000190734863,
                "maxX": 145.978,
                "maxY": 138.937,
                "minX": 60.0,
                "minY": -3.0,
                "minZ": 0.0
            },
            "dimensions": {
                "width": 85.97800000000001,
                "depth": 141.937,
                "height": 6.800000190734863
            },
            "compensatedPrintTime": 7900.824768522023,
            "analysisPending": false,
            "analysisPrintTime": 7900.824768522023,
            "analysisLastFilamentPrintTime": 7894.632192557537,
            "firstFilament": 0.00070300420259669,
            "progress": [
                [
                    0,
                    7900.824768522023
                ],
                [
                    0.00065202298179769,
                    7895.638408674817
                ],
                [
                    0.00070300420259669,
                    7891.549325715868
                ],
                [
                    0.00707565680247125,
                    7830.8298334804595
                ],
                [
                    0.00935102918339488,
                    7770.630050790217
                ],
                [
                    0.01159420289855072,
                    7710.157763152528
                ],
                [
                    0.02080637533582202,
                    7649.618108420617
                ],
                [
                    0.02401617982954831,
                    7588.8485696180105
                ],
                [
                    0.02570124333806251,
                    7527.826691973695
                ],
                [
                    0.02906332068864896,
                    7466.227118150567
                ],
                [
                    0.03555671828515273,
                    7406.192180900852
                ],
                [
                    0.03742893653844219,
                    7345.538801819371
                ],
                [
                    0.04075009475128208,
                    7285.524234752244
                ],
                [
                    0.05053714753361574,
                    7225.036679286307
                ],
                [
                    0.05320024551482648,
                    7163.277094973753
                ],
                [
                    0.05609946704500099,
                    7102.145762958145
                ],
                [
                    0.06280618080221634,
                    7040.463870653182
                ],
                [
                    0.06482396385699768,
                    6980.11459331774
                ],
                [
                    0.06690077779901996,
                    6919.540042309225
                ],
                [
                    0.07742035022757078,
                    6857.412829267181
                ],
                [
                    0.07934153728504875,
                    6796.66282853564
                ],
                [
                    0.08172356774632818,
                    6736.166654062726
                ],
                [
                    0.08855505133339371,
                    6676.142170800441
                ],
                [
                    0.09087268446313757,
                    6615.922542199971
                ],
                [
                    0.09313329912225095,
                    6555.725814869284
                ],
                [
                    0.10395070920915381,
                    6495.1047728983385
                ],
                [
                    0.10648702494390389,
                    6434.222269956945
                ],
                [
                    0.10895357690282376,
                    6373.514167397818
                ],
                [
                    0.1152839687538781,
                    6313.321412197416
                ],
                [
                    0.11744865822122495,
                    6252.7247017847
                ],
                [
                    0.11949729833070043,
                    6192.353338926906
                ],
                [
                    0.12984514454182305,
                    6130.061523231188
                ],
                [
                    0.13192732492813997,
                    6069.5825906477785
                ],
                [
                    0.13494729145494366,
                    6009.566381851267
                ],
                [
                    0.14279705784691546,
                    5949.509775159146
                ],
                [
                    0.14808099306051672,
                    5889.071664196744
                ],
                [
                    0.1592197189995606,
                    5828.897713470184
                ],
                [
                    0.16222694022116457,
                    5768.744252466379
                ],
                [
                    0.16505505636443524,
                    5708.587119752888
                ],
                [
                    0.17123652938631356,
                    5648.577109140515
                ],
                [
                    0.1767337807606264,
                    5588.559670003948
                ],
                [
                    0.18746532773881516,
                    5527.868516768542
                ],
                [
                    0.19087503228251645,
                    5466.119211045044
                ],
                [
                    0.1946389221496634,
                    5406.090285482003
                ],
                [
                    0.20044474407091756,
                    5345.449029508232
                ],
                [
                    0.2058232628652117,
                    5285.414824885804
                ],
                [
                    0.21559421631466147,
                    5225.380233078244
                ],
                [
                    0.22112500796581575,
                    5164.1215801378075
                ],
                [
                    0.22351374648246347,
                    5103.031169923646
                ],
                [
                    0.2279940566629437,
                    5042.983602375569
                ],
                [
                    0.23423858540528394,
                    4982.973805141124
                ],
                [
                    0.23996659388426592,
                    4922.755032576017
                ],
                [
                    0.2505109861176794,
                    4862.619867365851
                ],
                [
                    0.25231344059513866,
                    4802.527294054125
                ],
                [
                    0.25542463667495113,
                    4740.916536944669
                ],
                [
                    0.26175502852600546,
                    4680.89911188232
                ],
                [
                    0.26596366246407,
                    4620.206905241071
                ],
                [
                    0.2698429308835515,
                    4560.198536908367
                ],
                [
                    0.27663081211072316,
                    4499.66177373063
                ],
                [
                    0.2893211112564523,
                    4439.649309380372
                ],
                [
                    0.2998956897390231,
                    4379.221050493979
                ],
                [
                    0.30233608028200665,
                    4319.180865577941
                ],
