{
    "first_layer_PLA.gcode": {
        "analysis": {
            "analysisFirstFilamentPrintTime": 9.275442806155525,
            "printingArea": {
                "maxZ": 0.20000000298023224,
                "maxX": 234.79,
                "maxY": 117.29,
                "minX": 15.21,
                "minY": -3.0,
                "minZ": 0.0
            },
            "dimensions": {
                "width": 219.57999999999998,
                "depth": 120.29,
                "height": 0.20000000298023224
            },
            "compensatedPrintTime": 1122.9085666136234,
            "analysisPending": false,
            "analysisPrintTime": 1122.9085666136234,
            "analysisLastFilamentPrintTime": 1115.0537096726548,
            "firstFilament": 0.02829111859984781,
            "progress": [
                [
                    0,
                    1122.9085666136234
                ],
                [
                    0.02622567670398956,
                    1117.7222067664175
                ],
                [
                    0.02829111859984781,
                    1113.6331238074679
                ],
                [
                    0.04459723883030764,
                    1051.2692878026621
                ],
                [
                    0.12254049353190564,
                    990.5360122521012
                ],
                [
                    0.16004457006196326,
                    929.829670614625
                ],
                [
                    0.19722252418741168,
                    869.12196710549
                ],
                [
                    0.23472660071746929,
                    808.4158355079211
                ],
                [
                    0.27220350038047614,
                    747.7116812143782
                ],
                [
                    0.30962604630938145,
                    686.9949352899606
                ],
                [
                    0.3477551907816067,
                    626.2980002498643
                ],
                [
                    0.3862376345254919,
                    565.581411855378
                ],
                [
                    0.42472007826937713,
                    504.8874026866322
                ],
                [
                    0.4635014675508207,
                    444.16553338371
                ],
                [
                    0.5022828568322644,
                    383.4697010531286
                ],
                [
                    0.5407653005761496,
                    322.7518524191968
                ],
                [
                    0.5795466898575932,
                    262.05617761854626
                ],
                [
                    0.6183280791390369,
                    201.34125485596473
                ],
                [
                    0.6568105228829221,
                    140.63496572846543
                ],
                [
                    0.6955919121643657,
                    79.92757389145208
                ],
                [
                    0.7423904772257854,
                    19.413062579555344
                ],
                [
                    0.7705457114903794,
                    7.854856940968602
                ],
                [
                    0.7815523426459398,
                    0.0
                ],
                [
                    1,
                    0
                ]
            ],
            "estimatedPrintTime": 1122.9085666136234,
            "lastFilament": 0.7705457114903794,
            "filament": {
                "tool0": {
                    "volume": 3.2933650759898434,
                    "length": 465.9158499999992
                }
            }
        }
    },
    "first_layer_PETG.gcode": {
        "analysis": {
            "lastFilament": 0.7711325065274152,
            "printingArea": {
                "maxZ": 0.20000000298023224,
                "maxX": 234.79,
                "maxY": 117.29,
                "minX": 15.21,
                "minY": -3.0,
                "minZ": 0.0
            },
            "dimensions": {
                "width": 219.57999999999998,
                "depth": 120.29,
                "height": 0.20000000298023224
            },
            "compensatedPrintTime": 1182.9105439499813,
            "analysisPending": false,
            "analysisPrintTime": 1182.9105439499813,
            "analysisLastFilamentPrintTime": 1175.0559623917193,
            "firstFilament": 0.02831266318537859,
            "progress": [
                [
                    0,
                    1182.9105439499813
                ],
                [
                    0.02624564838990427,
                    1177.7241841027753
                ],
                [
                    0.02831266318537859,
                    1173.6351011438258
                ],
                [
                    0.04463120104438642,
                    1106.91924111373
                ],
                [
                    0.12108355091383811,
                    1046.586221503677
                ],
                [
                    0.1570659268929504,
                    985.1671778536986
                ],
                [
                    0.1927219321148825,
                    923.7492678288268
                ],
                [
                    0.22870430809399478,
                    862.326735868352
                ],
                [
                    0.2646594865100087,
                    800.915890593046
                ],
                [
                    0.30039708442123586,
                    739.4829664477337
                ],
                [
                    0.33697780678851175,
                    678.0766020854239
                ],
                [
                    0.37369451697127937,
                    616.6461897856129
                ],
                [
                    0.4106016100957354,
                    555.2367146179014
                ],
                [
                    0.4478078764142733,
                    493.81225803200937
                ],
                [
                    0.48471496953872933,
                    432.38987883396
                ],
                [
                    0.5219212358572672,
                    370.97567012243576
                ],
                [
                    0.5591275021758051,
                    309.54999136643744
                ],
                [
                    0.5960345953002611,
                    248.1417383688322
                ],
                [
                    0.633240861618799,
                    186.70693005425937
                ],
                [
                    0.6704471279373369,
                    125.30120064197286
                ],
                [
                    0.7073542210617929,
                    63.38433500135784
                ],
                [
                    0.7711325065274152,
                    7.854581558261998
                ],
                [
                    0.7821475195822454,
                    0.0
                ],
                [
                    1,
                    0
                ]
            ],
            "analysisFirstFilamentPrintTime": 9.275442806155525,
            "estimatedPrintTime": 1182.9105439499813,
            "filament": {
                "tool0": {
                    "volume": 3.195755572331301,
                    "length": 452.1069299999961
                }
            }
        }
    }
}