{
  "z_end_caps.stl": {
    "hash": "365058532741e0d882863d60ff30152dc7977b32"
  },
  "Z-end-caps.3mf": {
    "hash": "ec2048fefd6c9dcbcf291815c24e953df829093b"
  },
  "Z-end-caps.gcode": {
    "hash": "6e399a87f31f2e60dfbf3486e6d97bdcb3d7639c",
    "analysis": {
      "analysisPending": false,
      "estimatedPrintTime": 1715.6132688452465,
      "printingArea": {
        "maxX": 149.77699279785156,
        "maxY": 127.3270034790039,
        "maxZ": 8.399999618530273,
        "minX": 60.0,
        "minY": -3.0,
        "minZ": 0.0
      },
      "dimensions": {
        "width": 89.77699279785156,
        "depth": 130.3270034790039,
        "height": 8.399999618530273
      },
      "filament": {
        "tool0": {
          "length": 1927.3342395164073,
          "volume": 4.6357821141556865
        }
      },
      "firstFilament": 0.03214205051216304,
      "lastFilament": 0.9858143402964136,
      "progress": [
        [
          0,
          1715.6132688452465
        ],
        [
          0.03214205051216304,
          1715.1781509665313
        ],
        [
          0.034166788452085185,
          1715.1781509665313
        ],
        [
          0.03576904170375586,
          1715.1781509665313
        ],
        [
          0.037602465822583,
          1715.1781509665313
        ],
        [
          0.03799040773758121,
          1651.917385382525
        ],
        [
          0.038682591770848554,
          1651.917385382525
        ],
        [
          0.03975474630990182,
          1651.917385382525
        ],
        [
          0.04088004357703703,
          1651.917385382525
        ],
        [
          0.04287289588011001,
          1588.6566197985185
        ],
        [
          0.04296190994964726,
          1588.6566197985185
        ],
        [
          0.044726248521967875,
          1588.6566197985185
        ],
        [
          0.046224873453878754,
          1588.6566197985185
        ],
        [
          0.047328913629781186,
          1588.6566197985185
        ],
        [
          0.047870969456217036,
          1525.395854214512
        ],
        [
          0.04841966812366313,
          1525.395854214512
        ],
        [
          0.04962202234651716,
          1525.395854214512
        ],
        [
          0.05276408614436222,
          1525.395854214512
        ],
        [
          0.057346317873228025,
          1525.395854214512
        ],
        [
          0.05773824549283237,
          1462.1350886305056
        ],
        [
          0.06189002112423441,
          1462.1350886305056
        ],
        [
          0.0668787947229271,
          1462.1350886305056
        ],
        [
          0.0715646547715527,
          1462.1350886305056
        ],
        [
          0.0750734033931632,
          1398.874323046499
        ],
        [
          0.07646042859610198,
          1398.874323046499
        ],
        [
          0.08164317315229377,
          1398.874323046499
        ],
        [
          0.086946817414872,
          1398.874323046499
        ],
        [
          0.09142674939218005,
          1398.874323046499
        ],
        [
          0.09242317554371654,
          1335.6135574624927
        ],
        [
          0.09597576691599463,
          1335.6135574624927
        ],
        [
          0.10078518380741075,
          1335.6135574624927
        ],
        [
          0.10614595650267707,
          1335.6135574624927
        ],
        [
          0.1097078478523695,
          1272.3527918784862
        ],
        [
          0.11068168834447116,
          1272.3527918784862
        ],
        [
          0.11570367614821507,
          1272.3527918784862
        ],
        [
          0.12079076379385936,
          1272.3527918784862
        ],
        [
          0.1344511020473236,
          1272.3527918784862
        ],
        [
          0.13847533513132898,
          1209.0920262944796
        ],
        [
          0.14392777903253665,
          1209.0920262944796
        ],
        [
          0.1574326748063612,
          1209.0920262944796
        ],
        [
          0.17134145531360853,
          1209.0920262944796
        ],
        [
          0.1781862386905632,
          1145.8312607104733
        ],
        [
          0.1939815860447196,
          1145.8312607104733
        ],
        [
          0.19897567391622048,
          1145.8312607104733
        ],
        [
          0.22143379080365092,
          1145.8312607104733
        ],
        [
          0.22585792291647291,
          1082.5704951264668
        ],
        [
          0.2401041597470406,
          1082.5704951264668
        ],
        [
          0.2491370949527694,
          1082.5704951264668
        ],
        [
          0.26525794151642773,
          1082.5704951264668
        ],
        [
          0.2836652539558118,
          1082.5704951264668
        ],
        [
          0.28427772389695627,
          1019.3097295424603
        ],
        [
          0.30112396869893315,
          1019.3097295424603
        ],
        [
          0.31261209794204786,
          1019.3097295424603
        ],
        [
          0.32207150354063424,
          1019.3097295424603
        ],
        [
          0.3246555686936189,
          956.0489639584539
        ],
        [
          0.32512588183714414,
          956.0489639584539
        ],
        [
          0.32880867289322296,
          956.0489639584539
        ],
        [
          0.33364067544407394,
          956.0489639584539
        ],
        [
          0.33861483479254406,
          956.0489639584539
        ],
        [
          0.3392937331437909,
          892.7881983744475
        ],
        [
          0.340442944638563,
          892.7881983744475
        ],
        [
          0.34391449335051616,
          892.7881983744475
        ],
        [
          0.3497296363708831,
          892.7881983744475
        ],
        [
          0.35550890804979474,
          829.527432790441
        ],
        [
          0.35617850642362725,
          829.527432790441
        ],
        [
          0.36349360294410715,
          829.527432790441
        ],
        [
          0.3697232592435133,
          829.527432790441
        ],
        [
          0.3770503128778116,
          829.527432790441
        ],
        [
          0.3790777079541378,
          766.2666672064345
        ],
        [
          0.38254659952968684,
          766.2666672064345
        ],
        [
          0.39040508044480465,
          766.2666672064345
        ],
        [
          0.39686723617956926,
          766.2666672064345
        ],
        [
          0.40441748927181176,
          766.2666672064345
        ],
        [
          0.4046925028896358,
          703.005901622428
        ],
        [
          0.4112396869893316,
          703.005901622428
        ],
        [
          0.41818942725424807,
          703.005901622428
        ],
        [
          0.42402848450225195,
          703.005901622428
        ],
        [
          0.42908368651104706,
          639.7451360384216
        ],
        [
          0.43121072420252693,
          639.7451360384216
        ],
        [
          0.4360613267082066,
          639.7451360384216
        ],
        [
          0.44564030344497735,
          639.7451360384216
        ],
        [
          0.4501162497176793,
          639.7451360384216
        ],
        [
          0.45346689872324597,
          576.4843704544152
        ],
        [
          0.45926477035698626,
          576.4843704544152
        ],
        [
          0.47072765680426204,
          576.4843704544152
        ],
        [
          0.48620016208532063,
          576.4843704544152
        ],
        [
          0.4972033639346876,
          513.2236048704087
        ],
        [
          0.500846297944705,
          513.2236048704087
        ],
        [
          0.5164144601363111,
