{
  "LCD knob.gcode": {
    "analysis": {
      "analysisPending": false,
      "estimatedPrintTime": 931.0776878396495,
      "printingArea": {
        "maxX": 137.7169952392578,
        "maxY": 121.86299896240234,
        "maxZ": 7.400000095367432,
        "minX": 60.0,
        "minY": -3.0,
        "minZ": 0.0
      },
      "dimensions": {
        "width": 77.71699523925781,
        "depth": 124.86299896240234,
        "height": 7.400000095367432
      },
      "filament": {
        "tool0": {
          "length": 743.7433578094933,
          "volume": 1.788912418491796
        }
      },
      "firstFilament": 0.021095416676023444,
      "lastFilament": 0.9879634411982664,
      "progress": [
        [
          0,
          931.0776878396495
        ],
        [
          0.021095416676023444,
          930.7066901216671
        ],
        [
          0.021977947946374435,
          930.7066901216671
        ],
        [
          0.024480698839011026,
          930.7066901216671
        ],
        [
          0.024810805955401857,
          853.6656745563184
        ],
        [
          0.028969706496597875,
          853.6656745563184
        ],
        [
          0.03503065280366486,
          853.6656745563184
        ],
        [
          0.039011026026812785,
          853.6656745563184
        ],
        [
          0.04579955536592486,
          853.6656745563184
        ],
        [
          0.05238036424064135,
          853.6656745563184
        ],
        [
          0.0586602591453145,
          853.6656745563184
        ],
        [
          0.07003884934090858,
          853.6656745563184
        ],
        [
          0.07975230738137477,
          853.6656745563184
        ],
        [
          0.08309155419819901,
          776.6246589909698
        ],
        [
          0.08716175248703151,
          776.6246589909698
        ],
        [
          0.09674608699557612,
          776.6246589909698
        ],
        [
          0.11022546091486829,
          776.6246589909698
        ],
        [
          0.12272125036491432,
          776.6246589909698
        ],
        [
          0.13467921223417395,
          776.6246589909698
        ],
        [
          0.14620376816150546,
          776.6246589909698
        ],
        [
          0.15828973074936561,
          776.6246589909698
        ],
        [
          0.17148166445846713,
          776.6246589909698
        ],
        [
          0.17823426377130538,
          699.5836434256212
        ],
        [
          0.18231232175338527,
          699.5836434256212
        ],
        [
          0.1945195481799196,
          699.5836434256212
        ],
        [
          0.20625070175832566,
          699.5836434256212
        ],
        [
          0.2155689295097797,
          699.5836434256212
        ],
        [
          0.2300846601244077,
          699.5836434256212
        ],
        [
          0.24363028002964227,
          699.5836434256212
        ],
        [
          0.2549078170263412,
          699.5836434256212
        ],
        [
          0.26963800498529117,
          699.5836434256212
        ],
        [
          0.2777391030967191,
          622.5426278602725
        ],
        [
          0.28029462621544543,
          622.5426278602725
        ],
        [
          0.29407154566481775,
          622.5426278602725
        ],
        [
          0.30869843479823045,
          622.5426278602725
        ],
        [
          0.3173845186499293,
          622.5426278602725
        ],
        [
          0.33117940311243854,
          622.5426278602725
        ],
        [
          0.3453863600637758,
          622.5426278602725
        ],
        [
          0.35700523231007614,
          622.5426278602725
        ],
        [
          0.36975365475736005,
          622.5426278602725
        ],
        [
          0.38159484404122973,
          545.5016122949239
        ],
        [
          0.38337674878174755,
          545.5016122949239
        ],
        [
          0.39683142080797645,
          545.5016122949239
        ],
        [
          0.40942264939031237,
          545.5016122949239
        ],
        [
          0.42065639666749005,
          545.5016122949239
        ],
        [
          0.43853607599200556,
          545.5016122949239
        ],
        [
          0.4520087130313714,
          545.5016122949239
        ],
        [
          0.46517369922076757,
          545.5016122949239
        ],
        [
          0.4808885944622847,
          545.5016122949239
        ],
        [
          0.49231322000404215,
          545.5016122949239
        ],
        [
          0.49242325570950574,
          468.46059672957534
        ],
        [
          0.5082111338168916,
          468.46059672957534
        ],
        [
          0.5243336102939525,
          468.46059672957534
        ],
        [
          0.5331286070377939,
          468.46059672957534
        ],
        [
          0.5527958051694325,
          468.46059672957534
        ],
        [
          0.5648783993173295,
          468.46059672957534
        ],
        [
          0.5806932249444208,
          468.46059672957534
        ],
        [
          0.5959421526576991,
          468.46059672957534
        ],
        [
          0.6044474635647077,
          468.46059672957534
        ],
        [
          0.6059217174552559,
          391.4195811642267
        ],
        [
          0.6179683815768791,
          391.4195811642267
        ],
        [
          0.6301643798702028,
          391.4195811642267
        ],
        [
          0.6428151175585547,
          391.4195811642267
        ],
        [
          0.6556331544317442,
          391.4195811642267
        ],
        [
          0.6641687812984213,
          391.4195811642267
        ],
        [
          0.677423592553502,
          391.4195811642267
        ],
        [
          0.6898722238440637,
          391.4195811642267
        ],
        [
          0.6999270171341313,
          391.4195811642267
        ],
        [
          0.7053760301812221,
          314.3785655988781
        ],
        [
          0.7152792436729469,
          314.3785655988781
        ],
        [
          0.7238350811794031,
          314.3785655988781
        ],
        [
          0.7373436482450427,
          314.3785655988781
        ],
        [
          0.749489119938919,
          314.3785655988781
        ],
        [
          0.7623588062248771,
          314.3785655988781
        ],
        [
          0.7725483371134715,
          314.3785655988781
        ],
        [
          0.7855684803844513,
          314.3785655988781
        ],
        [
          0.8002245626642115,
          314.3785655988781
        ],
        [
          0.8048135007073723,
          237.33755003352948
        ],
        [
          0.8056578563248075,
          237.33755003352948
        ],
        [
          0.8066347039141273,
          237.33755003352948
        ],
        [
          0.8121061732276392,
          237.33755003352948
        ],
        [
          0.8175529406480878,
          237.33755003352948
        ],
        [
          0.8205935191215109,
          237.33755003352948
        ],
        [
          0.8285497743145225,
          237.33755003352948
        ],
        [
          0.8303406615616088,
          237.33755003352948
        ],
        [
          0.8381307403831039,
          237.33755003352948
        ],
        [
          0.8406649300487301,
          160.29653446818085
        ],
        [
          0.8412431789090746,
          160.29653446818085
        ],
        [
          0.8469560530866138,
          160.29653446818085
        ],
        [
          0.8526453481844108,
          160.29653446818085
        ],
        [
          0.8563292986907997,
          160.29653446818085
        ],
        [
          0.864790819878287,
