{
  "Z-tops.gcode": {
    "analysis": {
      "analysisPending": false,
      "estimatedPrintTime": 8635.17924437451,
      "printingArea": {
        "maxX": 173.96200561523438,
        "maxY": 127.22699737548828,
        "maxZ": 18.399999618530273,
        "minX": 60.0,
        "minY": -3.0,
        "minZ": 0.0
      },
      "dimensions": {
        "width": 113.96200561523438,
        "depth": 130.22699737548828,
        "height": 18.399999618530273
      },
      "filament": {
        "tool0": {
          "length": 7028.492894401774,
          "volume": 16.905506570315204
        }
      },
      "firstFilament": 0.007206237839069917,
      "lastFilament": 0.9975630845724774,
      "progress": [
        [
          0,
          8635.17924437451
        ],
        [
          0.007206237839069917,
          8634.808246656528
        ],
        [
          0.009046324694122473,
          8557.76723109118
        ],
        [
          0.012291854016700127,
          8557.76723109118
        ],
        [
          0.012994113844531117,
          8480.726215525832
        ],
        [
          0.014522059586884814,
          8480.726215525832
        ],
        [
          0.016651909366955677,
          8403.685199960482
        ],
        [
          0.021177378743674702,
          8403.685199960482
        ],
        [
          0.02247762065880462,
          8326.644184395134
        ],
        [
          0.02468775507096654,
          8326.644184395134
        ],
        [
          0.024758811584426443,
          8249.603168829786
        ],
        [
          0.031511948798706585,
          8172.562153264437
        ],
        [
          0.031989734640834704,
          8172.562153264437
        ],
        [
          0.03900102847382144,
          8095.521137699088
        ],
        [
          0.04071307518286671,
          8095.521137699088
        ],
        [
          0.045938266654793156,
          8018.48012213374
        ],
        [
          0.04976862799562033,
          8018.48012213374
        ],
        [
          0.05360867886101023,
          7941.439106568391
        ],
        [
          0.05748541149795897,
          7941.439106568391
        ],
        [
          0.06156631625962204,
          7864.398091003042
        ],
        [
          0.06620667571329897,
          7864.398091003042
        ],
        [
          0.07001696589610339,
          7787.357075437694
        ],
        [
          0.07401827813457273,
          7787.357075437694
        ],
        [
          0.076323000762704,
          7710.316059872345
        ],
        [
          0.08343303546504412,
          7710.316059872345
        ],
        [
          0.0846439953324176,
          7633.275044306997
        ],
        [
          0.09399876989178646,
          7633.275044306997
        ],
        [
          0.09409704935520828,
          7556.234028741648
        ],
        [
          0.10458296055579112,
          7479.193013176299
        ],
        [
          0.1058026871358642,
          7479.193013176299
        ],
        [
          0.11640441122526807,
          7402.151997610951
        ],
        [
          0.12007166556928955,
          7402.151997610951
        ],
        [
          0.12779490875467,
          7325.110982045602
        ],
        [
          0.13077466826067036,
          7325.110982045602
        ],
        [
          0.13936996865669507,
          7248.069966480254
        ],
        [
          0.14745010933013547,
          7248.069966480254
        ],
        [
          0.15243052495537052,
          7171.028950914905
        ],
        [
          0.15901709462835828,
          7171.028950914905
        ],
        [
          0.16643096513662922,
          7093.987935349556
        ],
        [
          0.17483985753630457,
          7093.987935349556
        ],
        [
          0.17709405621493027,
          7016.946919784208
        ],
        [
          0.18755781993079834,
          7016.946919784208
        ],
        [
          0.1901130859797655,
          6939.905904218859
        ],
        [
          0.204095992735625,
          6939.905904218859
        ],
        [
          0.20415505269486442,
          6862.86488865351
        ],
        [
          0.21441349077118926,
          6785.823873088162
        ],
        [
          0.215722268696053,
          6785.823873088162
        ],
        [
          0.22342567142637645,
          6708.782857522813
        ],
        [
          0.22593225914956427,
          6708.782857522813
        ],
        [
          0.2330247604265052,
          6631.741841957465
        ],
        [
          0.23853348584337392,
          6631.741841957465
        ],
        [
          0.24426045626586948,
          6554.700826392116
        ],
        [
          0.24878800196928053,
          6554.700826392116
        ],
        [
          0.2539128376510931,
          6477.659810826767
        ],
        [
          0.2591537169246926,
          6477.659810826767
        ],
        [
          0.26416712307403395,
          6400.618795261419
        ],
        [
          0.27205185833545964,
          6400.618795261419
        ],
        [
          0.27578324810396765,
          6323.57777969607
        ],
        [
          0.2846044067034899,
          6323.57777969607
        ],
        [
          0.2866064470405193,
          6246.536764130722
        ],
        [
          0.2968037488309127,
          6246.536764130722
        ],
        [
          0.2968517350477947,
          6169.495748565373
        ],
        [
          0.3069034632667817,
          6092.454733000024
        ],
        [
          0.3071839980731688,
          6092.454733000024
        ],
        [
          0.31659598696805086,
          6015.413717434676
        ],
        [
          0.31987958227998203,
          6015.413717434676
        ],
        [
          0.3265286724566959,
          5938.372701869327
        ],
        [
          0.33165004759402184,
          5938.372701869327
        ],
        [
          0.3380460566172762,
          5861.331686303979
        ],
        [
          0.3441548404481359,
          5861.331686303979
        ],
        [
          0.3487098398044746,
          5784.29067073863
        ],
        [
          0.35458169168947934,
          5784.29067073863
        ],
        [
          0.3592257423906087,
          5707.249655173281
        ],
        [
          0.36600102708960364,
          5707.249655173281
        ],
        [
          0.3700067226844228,
          5630.208639607933
        ],
        [
          0.37899537163710056,
          5630.208639607933
        ],
        [
          0.3815490227653073,
          5553.167624042584
        ],
        [
          0.39222387969486305,
          5553.167624042584
        ],
        [
          0.3922840931689313,
          5476.126608477235
        ],
        [
          0.40239557345605503,
          5399.085592911887
        ],
        [
          0.4028782040604645,
          5399.085592911887
        ],
        [
          0.41310480512751185,
          5322.044577346538
        ],
        [
          0.4145499285051509,
          5322.044577346538
        ],
        [
          0.4235618784573723,
          5245.00356178119
        ],
        [
          0.4279701507274757,
          5245.00356178119
        ],
        [
          0.43364013751742386,
          5167.962546215841
        ],
        [
          0.4417604205069098,
          5167.962546215841
        ],
        [
          0.44540806509884007,
          5090.921530650492
        ],
        [
          0.4526973560055904,
          5090.921530650492
        ],
        [
          0.456844472518432,
          5013.880515085144
        ],
        [
          0.46342158336982286,
          5013.880515085144
        ],
        [
          0.46735576104525056,
