{
  "Door_Wedge.stl": {},
  "Door_Wedge_PET.gcode": {
    "analysis": {
      "analysisPending": false,
      "estimatedPrintTime": 7016.879773658272,
      "printingArea": {
        "maxX": 166.20700073242188,
        "maxY": 122.97599792480469,
        "maxZ": 30.0,
        "minX": 60.0,
        "minY": -3.0,
        "minZ": 0.0
      },
      "dimensions": {
        "width": 106.20700073242188,
        "depth": 125.97599792480469,
        "height": 30.0
      },
      "filament": {
        "tool0": {
          "length": 5196.684789878782,
          "volume": 12.49949173728664
        }
      },
      "firstFilament": 0.004186950028983428,
      "lastFilament": 0.9983114935619355,
      "progress": [
        [
          0,
          7016.879773658272
        ],
        [
          0.004186950028983428,
          7016.5087759402895
        ],
        [
          0.004322654472504545,
          7016.5087759402895
        ],
        [
          0.010714216775759912,
          6939.467760374941
        ],
        [
          0.020135926718040677,
          6862.426744809592
        ],
        [
          0.031843359636468074,
          6785.3857292442435
        ],
        [
          0.042651945594216804,
          6708.344713678895
        ],
        [
          0.05569127083116827,
          6631.3036981135465
        ],
        [
          0.06902618218360539,
          6554.2626825481975
        ],
        [
          0.08156519477389709,
          6477.221666982849
        ],
        [
          0.09469264990807778,
          6400.1806514175005
        ],
        [
          0.10697097738200781,
          6323.1396358521515
        ],
        [
          0.11860373386096885,
          6246.098620286803
        ],
        [
          0.12974943617338427,
          6169.0576047214545
        ],
        [
          0.14002241853005182,
          6092.0165891561055
        ],
        [
          0.1511573970717867,
          6014.975573590757
        ],
        [
          0.1624068274933303,
          5937.9345580254085
        ],
        [
          0.17339771755264835,
          5860.8935424600595
        ],
        [
          0.18331486570037045,
          5783.852526894711
        ],
        [
          0.19398150792983845,
          5706.8115113293625
        ],
        [
          0.20480959165246093,
          5629.770495764014
        ],
        [
          0.21534598881257247,
          5552.729480198665
        ],
        [
          0.22488780498647537,
          5475.6884646333165
        ],
        [
          0.2357381161610539,
          5398.647449067968
        ],
        [
          0.24621913966892406,
          5321.606433502619
        ],
        [
          0.2561097708564179,
          5244.5654179372705
        ],
        [
          0.2666674205802418,
          5167.5244023719215
        ],
        [
          0.2774832207109938,
          5090.483386806573
        ],
        [
          0.2880979988858977,
          5013.4423712412245
        ],
        [
          0.2981329135334571,
          4936.4013556758755
        ],
        [
          0.30910801040322744,
          4859.360340110527
        ],
        [
          0.3198257367766646,
          4782.3193245451785
        ],
        [
          0.3302352034874482,
          4705.27830897983
        ],
        [
          0.3415676943873539,
          4628.237293414481
        ],
        [
          0.35230667332450344,
          4551.1962778491325
        ],
        [
          0.3628005653571903,
          4474.155262283784
        ],
        [
          0.37297625386713795,
          4397.114246718435
        ],
        [
          0.3844118879432256,
          4320.073231153087
        ],
        [
          0.3955258088988969,
          4243.032215587738
        ],
        [
          0.40604563295886575,
          4165.991200022389
        ],
        [
          0.41708507245271936,
          4088.9501844570414
        ],
        [
          0.4281206123935983,
          4011.9091688916924
        ],
        [
          0.43919963235014553,
          3934.868153326344
        ],
        [
          0.4494312794452808,
          3857.8271377609954
        ],
        [
          0.4603005034517868,
          3780.786122195647
        ],
        [
          0.47081350329404986,
          3703.745106630298
        ],
        [
          0.4819330786015345,
          3626.7040910649494
        ],
        [
          0.4917092579092196,
          3549.663075499601
        ],
        [
          0.5030692406575972,
          3472.6220599342523
        ],
        [
          0.5137906716063604,
          3395.5810443689033
        ],
        [
          0.5242093022666346,
          3318.540028803555
        ],
        [
          0.5354012142818008,
          3241.4990132382063
        ],
        [
          0.546874284066446,
          3164.457997672858
        ],
        [
          0.5578020013675732,
          3087.4169821075093
        ],
        [
          0.5684602595581455,
          3010.3759665421603
        ],
        [
          0.580353896131117,
          2933.334950976812
        ],
        [
          0.5914570933161077,
          2856.2939354114633
        ],
        [
          0.6023023350718191,
          2779.2529198461148
        ],
        [
          0.6128683688345387,
          2702.211904280766
        ],
        [
          0.6243765345959565,
          2625.1708887154173
        ],
        [
          0.6354553595748551,
          2548.1298731500688
        ],
        [
          0.6455680703042607,
          2471.0888575847202
        ],
        [
          0.6569118699077932,
          2394.0478420193717
        ],
        [
          0.6680059031432932,
          2317.0068264540228
        ],
        [
          0.6788392512624315,
          2239.9658108886742
        ],
        [
          0.68921245213055,
          2162.9247953233257
        ],
        [
          0.6999256940180663,
          2085.883779757977
        ],
        [
          0.7102524902057853,
          2008.8427641926285
        ],
        [
          0.7209388251777757,
          1931.8017486272797
        ],
        [
          0.7308331609405956,
          1854.7607330619312
        ],
        [
          0.7408247905501353,
          1777.7197174965827
        ],
        [
          0.7515817074309686,
          1700.678701931234
        ],
        [
          0.7620005330688916,
          1623.6376863658854
        ],
        [
          0.771367649269526,
          1546.5966708005367
        ],
        [
          0.7826289733276426,
          1469.5556552351882
        ],
        [
          0.7937972930473115,
          1392.5146396698394
        ],
        [
          0.8040728101134127,
          1315.473624104491
        ],
        [
          0.8144076003847299,
          1238.4326085391422
        ],
        [
          0.826000971378646,
          1161.3915929737936
        ],
        [
          0.8376639493931614,
          1084.350577408445
        ],
        [
          0.8479215285155787,
          1007.3095618430964
        ],
        [
          0.8592345216506105,
          930.2685462777478
        ],
        [
          0.8705442001656141,
          853.2275307123991
        ],
        [
          0.8812966325605264,
          776.1865151470505
        ],
        [
          0.8921837945107163,
          699.1454995817019
        ],
        [
          0.9053562894817553,
          622.1044840163534
        ],
        [
          0.9176040054648336,
          545.0634684510047
        ],
        [
          0.9308597558918833,
          468.0224528856561
        ],
        [
          0.9429965295928301,
          390.98143732030746
        ],
        [
          0.9560017337412525,
          313.9404217549589
        ],
        [
          0.9649707055831654,
          236.89940618961026
        ],
        [
