{
    "Logitech_C920_bed_mount_for_Original_Prusa_i3_MK2_PC.gcode": {
        "statistics": {
            "averagePrintTime": {
                "_default": 6008.246226045
            },
            "lastPrintTime": {
                "_default": 6008.246226045
            }
        },
        "hash": "03426d0848159b5aad68facb09163f290874c7dc",
        "analysis": {
            "printingArea": {
                "maxZ": 14.899999618530273,
                "maxX": 212.66000366210938,
                "maxY": 140.9709930419922,
                "minX": 37.643001556396484,
                "minY": -3.0,
                "minZ": 0.0
            },
            "dimensions": {
                "width": 175.0170021057129,
                "depth": 143.9709930419922,
                "height": 14.899999618530273
            },
            "compensatedPrintTime": 5871.149500128691,
            "analysisPending": false,
            "analysisPrintTime": 5486.411672360357,
            "analysisLastFilamentPrintTime": 5479.692118994459,
            "firstFilament": 0.01197284031050678,
            "filament": {
                "tool0": {
                    "volume": 74.27247564974098,
                    "length": 10507.405898069963
                }
            },
            "progress": [
                [
                    0,
                    5871.149500128691
                ],
                [
                    0.01197284031050678,
                    5422.187669346491
                ],
                [
                    0.01345496505628007,
                    5362.931142328819
                ],
                [
                    0.01460188642274322,
                    5303.040680410121
                ],
                [
                    0.01572621442417934,
                    5243.164563377062
                ],
                [
                    0.01707688686434081,
                    5183.882163241284
                ],
                [
                    0.02005058449035325,
                    5124.823315760472
                ],
                [
                    0.02206632343921953,
                    5064.215103224215
                ],
                [
                    0.02287146881109195,
                    5005.047662125179
                ],
                [
                    0.02360308304951274,
                    4945.972404551828
                ],
                [
                    0.02489829904824423,
                    4886.799674542489
                ],
                [
                    0.02575356061163115,
                    4827.0521103143765
                ],
                [
                    0.02649790929215809,
                    4767.976222326012
                ],
                [
                    0.02775081408002077,
                    4708.846542356162
                ],
                [
                    0.02865537025801212,
                    4649.057965537632
                ],
                [
                    0.03000686427508367,
                    4588.896319167874
                ],
                [
                    0.03262440831057908,
                    4529.261265860422
                ],
                [
                    0.03631945046363639,
                    4467.5960205817855
                ],
                [
                    0.04021454659429669,
                    4408.532972936481
                ],
                [
                    0.04207747223788924,
                    4348.955988335606
                ],
                [
                    0.04384755969064343,
                    4289.201143314074
                ],
                [
                    0.04714578019613506,
                    4229.747421376783
                ],
                [
                    0.04972306696303684,
                    4170.083756746685
                ],
                [
                    0.05454695579053568,
                    4110.531604774502
                ],
                [
                    0.05630677353191395,
                    4050.664030139801
                ],
                [
                    0.05802469085087845,
                    3990.8214688521093
                ],
                [
                    0.06549487890572528,
                    3931.770262346032
                ],
                [
                    0.0822427242175815,
                    3872.7248092345885
                ],
                [
                    0.11457218641744404,
                    3813.42866113089
                ],
                [
                    0.13405300732066106,
                    3751.5567746730003
                ],
                [
                    0.17866381196076314,
                    3692.509657077518
                ],
                [
                    0.19864990266367558,
                    3631.409443013914
                ],
                [
                    0.23320830302056858,
                    3572.359455847557
                ],
                [
                    0.2596347351215503,
                    3513.227373055376
                ],
                [
                    0.2808926268812571,
                    3454.1547132568553
                ],
                [
                    0.31151361989662096,
                    3395.1028767811067
                ],
                [
                    0.33118627900834025,
                    3336.0537258957806
                ],
                [
                    0.3683577047277232,
                    3276.6052920489524
                ],
                [
                    0.39073787054659104,
                    3215.8345240600725
                ],
                [
                    0.43947134812144384,
                    3156.783722546985
                ],
                [
                    0.4651189253116755,
                    3097.4819524179284
                ],
                [
                    0.497604076335997,
                    3038.4395294058563
                ],
                [
                    0.526313259881619,
                    2979.119398138277
                ],
                [
                    0.5521009159350182,
                    2920.0682713579977
                ],
                [
                    0.5813576804912044,
                    2861.019472760497
                ],
                [
                    0.5901078853719464,
                    2801.791046505696
                ],
                [
                    0.5923700973938348,
                    2742.407496242534
                ],
                [
                    0.5944774421681743,
                    2682.8414604429922
                ],
                [
                    0.5969372434369355,
                    2623.494032623021
                ],
                [
                    0.5985163142580976,
                    2563.725895357672
                ],
                [
                    0.6000247294649932,
                    2503.794408075039
                ],
                [
                    0.6015610782868314,
                    2443.8506295180428
                ],
                [
                    0.6042238090523808,
                    2384.7438155324903
                ],
                [
                    0.622138293576542,
                    2325.6372932777176
                ],
                [
                    0.6300944443736975,
                    2266.290813677339
                ],
                [
                    0.6334205984941317,
                    2206.84294453198
                ],
                [
                    0.6368543791897855,
                    2147.631793258745
                ],
                [
                    0.6521603570244621,
                    2088.427316813093
                ],
