{
  "Cap.stl": {
    "hash": "1a16fd76f43fbd4c6e99d06ca9baa6b5e73d6ed4"
  },
  "Super Lube Cap.3mf": {
    "hash": "60ef9b0c8affaead911daa0076b54a93d9c52ffa"
  },
  "Injector.stl": {
    "hash": "4a9cdda1dfcf25335d0c81800db1e2c9473adda5"
  },
  "Super Lube Cap.gcode": {
    "hash": "ef64674570e442fc61220353d2449160c52e4689",
    "analysis": {
      "analysisPending": false,
      "estimatedPrintTime": 5400.548403556953,
      "printingArea": {
        "maxX": 147.66099548339844,
        "maxY": 117.1240005493164,
        "maxZ": 41.79999923706055,
        "minX": 60.0,
        "minY": -3.0,
        "minZ": 0.0
      },
      "dimensions": {
        "width": 87.66099548339844,
        "depth": 120.1240005493164,
        "height": 41.79999923706055
      },
      "filament": {
        "tool0": {
          "length": 2031.9899649275467,
          "volume": 4.88750863364443
        }
      },
      "firstFilament": 0.006463664699467661,
      "lastFilament": 0.9975057016591914,
      "progress": [
        [
          0,
          5400.548403556953
        ],
        [
          0.006463664699467661,
          5400.313440159982
        ],
        [
          0.007102780882698543,
          5300.428497430815
        ],
        [
          0.011056573600865125,
          5300.428497430815
        ],
        [
          0.025052581624818798,
          5300.428497430815
        ],
        [
          0.029197290983779812,
          5200.543554701649
        ],
        [
          0.03825992209691929,
          5200.543554701649
        ],
        [
          0.051656360956092356,
          5200.543554701649
        ],
        [
          0.054510110172538644,
          5100.658611972482
        ],
        [
          0.06655172272721693,
          5100.658611972482
        ],
        [
          0.08004907466795277,
          5100.658611972482
        ],
        [
          0.08074796594228953,
          5000.7736692433145
        ],
        [
          0.09627494360004236,
          5000.7736692433145
        ],
        [
          0.10897112749458729,
          4900.888726514148
        ],
        [
          0.11029731630296288,
          4900.888726514148
        ],
        [
          0.12534132031584885,
          4900.888726514148
        ],
        [
          0.13644971414778675,
          4801.003783784981
        ],
        [
          0.13990098699357656,
          4801.003783784981
        ],
        [
          0.15491908089092615,
          4801.003783784981
        ],
        [
          0.16227005340665746,
          4701.118841055814
        ],
        [
          0.16805800956674197,
          4701.118841055814
        ],
        [
          0.18314701535924374,
          4701.118841055814
        ],
        [
          0.1890811136622221,
          4601.233898326648
        ],
        [
          0.19742030707577982,
          4601.233898326648
        ],
        [
          0.21195929111742146,
          4601.233898326648
        ],
        [
          0.21480599460069558,
          4501.348955597481
        ],
        [
          0.225141176037416,
          4501.348955597481
        ],
        [
          0.24005653859948098,
          4501.348955597481
        ],
        [
          0.24112544450621456,
          4401.464012868314
        ],
        [
          0.2548916707160692,
          4401.464012868314
        ],
        [
          0.26862448651378484,
          4301.579070139148
        ],
        [
          0.2694308820394261,
          4301.579070139148
        ],
        [
          0.283684400246737,
          4301.579070139148
        ],
        [
          0.2945123284420793,
          4201.694127409981
        ],
        [
          0.29792996359401486,
          4201.694127409981
        ],
        [
          0.3120516584064915,
          4201.694127409981
        ],
        [
          0.3213297525856704,
          4101.809184680815
        ],
        [
          0.3266067794499146,
          4101.809184680815
        ],
        [
          0.33880407997952644,
          4101.809184680815
        ],
        [
          0.3446290830591937,
          4001.924241951647
        ],
        [
          0.35254735073614274,
          4001.924241951647
        ],
        [
          0.3652410345318201,
          4001.924241951647
        ],
        [
          0.3701266822824357,
          3902.0392992224806
        ],
        [
          0.3776285698570807,
          3902.0392992224806
        ],
        [
          0.39064112989922783,
          3902.0392992224806
        ],
        [
          0.3940517193179912,
          3802.154356493314
        ],
        [
          0.4083006918909975,
          3802.154356493314
        ],
        [
          0.4215687165810648,
          3702.269413764147
        ],
        [
          0.4216171275864091,
          3702.269413764147
        ],
        [
          0.4348149222264699,
          3702.269413764147
        ],
        [
          0.4437052737994639,
          3602.3844710349804
        ],
        [
          0.44560466709365326,
          3602.3844710349804
        ],
        [
          0.4580647052860727,
          3602.3844710349804
        ],
        [
          0.4662213914822995,
          3502.499528305814
        ],
        [
          0.4696960743447582,
          3502.499528305814
        ],
        [
          0.4840968711035391,
          3502.499528305814
        ],
        [
          0.49160148605876686,
          3402.6145855766467
        ],
        [
          0.4985201687521279,
          3402.6145855766467
        ],
        [
          0.510800199826084,
          3402.6145855766467
        ],
        [
          0.5161854127867784,
          3302.72964284748
        ],
        [
          0.5234136531762847,
          3302.72964284748
        ],
        [
          0.5329160744083971,
          3302.72964284748
        ],
        [
          0.5355984532115589,
          3202.8447001183135
        ],
        [
          0.5455402099992136,
          3202.8447001183135
        ],
        [
          0.55404009158544,
          3202.8447001183135
        ],
        [
          0.5546787532052404,
          3102.9597573891465
        ],
        [
          0.5638922993772936,
          3102.9597573891465
        ],
        [
          0.571646924219276,
          3003.07481465998
        ],
        [
          0.5726303722010825,
          3003.07481465998
        ],
        [
          0.5811543456491234,
          3003.07481465998
        ],
        [
          0.5874800503474455,
          2903.1898719308133
        ],
        [
          0.5900212872054486,
          2903.1898719308133
        ],
        [
          0.5986227637183834,
          2903.1898719308133
        ],
        [
          0.6035681865601049,
          2803.3049292016462
        ],
        [
          0.6072826516321327,
          2803.3049292016462
        ],
        [
          0.6159793591837496,
          2803.3049292016462
        ],
        [
          0.6195485912397445,
          2703.4199864724796
        ],
        [
          0.6246815214965319,
          2703.4199864724796
        ],
        [
          0.6332652700356787,
          2703.4199864724796
        ],
        [
          0.6354901307460795,
          2603.535043743313
        ],
        [
          0.6418601553788718,
          2603.535043743313
        ],
        [
          0.6499891132058404,
          2603.535043743313
        ],
        [
          0.6508691480072166,
          2503.650101014146
        ],
        [
          0.6581471630923587,
          2503.650101014146
        ],
        [
          0.6659195159081291,
          2403.7651582849794
        ],
        [
          0.6662736208204597,
          2403.7651582849794
        ],
        [
          0.6731509382416486,
          2403.7651582849794
        ],
        [
          0.6784866037884225,
          2303.880215555813
        ],
