{
  "Articulated_Slug-round_tail.stl": {},
  "Articulated_Slug-round_tail_PET.gcode": {
    "analysis": {
      "analysisPending": false,
      "estimatedPrintTime": 2761.0083012984687,
      "printingArea": {
        "maxX": 143.0330047607422,
        "maxY": 162.60000610351562,
        "maxZ": 8.199999809265137,
        "minX": 60.0,
        "minY": -3.0,
        "minZ": 0.0
      },
      "dimensions": {
        "width": 83.03300476074219,
        "depth": 165.60000610351562,
        "height": 8.199999809265137
      },
      "filament": {
        "tool0": {
          "length": 1980.6152195516042,
          "volume": 4.763937889738146
        }
      },
      "firstFilament": 0.020632783703164046,
      "lastFilament": 0.9944875651799565,
      "progress": [
        [
          0,
          2761.0083012984687
        ],
        [
          0.020632783703164046,
          2760.7023574548766
        ],
        [
          0.02107602014433205,
          2760.7023574548766
        ],
        [
          0.02916508519564813,
          2695.1678437449364
        ],
        [
          0.03875835207747977,
          2629.633330034996
        ],
        [
          0.051779696204724286,
          2564.098816325056
        ],
        [
          0.0715858694184687,
          2498.5643026151156
        ],
        [
          0.09528755600954741,
          2433.029788905175
        ],
        [
          0.11759584988040259,
          2367.4952751952346
        ],
        [
          0.14122175322938504,
          2301.9607614852944
        ],
        [
          0.16604681493859647,
          2236.426247775354
        ],
        [
          0.19110304737789982,
          2170.891734065414
        ],
        [
          0.21650635432932466,
          2105.3572203554736
        ],
        [
          0.24074425512078193,
          2039.8227066455333
        ],
        [
          0.26542029768166964,
          1974.288192935593
        ],
        [
          0.29181706562191934,
          1908.7536792256526
        ],
        [
          0.3180775510931892,
          1843.2191655157123
        ],
        [
          0.34328216584684906,
          1777.684651805772
        ],
        [
          0.3686453522583406,
          1712.1501380958318
        ],
        [
          0.39442120708057476,
          1646.6156243858914
        ],
        [
          0.4186769392231135,
          1581.081110675951
        ],
        [
          0.4417201394921122,
          1515.5465969660108
        ],
        [
          0.4641583474922752,
          1450.0120832560704
        ],
        [
          0.48839752195166686,
          1384.47756954613
        ],
        [
          0.5146898491212964,
          1318.9430558361898
        ],
        [
          0.5395785942272274,
          1253.4085421262496
        ],
        [
          0.565691334218108,
          1187.874028416309
        ],
        [
          0.5902247259703439,
          1122.3395147063688
        ],
        [
          0.6155866387139011,
          1056.8050009964286
        ],
        [
          0.6396818886967065,
          991.2704872864882
        ],
        [
          0.663483558220635,
          925.7359735765478
        ],
        [
          0.6864624382589469,
          860.2014598666076
        ],
        [
          0.7106557606727004,
          794.6669461566672
        ],
        [
          0.7347548316593091,
          729.1324324467269
        ],
        [
          0.7592181716751535,
          663.5979187367866
        ],
        [
          0.7838050574806339,
          598.0634050268462
        ],
        [
          0.807530943762466,
          532.528891316906
        ],
        [
          0.83238721033607,
          466.99437760696554
        ],
        [
          0.8573154391479672,
          401.45986389702523
        ],
        [
          0.8824207078027445,
          335.9253501870849
        ],
        [
          0.9053543726293856,
          270.3908364771446
        ],
        [
          0.9277543705915169,
          204.85632276720426
        ],
        [
          0.9503600659250523,
          139.32180905726395
        ],
        [
          0.9708425568119582,
          73.78729534732364
        ],
        [
          0.9889171784688983,
          8.252781637383304
        ],
        [
          1,
          0
        ]
      ],
      "analysisPrintTime": 2548.0,
      "analysisFirstFilamentPrintTime": 28.0,
      "analysisLastFilamentPrintTime": 2548.0,
      "compensatedPrintTime": 2761.0083012984687
    }
  }
}