{
    "Articulated_Slug-round_tail.stl": {},
    "Articulated_Slug-round_tail_PET.gcode": {
        "hash": "3f23d88e8445beb08e16cf145c95aac2234d952f",
        "thumbnail": "/plugin/prusaslicerthumbnails/thumbnail/Kids/Articulated_Slug_1/Articulated_Slug-round_tail_PET.png?20200423003713",
        "analysis": {
            "lastFilament": 0.9944875651799565,
            "printingArea": {
                "maxZ": 8.199999809265137,
                "maxX": 143.0330047607422,
                "maxY": 162.60000610351562,
                "minX": 60.0,
                "minY": -3.0,
                "minZ": 0.0
            },
            "dimensions": {
                "width": 83.03300476074219,
                "depth": 165.60000610351562,
                "height": 8.199999809265137
            },
            "compensatedPrintTime": 2858.2117772818115,
            "analysisPending": false,
            "analysisPrintTime": 2508.617555067296,
            "analysisLastFilamentPrintTime": 2502.458230533561,
            "firstFilament": 0.02109830933318389,
            "progress": [
                [
                    0,
                    2858.2117772818115
                ],
                [
                    0.02109830933318389,
                    2555.97690349701
                ],
                [
                    0.02966691036179811,
                    2494.8688707551887
                ],
                [
                    0.03934933399903711,
                    2434.0165898084188
                ],
                [
                    0.05322849348009384,
                    2373.072930750999
                ],
                [
                    0.07354349703362738,
                    2312.2046535829713
                ],
                [
                    0.09746680184529011,
                    2251.3584551120107
                ],
                [
                    0.11993494104191131,
                    2190.079725663889
                ],
                [
                    0.14440019155965733,
                    2129.2202956162578
                ],
                [
                    0.16914755952487093,
                    2068.374391506789
                ],
                [
                    0.19467695960180045,
                    2007.3714842390266
                ],
                [
                    0.2200668930399142,
                    1946.5299680133771
                ],
                [
                    0.24471937274401567,
                    1885.6103611366461
                ],
                [
                    0.2707735240099142,
                    1824.748503822886
                ],
                [
                    0.29727728005665277,
                    1763.9055744740574
                ],
                [
                    0.3239179554063383,
                    1703.0123370693484
                ],
                [
                    0.3501032944694791,
                    1642.145192653259
                ],
                [
                    0.3771814747546279,
                    1581.2973996652024
                ],
                [
                    0.40302356030945036,
                    1520.4227729412837
                ],
                [
                    0.42663035863941695,
                    1459.5686757053522
                ],
                [
                    0.45078037634340123,
                    1398.7137563357085
                ],
                [
                    0.4736987571548296,
                    1337.4319142047605
                ],
                [
                    0.49899443916579844,
                    1276.5801947306927
                ],
                [
                    0.5245410337598423,
                    1215.73750250054
                ],
                [
                    0.5494380577073468,
                    1154.8836416970414
                ],
                [
                    0.5758112627908102,
                    1094.0364293622588
                ],
                [
                    0.6007891646521486,
                    1033.1541938566995
                ],
                [
                    0.6265713878140546,
                    972.2569745947285
                ],
                [
                    0.6507557945522675,
                    911.3281529150311
                ],
                [
                    0.6759272939396332,
                    850.4569897108107
                ],
                [
                    0.6992067596104614,
                    789.539473323729
                ],
                [
                    0.7237643510534507,
                    728.6806719555971
                ],
                [
                    0.748462045969223,
                    667.810624460935
                ],
                [
                    0.773797211686158,
                    606.96929804908
                ],
                [
                    0.7993336169367268,
                    546.1188105643312
                ],
                [
                    0.8228105011373855,
                    485.2496929923069
                ],
                [
                    0.8485080253816546,
                    424.2727876696308
                ],
                [
                    0.8738769432988509,
                    363.40239967811885
                ],
                [
                    0.8977881482651369,
                    302.54198971671394
                ],
                [
                    0.921712726744734,
                    241.5979909469208
                ],
                [
                    0.9450195762761516,
                    180.73098797405456
                ],
                [
                    0.9663808980377872,
                    119.87799216350379
                ],
                [
                    0.9852719408406718,
                    59.021442988690595
                ],
                [
                    0.9944875651799565,
                    27.973081241403634
                ],
                [
                    1,
                    0
                ]
            ],
            "analysisFirstFilamentPrintTime": 9.275442806155752,
            "estimatedPrintTime": 2858.2117772818115,
            "filament": {
                "tool0": {
                    "volume": 14.000144002495773,
                    "length": 1980.6152195516042
                }
            }
        }
    }
}