{
  "Left_PETG.gcode": {
    "analysis": {
      "analysisPending": false,
      "estimatedPrintTime": 4320.882372714988,
      "printingArea": {
        "maxX": 187.73399353027344,
        "maxY": 129.03799438476562,
        "maxZ": 9.0,
        "minX": 60.0,
        "minY": -3.0,
        "minZ": 0.0
      },
      "dimensions": {
        "width": 127.73399353027344,
        "depth": 132.03799438476562,
        "height": 9.0
      },
      "filament": {
        "tool0": {
          "length": 3985.495306554716,
          "volume": 9.586239625366499
        }
      },
      "firstFilament": 0.012103866678591658,
      "lastFilament": 0.9955134661992461,
      "progress": [
        [
          0,
          4320.882372714988
        ],
        [
          0.012103866678591658,
          4320.511374997006
        ],
        [
          0.012444022182439668,
          4320.511374997006
        ],
        [
          0.029459617041595252,
          4243.470359431658
        ],
        [
          0.031125694789609422,
          4166.429343866309
        ],
        [
          0.03327952425147462,
          4089.3883283009604
        ],
        [
          0.035803321696691745,
          4012.347312735612
        ],
        [
          0.040694034522851266,
          3935.306297170263
        ],
        [
          0.06343802400930931,
          3858.2652816049144
        ],
        [
          0.08428867668268232,
          3781.224266039566
        ],
        [
          0.09706601216055927,
          3704.1832504742174
        ],
        [
          0.12335084449957309,
          3627.142234908869
        ],
        [
          0.13925897905453385,
          3550.10121934352
        ],
        [
          0.16532534945357635,
          3473.0602037781714
        ],
        [
          0.1834845705756692,
          3396.019188212823
        ],
        [
          0.18602742845860196,
          3318.9781726474744
        ],
        [
          0.18986150881447497,
          3241.9371570821254
        ],
        [
          0.2081658825007099,
          3164.896141516777
        ],
        [
          0.23052475339947795,
          3087.8551259514284
        ],
        [
          0.23901886641223427,
          3010.81411038608
        ],
        [
          0.2600811388171679,
          2933.7730948207313
        ],
        [
          0.28152071014303637,
          2856.7320792553824
        ],
        [
          0.28967662256863347,
          2779.691063690034
        ],
        [
          0.30928443695711355,
          2702.6500481246853
        ],
        [
          0.33021230883969344,
          2625.609032559337
        ],
        [
          0.3513527779121783,
          2548.568016993988
        ],
        [
          0.3716873325797129,
          2471.5270014286393
        ],
        [
          0.39184643347442943,
          2394.485985863291
        ],
        [
          0.4118950815762298,
          2317.4449702979423
        ],
        [
          0.43179173490547734,
          2240.403954732594
        ],
        [
          0.45186335327837085,
          2163.362939167245
        ],
        [
          0.4725576126166413,
          2086.3219236018963
        ],
        [
          0.4928291212209628,
          2009.2809080365478
        ],
        [
          0.5134241685372776,
          1932.239892471199
        ],
        [
          0.5340700436875007,
          1855.1988769058505
        ],
        [
          0.5540947440598635,
          1778.1578613405018
        ],
        [
          0.5758011615137506,
          1701.1168457751533
        ],
        [
          0.5957408230101514,
          1624.0758302098045
        ],
        [
          0.6179325485320286,
          1547.034814644456
        ],
        [
          0.6387064707253669,
          1469.9937990791075
        ],
        [
          0.6613336539396703,
          1392.9527835137587
        ],
        [
          0.6824609273245059,
          1315.9117679484102
        ],
        [
          0.7036253441264284,
          1238.8707523830615
        ],
        [
          0.7247413767403035,
          1161.829736817713
        ],
        [
          0.7469648696583734,
          1084.7887212523642
        ],
        [
          0.7676659712050546,
          1007.7477056870157
        ],
        [
          0.7895717901611975,
          930.7066901216671
        ],
        [
          0.808905427484076,
          853.6656745563184
        ],
        [
          0.8260055724900214,
          699.5836434256212
        ],
        [
          0.8461456129470223,
          622.5426278602725
        ],
        [
          0.8640252809826193,
          545.5016122949239
        ],
        [
          0.88177885689179,
          468.46059672957534
        ],
        [
          0.900813880690457,
          391.4195811642267
        ],
        [
          0.9102790985683656,
          314.3785655988781
        ],
        [
          0.9297534898928363,
          237.33755003352948
        ],
        [
          0.9492097982379358,
          160.29653446818085
        ],
        [
          0.9688068605846276,
          83.25551890283224
        ],
        [
          0.9886038131627473,
          6.21450333748362
        ],
        [
          1,
          0
        ]
      ],
      "analysisPrintTime": 3341.0,
      "analysisFirstFilamentPrintTime": -19.0,
      "analysisLastFilamentPrintTime": 3341.0,
      "compensatedPrintTime": 4320.882372714988
    }
  },
  "Washer.stl": {},
  "Insert with Washer.3mf": {},
  "Insert 1.stl": {},
  "Right_PETG.gcode": {
    "analysis": {
      "analysisPending": false,
      "estimatedPrintTime": 4320.882372714988,
      "printingArea": {
        "maxX": 187.73399353027344,
        "maxY": 129.03799438476562,
        "maxZ": 9.0,
        "minX": 60.0,
        "minY": -3.0,
        "minZ": 0.0
      },
      "dimensions": {
        "width": 127.73399353027344,
        "depth": 132.03799438476562,
        "height": 9.0
      },
      "filament": {
        "tool0": {
          "length": 3985.9096288341098,
          "volume": 9.587236187235701
        }
      },
      "firstFilament": 0.012209729771143077,
      "lastFilament": 0.9950740682352052,