{
  "End-caps.3mf": {
    "hash": "ba09d8d25f436b35a1f8264f20e5dde6aa1b2d06"
  },
  "End-caps.gcode": {
    "hash": "66b187b4aadc10317b6574fb4b20a9480907d46d",
    "analysis": {
      "analysisPending": false,
      "estimatedPrintTime": 1652.3525032612401,
      "printingArea": {
        "maxX": 149.42599487304688,
        "maxY": 126.97699737548828,
        "maxZ": 7.400000095367432,
        "minX": 60.0,
        "minY": -3.0,
        "minZ": 0.0
      },
      "dimensions": {
        "width": 89.42599487304688,
        "depth": 129.97699737548828,
        "height": 7.400000095367432
      },
      "filament": {
        "tool0": {
          "length": 1705.1084508473286,
          "volume": 4.10126645242244
        }
      },
      "firstFilament": 0.02308736591950491,
      "lastFilament": 0.9896975053258823,
      "progress": [
        [
          0,
          1652.3525032612401
        ],
        [
          0.02308736591950491,
          1651.917385382525
        ],
        [
          0.024776850110622136,
          1651.917385382525
        ],
        [
          0.02914094890926476,
          1588.6566197985185
        ],
        [
          0.0365665744574305,
          1588.6566197985185
        ],
        [
          0.03971590421174611,
          1588.6566197985185
        ],
        [
          0.04721196513738276,
          1588.6566197985185
        ],
        [
          0.056726530305062375,
          1588.6566197985185
        ],
        [
          0.061055893849061814,
          1525.395854214512
        ],
        [
          0.07857886494836508,
          1525.395854214512
        ],
        [
          0.08465367503818466,
          1525.395854214512
        ],
        [
          0.08737170871401403,
          1525.395854214512
        ],
        [
          0.09750475438797929,
          1462.1350886305056
        ],
        [
          0.09773149841134453,
          1462.1350886305056
        ],
        [
          0.11636406792286072,
          1462.1350886305056
        ],
        [
          0.1346541092288677,
          1462.1350886305056
        ],
        [
          0.14476496293458868,
          1462.1350886305056
        ],
        [
          0.16620529886309582,
          1398.874323046499
        ],
        [
          0.17498656421053038,
          1398.874323046499
        ],
        [
          0.2020926061186151,
          1398.874323046499
        ],
        [
          0.21191592910534526,
          1398.874323046499
        ],
        [
          0.2346848885239543,
          1398.874323046499
        ],
        [
          0.24916370050105605,
          1335.6135574624927
        ],
        [
          0.25245583074668254,
          1335.6135574624927
        ],
        [
          0.2710063864625134,
          1335.6135574624927
        ],
        [
          0.2807177847398378,
          1335.6135574624927
        ],
        [
          0.30348288468570866,
          1335.6135574624927
        ],
        [
          0.3076009420972954,
          1272.3527918784862
        ],
        [
          0.3118019781727519,
          1272.3527918784862
        ],
        [
          0.3130678852308592,
          1272.3527918784862
        ],
        [
          0.31435694912539525,
          1272.3527918784862
        ],
        [
          0.31560934802891905,
          1272.3527918784862
        ],
        [
          0.31578302430213495,
          1209.0920262944796
        ],
        [
          0.32111199128531054,
          1209.0920262944796
        ],
        [
          0.32428447787605497,
          1209.0920262944796
        ],
        [
          0.3255793309796982,
          1209.0920262944796
        ],
        [
          0.3267950648922098,
          1145.8312607104733
        ],
        [
          0.326860675928758,
          1145.8312607104733
        ],
        [
          0.3311707421090668,
          1145.8312607104733
        ],
        [
          0.33489513330136406,
          1145.8312607104733
        ],
        [
          0.3383937453384806,
          1145.8312607104733
        ],
        [
          0.3415160587836293,
          1082.5704951264668
        ],
        [
          0.3423497048950658,
          1082.5704951264668
        ],
        [
          0.3459911174234932,
          1082.5704951264668
        ],
        [
          0.34971840322034403,
          1082.5704951264668
        ],
        [
          0.35357787595847595,
          1082.5704951264668
        ],
        [
          0.3555606800776912,
          1019.3097295424603
        ],
        [
          0.35694044158157334,
          1019.3097295424603
        ],
        [
          0.3615631250536708,
          1019.3097295424603
        ],
        [
          0.36448860538917477,
          1019.3097295424603
        ],
        [
          0.3689636640290387,
          1019.3097295424603
        ],
        [
          0.369793450667737,
          956.0489639584539
        ],
        [
          0.37205606656046686,
          956.0489639584539
        ],
        [
          0.37649349534113397,
          956.0489639584539
        ],
        [
          0.3799853533009588,
          956.0489639584539
        ],
        [
          0.38385929906185867,
          956.0489639584539
        ],
        [
          0.38414490004448043,
          892.7881983744475
        ],
        [
          0.38735887596715973,
          892.7881983744475
        ],
        [
          0.3917393775249394,
          892.7881983744475
        ],
        [
          0.396043654496141,
          892.7881983744475
        ],
        [
          0.3999918951072499,
          829.527432790441
        ],
        [
          0.4005862539089222,
          829.527432790441
        ],
        [
          0.4052002535673589,
          829.527432790441
        ],
        [
          0.4108978001970261,
          829.527432790441
        ],
        [
          0.4142642252928616,
          829.527432790441
        ],
        [
          0.41660210090398503,
          766.2666672064345
        ],
        [
          0.41821343077215506,
          766.2666672064345
        ],
        [
          0.4235356436780389,
          766.2666672064345
        ],
        [
          0.4269271553466723,
          766.2666672064345
        ],
        [
          0.44028189588879313,
          766.2666672064345
        ],
        [
          0.44523070480726273,
          703.005901622428
        ],
        [
          0.4525019514459032,
          703.005901622428
        ],
        [
          0.4643679003792897,
          703.005901622428
        ],
        [
          0.4777129922395652,
          703.005901622428
        ],
        [
          0.49115843039103213,
          703.005901622428
        ],
        [
          0.49452967982779034,
          639.7451360384216
        ],
        [
          0.5034981296030243,
          639.7451360384216
        ],
        [
          0.5168876053997883,
          639.7451360384216
        ],
        [
          0.5304449682606611,
          639.7451360384216
        ],
        [
          0.5447587877782076,
          639.7451360384216
        ],
        [
          0.5458577726403907,
          576.4843704544152
        ],
        [
          0.5560709023736722,
          576.4843704544152
        ],
        [
          0.5682456091261092,
          576.4843704544152
        ],
        [
          0.5810986182122729,
          576.4843704544152
        ],
        [
          0.5920112773793408,
          513.2236048704087
        ],
        [
          0.5936602371067077,
          513.2236048704087
        ],
        [
          0.6063222022923338,
          513.2236048704087
        ],
        [
          0.6188172452820357,
          513.2236048704087
        ],
        [
          0.631716568041057,
          513.2236048704087
        ],
        [
          0.6404360818246815,
          449.96283928640224
