{
  "PerfectHinge40mm.STL": {},
  "PerfectHinge40mm_PET.gcode": {
    "analysis": {
      "analysisPending": false,
      "estimatedPrintTime": 4858.112740016559,
      "printingArea": {
        "maxX": 147.75399780273438,
        "maxY": 112.25399780273438,
        "maxZ": 40.0,
        "minX": 60.0,
        "minY": -3.0,
        "minZ": 0.0
      },
      "dimensions": {
        "width": 87.75399780273438,
        "depth": 115.25399780273438,
        "height": 40.0
      },
      "filament": {
        "tool0": {
          "length": 2331.8278204405215,
          "volume": 5.6087031930699975
        }
      },
      "firstFilament": 0.008872833431257344,
      "lastFilament": 0.9968892648919823,
      "progress": [
        [
          0,
          4858.112740016559
        ],
        [
          0.008872833431257344,
          4857.806796172967
        ],
        [
          0.009118585035704601,
          4857.806796172967
        ],
        [
          0.016170526190906625,
          4792.272282463026
        ],
        [
          0.027629400931031365,
          4726.737768753086
        ],
        [
          0.03897599261050348,
          4661.203255043146
        ],
        [
          0.05159618491819579,
          4595.668741333206
        ],
        [
          0.06437420907529603,
          4530.134227623265
        ],
        [
          0.07738527354695833,
          4464.599713913325
        ],
        [
          0.08962024315285184,
          4399.065200203385
        ],
        [
          0.10100779343306517,
          4333.530686493445
        ],
        [
          0.11179120435234566,
          4267.996172783504
        ],
        [
          0.12222293625146886,
          4202.461659073564
        ],
        [
          0.13251413777908344,
          4136.927145363624
        ],
        [
          0.14328695595679292,
          4071.392631653683
        ],
        [
          0.1545113780168128,
          4005.858117943743
        ],
        [
          0.1657245011524903,
          3940.3236042338026
        ],
        [
          0.17769323985356594,
          3874.7890905238623
        ],
        [
          0.18998152625870018,
          3809.2545768139216
        ],
        [
          0.20207031603091385,
          3743.7200631039814
        ],
        [
          0.217446739695381,
          3678.185549394041
        ],
        [
          0.2313758417698635,
          3612.651035684101
        ],
        [
          0.2452643383349905,
          3547.1165219741606
        ],
        [
          0.2570893688420862,
          3481.5820082642203
        ],
        [
          0.2705068414986893,
          3416.04749455428
        ],
        [
          0.2839550331058483,
          3350.5129808443394
        ],
        [
          0.2980684488836663,
          3284.978467134399
        ],
        [
          0.3133410636807376,
          3219.443953424459
        ],
        [
          0.3286616989062641,
          3153.9094397145186
        ],
        [
          0.34344210431166955,
          3088.3749260045784
        ],
        [
          0.3592076346831782,
          3022.840412294638
        ],
        [
          0.37475424839555277,
          2957.305898584698
        ],
        [
          0.3891031761276326,
          2891.771384874757
        ],
        [
          0.40468615825273435,
          2826.236871164817
        ],
        [
          0.42033163755310493,
          2760.7023574548766
        ],
        [
          0.4364647360571274,
          2695.1678437449364
        ],
        [
          0.4526334967911055,
          2629.633330034996
        ],
        [
          0.46854556008767967,
          2564.098816325056
        ],
        [
          0.4847471583205279,
          2498.5643026151156
        ],
        [
          0.5014907518304258,
          2433.029788905175
        ],
        [
          0.5166983978125282,
          2367.4952751952346
        ],
        [
          0.5321987565533761,
          2301.9607614852944
        ],
        [
          0.5479381581623429,
          2236.426247775354
        ],
        [
          0.5628375553647292,
          2170.891734065414
        ],
        [
          0.5784509033490012,
          2105.3572203554736
        ],
        [
          0.5936391293048902,
          2039.8227066455333
        ],
        [
          0.6087793348323239,
          1974.288192935593
        ],
        [
          0.6230036213052518,
          1908.7536792256526
        ],
        [
          0.6373341882852752,
          1843.2191655157123
        ],
        [
          0.6510348402332098,
          1777.684651805772
        ],
        [
          0.6660062680782789,
          1712.1501380958318
        ],
        [
          0.6806733311488746,
          1646.6156243858914
        ],
        [
          0.6948054607701347,
          1581.081110675951
        ],
        [
          0.7091731023456567,
          1515.5465969660108
        ],
        [
          0.7228444477085781,
          1450.0120832560704
        ],
        [
          0.7360790190273886,
          1384.47756954613
        ],
        [
          0.7495840583476453,
          1318.9430558361898
        ],
        [
          0.7621120938036698,
          1253.4085421262496
        ],
        [
          0.7764338334990509,
          1187.874028416309
        ],
        [
          0.7925397439663744,
          1122.3395147063688
        ],
        [
          0.8078730904817861,
          1056.8050009964286
        ],
        [
          0.8207446838560969,
          991.2704872864882
        ],
        [
          0.833338041218476,
          925.7359735765478
        ],
        [
          0.8454056455075477,
          860.2014598666076
        ],
        [
          0.8575000847419326,
          794.6669461566672
        ],
        [
          0.8690980774880231,
          729.1324324467269
        ],
        [
          0.8798087515818495,
          663.5979187367866
        ],
        [
          0.8902072928907168,
          598.0634050268462
        ],
        [
          0.9006986972340233,
          532.528891316906
        ],
        [
          0.9117695245412637,
          466.99437760696554
        ],
        [
          0.9234660297839645,
          401.45986389702523
        ],
        [
          0.9356494480475459,
          335.9253501870849
        ],
        [
          0.9482074962713549,
          270.3908364771446
        ],
        [
          0.9603139406128537,
          204.85632276720426
        ],
        [
          0.9726580154569285,
          139.32180905726395
        ],
        [
          0.9840490966509988,
          73.78729534732364
        ],
        [
          0.995777027027027,
          8.252781637383304
        ],
        [
          1,
          0
        ]
      ],
      "analysisPrintTime": 4463.0,
      "analysisFirstFilamentPrintTime": 23.0,
      "analysisLastFilamentPrintTime": 4463.0,
      "compensatedPrintTime": 4858.112740016559
    }
  }
}