{
    "PerfectHinge40mm_PET.gcode": {
        "hash": "1d4677d1359cba8193e1b7b85eb36ac48d39137d",
        "thumbnail": "/plugin/prusaslicerthumbnails/thumbnail/Hinge/PerfectHinge40mm_PET.png?20200423003333",
        "analysis": {
            "lastFilament": 0.9968892648919823,
            "printingArea": {
                "maxZ": 40.0,
                "maxX": 147.75399780273438,
                "maxY": 112.25399780273438,
                "minX": 60.0,
                "minY": -3.0,
                "minZ": 0.0
            },
            "dimensions": {
                "width": 87.75399780273438,
                "depth": 115.25399780273438,
                "height": 40.0
            },
            "compensatedPrintTime": 4788.956043382308,
            "analysisPending": false,
            "analysisPrintTime": 4412.167338051844,
            "analysisLastFilamentPrintTime": 4406.60818844388,
            "firstFilament": 0.0091309432342041,
            "progress": [
                [
                    0,
                    4788.956043382308
                ],
                [
                    0.0091309432342041,
                    4486.721169597507
                ],
                [
                    0.01747131485582572,
                    4425.799837859067
                ],
                [
                    0.02852166286269547,
                    4364.861737305042
                ],
                [
                    0.04005821770767423,
                    4304.010139904007
                ],
                [
                    0.05308375892615023,
                    4243.1590652245
                ],
                [
                    0.06589320821657778,
                    4182.316899026868
                ],
                [
                    0.07896253276688059,
                    4121.396707860321
                ],
                [
                    0.09105873745819398,
                    4060.5399382704145
                ],
                [
                    0.10257163518033083,
                    3999.647403359264
                ],
                [
                    0.11355277727560337,
                    3938.4822508232833
                ],
                [
                    0.1241349261050348,
                    3877.567392478764
                ],
                [
                    0.13452605249480248,
                    3816.564980965869
                ],
                [
                    0.14557357577058663,
                    3755.702792336502
                ],
                [
                    0.15680541274970622,
                    3694.829910128701
                ],
                [
                    0.16834797014824188,
                    3633.9547096518436
                ],
                [
                    0.1814116452363735,
                    3573.084998863408
                ],
                [
                    0.19259934579228058,
                    3512.027391320659
                ],
                [
                    0.20595891146162884,
                    3451.1127176085943
                ],
                [
                    0.22105745220555004,
                    3390.256999283562
                ],
                [
                    0.23555503141100967,
                    3328.8036230026887
                ],
                [
                    0.24932029908252734,
                    3267.333739887325
                ],
                [
                    0.2617533529557986,
                    3206.4379012032127
                ],
                [
                    0.27534136875169485,
                    3145.2665646412743
                ],
                [
                    0.2892577595362921,
                    3084.1828834331964
                ],
                [
                    0.30395554155744375,
                    3023.311756944519
                ],
                [
                    0.3193916376660942,
                    2962.0631432536607
                ],
                [
                    0.3346303556901383,
                    2900.9314969856664
                ],
                [
                    0.35087291252372776,
                    2840.057602551943
                ],
                [
                    0.36612222328934285,
                    2779.212858482995
                ],
                [
                    0.3810611667269276,
                    2718.3535323364604
                ],
                [
                    0.39614558381542075,
                    2657.512037465936
                ],
                [
                    0.4118585035704601,
                    2596.6639082154097
                ],
                [
                    0.42774267264756394,
                    2535.8084595818495
                ],
                [
                    0.44429948081442644,
                    2474.625808184303
                ],
                [
                    0.4609431494621712,
                    2413.7036800935025
                ],
                [
                    0.47713980441561965,
                    2352.860378900629
                ],
                [
                    0.4945002485763355,
                    2291.367899440661
                ],
                [
                    0.5100874677980656,
                    2230.520583590084
                ],
                [
                    0.5256828081216668,
                    2169.6469677983227
                ],
                [
                    0.5418851125372864,
                    2108.793934229657
                ],
                [
                    0.5571732633553286,
                    2047.3219054671938
                ],
                [
                    0.5728335724938985,
                    1986.4801841901754
                ],
                [
                    0.588455747762813,
                    1925.5575064884586
                ],
                [
                    0.6042106853927506,
                    1864.7059613092524
                ],
                [
                    0.6187312155382808,
                    1803.8225873392755
                ],
                [
                    0.6334134615384616,
                    1742.581091770529
                ],
                [
                    0.6473697516496429,
                    1681.7219818561066
                ],
                [
                    0.6618994621712013,
                    1620.8140306332662
                ],
                [
                    0.6765961849181958,
                    1559.975669907145
                ],
                [
                    0.6915880920636356,
                    1499.0751609160145
                ],
                [
                    0.7058367418421766,
                    1438.2218614818103
                ],
                [
                    0.7197407744282744,
                    1376.750918693869
                ],
                [
                    0.7335141632016632,
                    1315.7306972649933
                ],
                [
                    0.7467716854605442,
                    1254.8840770472598
                ],
                [
                    0.7599727130977131,
                    1193.9422877317036
                ],
                [
                    0.7735377779535388,
                    1132.6498217894518
                ],
                [
                    0.7902294670297387,
                    1071.7958352767546
                ],
                [
                    0.8053262423167314,
                    1010.9119104509559
                ],
                [
                    0.8186279009988249,
                    949.4802411898128
                ],
                [
                    0.8319436833363464,
