{
  "Build Helpers.gcode": {
    "analysis": {
      "analysisPending": false,
      "estimatedPrintTime": 7171.399948632888,
      "printingArea": {
        "maxX": 176.1300048828125,
        "maxY": 145.10800170898438,
        "maxZ": 12.0,
        "minX": 60.0,
        "minY": -3.0,
        "minZ": 0.0
      },
      "dimensions": {
        "width": 116.1300048828125,
        "depth": 148.10800170898438,
        "height": 12.0
      },
      "filament": {
        "tool0": {
          "length": 8456.59842594713,
          "volume": 20.340502921506424
        }
      },
      "firstFilament": 0.007812474281079409,
      "lastFilament": 0.9973033276516413,
      "progress": [
        [
          0,
          7171.399948632888
        ],
        [
          0.007812474281079409,
          7171.028950914905
        ],
        [
          0.008904159368296463,
          7093.987935349556
        ],
        [
          0.010346824629691859,
          7093.987935349556
        ],
        [
          0.010436975381501016,
          7016.946919784208
        ],
        [
          0.011405589498551636,
          7016.946919784208
        ],
        [
          0.011568671195644604,
          6939.905904218859
        ],
        [
          0.012399526860492472,
          6939.905904218859
        ],
        [
          0.012521838133312197,
          6862.86488865351
        ],
        [
          0.013612510290733642,
          6862.86488865351
        ],
        [
          0.014250909294415895,
          6785.823873088162
        ],
        [
          0.015038715442950401,
          6785.823873088162
        ],
        [
          0.015136209935777719,
          6708.782857522813
        ],
        [
          0.015351204284895621,
          6708.782857522813
        ],
        [
          0.015506435776072624,
          6631.741841957465
        ],
        [
          0.016193708642392987,
          6631.741841957465
        ],
        [
          0.01780654610945061,
          6554.700826392116
        ],
        [
          0.020102857956095066,
          6554.700826392116
        ],
        [
          0.022176578480154554,
          6477.659810826767
        ],
        [
          0.024254097490947573,
          6477.659810826767
        ],
        [
          0.026614730379613167,
          6400.618795261419
        ],
        [
          0.02847674857639048,
          6400.618795261419
        ],
        [
          0.03090752685340196,
          6323.57777969607
        ],
        [
          0.03258240627044061,
          6323.57777969607
        ],
        [
          0.03471006530611625,
          6246.536764130722
        ],
        [
          0.035854169510256044,
          6246.536764130722
        ],
        [
          0.038908659308913456,
          6169.495748565373
        ],
        [
          0.0398924673728982,
          6169.495748565373
        ],
        [
          0.04381934295802343,
          6092.454733000024
        ],
        [
          0.04437772050785261,
          6092.454733000024
        ],
        [
          0.048298518514204185,
          6015.413717434676
        ],
        [
          0.04851325963087319,
          6015.413717434676
        ],
        [
          0.05194785133533269,
          5938.372701869327
        ],
        [
          0.051978745694098744,
          5938.372701869327
        ],
        [
          0.061691729504188594,
          5938.372701869327
        ],
        [
          0.06199738107001346,
          5861.331686303979
        ],
        [
          0.07372280315152847,
          5861.331686303979
        ],
        [
          0.07561926096135647,
          5784.29067073863
        ],
        [
          0.08453836104413816,
          5784.29067073863
        ],
        [
          0.08633504526909873,
          5707.249655173281
        ],
        [
          0.09984094469884458,
          5707.249655173281
        ],
        [
          0.10228083934401654,
          5630.208639607933
        ],
        [
          0.11283151609507461,
          5630.208639607933
        ],
        [
          0.11794579863310188,
          5553.167624042584
        ],
        [
          0.12637413422991126,
          5553.167624042584
        ],
        [
          0.1318173657190624,
          5476.126608477235
        ],
        [
          0.14018619169037977,
          5476.126608477235
        ],
        [
          0.14626832864811098,
          5399.085592911887
        ],
        [
          0.1534877325338616,
          5399.085592911887
        ],
        [
          0.15983525709804222,
          5322.044577346538
        ],
        [
          0.1687530910185794,
          5322.044577346538
        ],
        [
          0.1771477466996848,
          5245.00356178119
        ],
        [
          0.1799378618216884,
          5245.00356178119
        ],
        [
          0.18668372102799205,
          5167.962546215841
        ],
        [
          0.19110414665602754,
          5167.962546215841
        ],
        [
          0.1995446374103842,
          5090.921530650492
        ],
        [
          0.20240211236379577,
          5090.921530650492
        ],
        [
          0.21192517183720902,
          5013.880515085144
        ],
        [
          0.21702324749850657,
          5013.880515085144
        ],
        [
          0.22660024548353597,
          4936.839499519795
        ],
        [
          0.22834020563994245,
          4936.839499519795
        ],
        [
          0.24198031826760644,
          4859.798483954447
        ],
        [
          0.24419812805509122,
          4859.798483954447
        ],
        [
          0.2558430222178554,
          4782.757468389098
        ],
        [
          0.25612385700368784,
          4782.757468389098
        ],
        [
          0.27049049352725196,
          4782.757468389098
        ],
        [
          0.2710268398540267,
          4705.716452823749
        ],
        [
          0.28287457320836146,
          4705.716452823749
        ],
        [
          0.2835575411230505,
          4628.675437258401
        ],
        [
          0.29681577921777,
          4628.675437258401
        ],
        [
          0.2975615487797868,
          4551.634421693052
        ],
        [
          0.30688100936428275,
          4551.634421693052
        ],
        [
          0.3105642753335641,
          4474.593406127704
        ],
        [
          0.321630280118138,
          4474.593406127704
        ],
        [
          0.32389747023315874,
          4397.552390562355
        ],
        [
          0.33283784184164816,
          4397.552390562355
        ],
        [
          0.3407511026373906,
          4320.511374997006
        ],
        [
          0.349751237103821,
          4320.511374997006
        ],
        [
          0.3531886143652184,
          4243.470359431658
        ],
        [
          0.36306695896444136,
          4243.470359431658
        ],
        [
          0.37205949645740466,
          4166.429343866309
        ],
        [
          0.3777075929977176,
          4166.429343866309
        ],
        [
          0.38469630212251843,
          4089.3883283009604
        ],
        [
          0.3917417353158733,
          4089.3883283009604
        ],
        [
          0.40137191211517215,
          4012.347312735612
        ],
        [
          0.4059371867039796,
          4012.347312735612
        ],
        [
          0.41389273731868875,
          3935.306297170263
        ],
        [
          0.4189464973014284,
          3935.306297170263
        ],
        [
          0.4267318757104753,
          3858.2652816049144
        ],
        [
          0.42970431819568844,
          3858.2652816049144
        ],
        [
          0.4406280063439793,
          3781.224266039566
        ],
        [
          0.4423689794301814,
