{
  "cable_clip_horizontal.stl": {
    "hash": "d50a3bd4fb254c9ec755668a915f646d8142641e"
  },
  "cable_clip_lcd.stl": {
    "hash": "301b9440f544fd5814b8f420667371a4d970576f"
  },
  "cable_clip_vertical.stl": {
    "hash": "72335dc936e790714a7cba776bef1b19f8e51d9f"
  },
  "Cable Clips.3mf": {
    "hash": "0bf749c78303ffded9fe90ecd4fd9fe9d7f82c48"
  },
  "Cable Clips.gcode": {
    "hash": "52770a94202fde0198a778da846407f7deb3759f",
    "analysis": {
      "analysisPending": false,
      "estimatedPrintTime": 5764.302266221659,
      "printingArea": {
        "maxX": 212.49200439453125,
        "maxY": 199.7220001220703,
        "maxZ": 5.400000095367432,
        "minX": 37.222999572753906,
        "minY": -3.0,
        "minZ": 0.0
      },
      "dimensions": {
        "width": 175.26900482177734,
        "depth": 202.7220001220703,
        "height": 5.400000095367432
      },
      "filament": {
        "tool0": {
          "length": 3801.8873218949884,
          "volume": 9.144610667684875
        }
      },
      "firstFilament": 0.008058723296972227,
      "lastFilament": 0.9970996089796932,
      "progress": [
        [
          0,
          5764.302266221659
        ],
        [
          0.008058723296972227,
          5763.867148342944
        ],
        [
          0.008571104112738993,
          5700.606382758939
        ],
        [
          0.010646436589749775,
          5700.606382758939
        ],
        [
          0.01714193654954174,
          5637.345617174931
        ],
        [
          0.019340066549737345,
          5637.345617174931
        ],
        [
          0.028485765267644264,
          5574.084851590926
        ],
        [
          0.029353498208025526,
          5574.084851590926
        ],
        [
          0.03854592518696738,
          5510.824086006918
        ],
        [
          0.03861248579134854,
          5510.824086006918
        ],
        [
          0.04441412540995899,
          5510.824086006918
        ],
        [
          0.0450319164889906,
          5447.5633204229125
        ],
        [
          0.05418929727215626,
          5447.5633204229125
        ],
        [
          0.056220074895622106,
          5384.302554838905
        ],
        [
          0.06525574485934793,
          5384.302554838905
        ],
        [
          0.0674169269322136,
          5321.041789254899
        ],
        [
          0.07560768473420314,
          5321.041789254899
        ],
        [
          0.07854667501255143,
          5257.781023670894
        ],
        [
          0.08281551899884157,
          5257.781023670894
        ],
        [
          0.0868958198853745,
          5194.520258086886
        ],
        [
          0.09311258033457435,
          5194.520258086886
        ],
        [
          0.09969311486241243,
          5131.259492502881
        ],
        [
          0.10382258909340654,
          5131.259492502881
        ],
        [
          0.11116870640959603,
          5067.998726918873
        ],
        [
          0.11425032655447537,
          5067.998726918873
        ],
        [
          0.1207330577452636,
          5004.737961334868
        ],
        [
          0.12373507684082181,
          5004.737961334868
        ],
        [
          0.1336422832080364,
          4941.47719575086
        ],
        [
          0.13563692793198104,
          4941.47719575086
        ],
        [
          0.14533548718015593,
          4878.2164301668545
        ],
        [
          0.14613285605304854,
          4878.2164301668545
        ],
        [
          0.15478328953917242,
          4814.955664582847
        ],
        [
          0.15492102923885095,
          4814.955664582847
        ],
        [
          0.16553296298469702,
          4814.955664582847
        ],
        [
          0.1666498227586192,
          4751.694898998841
        ],
        [
          0.1754412560556566,
          4751.694898998841
        ],
        [
          0.17736037486932388,
          4688.434133414836
        ],
        [
          0.18558645054302586,
          4688.434133414836
        ],
        [
          0.18759549409159174,
          4625.173367830828
        ],
        [
          0.19490113169328005,
          4625.173367830828
        ],
        [
          0.1983622831211001,
          4561.912602246823
        ],
        [
          0.20517374219475035,
          4561.912602246823
        ],
        [
          0.20925920492407202,
          4498.651836662815
        ],
        [
          0.21454710534723445,
          4498.651836662815
        ],
        [
          0.21967037015302962,
          4435.39107107881
        ],
        [
          0.22361483307143773,
          4435.39107107881
        ],
        [
          0.2292993803615246,
          4372.130305494802
        ],
        [
          0.23315799368407783,
          4372.130305494802
        ],
        [
          0.24029627890903638,
          4308.869539910796
        ],
        [
          0.24291034476763013,
          4308.869539910796
        ],
        [
          0.2517993097257812,
          4245.608774326789
        ],
        [
          0.2535844923028774,
          4245.608774326789
        ],
        [
          0.2633129359040397,
          4182.348008742783
        ],
        [
          0.26407091176617614,
          4182.348008742783
        ],
        [
          0.27387270787012585,
          4119.087243158776
        ],
        [
          0.2739933319858207,
          4119.087243158776
        ],
        [
          0.28376904719989043,
          4119.087243158776
        ],
        [
          0.28473947364417407,
          4055.8264775747703
        ],
        [
          0.2942147152727518,
          4055.8264775747703
        ],
        [
          0.296166435198769,
          3992.5657119907637
        ],
        [
          0.3044058229933472,
          3992.5657119907637
        ],
        [
          0.30708536275257714,
          3929.3049464067576
        ],
        [
          0.31460698272358384,
          3929.3049464067576
        ],
        [
          0.3179485967394541,
          3866.044180822751
        ],
        [
          0.3244530620051423,
          3866.044180822751
        ],
        [
          0.32910442570967186,
          3802.7834152387445
        ],
        [
          0.33484819835386115,
          3802.7834152387445
        ],
        [
          0.3403751736009233,
          3739.522649654738
        ],
        [
          0.3448599999565318,
          3739.522649654738
        ],
        [
          0.351033563931868,
          3676.2618840707314
        ],
        [
          0.35480116581577764,
          3676.2618840707314
        ],
        [
          0.3620008498023286,
          3613.0011184867253
        ],
        [
          0.3650952387162117,
          3613.0011184867253
        ],
        [
          0.3734913835260059,
          3549.7403529027188
        ],
        [
          0.3756411552095491,
          3549.7403529027188
        ],
        [
          0.38403376823217206,
          3486.479587318712
        ],
        [
          0.3848892757554221,
          3486.479587318712
        ],
        [
          0.3947339966572993,
          3423.2188217347057
        ],
        [
          0.39477909486271673,
          3423.2188217347057
        ],
        [
          0.4051951502585268,
          3423.2188217347057
        ],
        [
          0.4059824671217782,
          3359.958056150699
        ],
        [
          0.41527188240996116,
          3359.958056150699
        ],
        [
          0.41701740030036494,
          3296.697290566693
        ],
        [
          0.42514349922952704,
          3296.697290566693
        ],
        [
          0.4278328193224619,
          3233.4365249826865
        ],
        [
          0.4350325033090129,
          3233.4365249826865
        ],
        [
