{
  "prusaheatbedcablecover_PETG.gcode": {
    "hash": "c2ac3dfaad076af4266d6e62a8f4100815866092",
    "analysis": {
      "analysisPending": false,
      "estimatedPrintTime": 1885.59436354702,
      "printingArea": {
        "maxX": 161.3769989013672,
        "maxY": 128.21200561523438,
        "maxZ": 9.0,
        "minX": 60.0,
        "minY": -3.0,
        "minZ": 0.0
      },
      "dimensions": {
        "width": 101.37699890136719,
        "depth": 131.21200561523438,
        "height": 9.0
      },
      "filament": {
        "tool0": {
          "length": 3425.8086795713753,
          "volume": 8.240035525577087
        }
      },
      "firstFilament": 0.01401528828320048,
      "lastFilament": 0.9944493562909439,
      "progress": [
        [
          0,
          1885.59436354702
        ],
        [
          0.01401528828320048,
          1885.3628087379936
        ],
        [
          0.01964732640206889,
          1885.3628087379936
        ],
        [
          0.02235224772326788,
          1848.5288498126047
        ],
        [
          0.02578290473266078,
          1848.5288498126047
        ],
        [
          0.02788913268670335,
          1848.5288498126047
        ],
        [
          0.028182821615093657,
          1811.694890887216
        ],
        [
          0.0285855509161963,
          1811.694890887216
        ],
        [
          0.029634807332862195,
          1811.694890887216
        ],
        [
          0.030986496481390614,
          1774.860931961827
        ],
        [
          0.032306810805695196,
          1774.860931961827
        ],
        [
          0.03410854866235237,
          1774.860931961827
        ],
        [
          0.034714442808838855,
          1738.026973036438
        ],
        [
          0.035253472575831925,
          1738.026973036438
        ],
        [
          0.03862498032644219,
          1738.026973036438
        ],
        [
          0.039492674235714426,
          1701.193014111049
        ],
        [
          0.04534587914829182,
          1701.193014111049
        ],
        [
          0.056044179867238204,
          1701.193014111049
        ],
        [
          0.05683575125216409,
          1664.3590551856603
        ],
        [
          0.061529116351221096,
          1664.3590551856603
        ],
        [
          0.06638192727830086,
          1664.3590551856603
        ],
        [
          0.06730105532564495,
          1627.5250962602713
        ],
        [
          0.08404029556113102,
          1627.5250962602713
        ],
        [
          0.09122564464976952,
          1627.5250962602713
        ],
        [
          0.09124570396361754,
          1590.6911373348823
        ],
        [
          0.09608977108722509,
          1590.6911373348823
        ],
        [
          0.11331557826887093,
          1553.8571784094936
        ],
        [
          0.11356297647299657,
          1553.8571784094936
        ],
        [
          0.12019283687045901,
          1553.8571784094936
        ],
        [
          0.12595294599312634,
          1517.0232194841046
        ],
        [
          0.12852619592086137,
          1517.0232194841046
        ],
        [
          0.14613261572423897,
          1517.0232194841046
        ],
        [
          0.15365640144139028,
          1480.1892605587157
        ],
        [
          0.15490779402067859,
          1480.1892605587157
        ],
        [
          0.16241357778950477,
          1480.1892605587157
        ],
        [
          0.1746003824642507,
          1443.3553016333267
        ],
        [
          0.17821465934656014,
          1443.3553016333267
        ],
        [
          0.1872176908746581,
          1443.3553016333267
        ],
        [
          0.19954645377048236,
          1406.521342707938
        ],
        [
          0.20454585199106692,
          1406.521342707938
        ],
        [
          0.21614733617455512,
          1406.521342707938
        ],
        [
          0.22006404578872707,
          1369.687383782549
        ],
        [
          0.2279170099895383,
          1369.687383782549
        ],
        [
          0.24359002054279474,
          1369.687383782549
        ],
        [
          0.24819183287608385,
          1332.85342485716
        ],
        [
          0.2513092559846191,
          1332.85342485716
        ],
        [
          0.2693400074270895,
          1332.85342485716
        ],
        [
          0.27586854257255045,
          1296.019465931771
        ],
        [
          0.2799220669939935,
          1296.019465931771
        ],
        [
          0.2863312749391277,
          1296.019465931771
        ],
        [
          0.29610324683139994,
          1259.1855070063823
        ],
        [
          0.30396444049430266,
          1259.1855070063823
        ],
        [
          0.3114733103114131,
          1259.1855070063823
        ],
        [
          0.3128126552668043,
          1222.3515480809933
        ],
        [
          0.31760323088681713,
          1222.3515480809933
        ],
        [
          0.32405512916655094,
          1222.3515480809933
        ],
        [
          0.32507198207623156,
          1185.5175891556044
        ],
        [
          0.33969985094386784,
          1185.5175891556044
        ],
        [
          0.34977271254386044,
          1185.5175891556044
        ],
        [
          0.35004377045149915,
          1148.6836302302156
        ],
        [
          0.3559931572022709,
          1148.6836302302156
        ],
        [
          0.35938215255982564,
          1148.6836302302156
        ],
        [
          0.36012177546529894,
          1111.8496713048266
        ],
        [
          0.36683393048367635,
          1111.8496713048266
        ],
        [
          0.3797325836293368,
          1111.8496713048266
        ],
        [
          0.379966094616183,
          1075.0157123794377
        ],
        [
          0.3862755203334578,
          1075.0157123794377
        ],
        [
          0.3926430666267538,
          1038.1817534540487
        ],
        [
          0.39267752749926194,
          1038.1817534540487
        ],
        [
          0.4036895764604466,
          1038.1817534540487
        ],
        [
          0.4136621414911991,
          1001.3477945286598
        ],
        [
          0.4141373929269831,
          1001.3477945286598
        ],
        [
          0.4210619709355973,
          1001.3477945286598
        ],
        [
          0.4257532786691314,
          964.513835603271
        ],
        [
          0.4271651457592039,
          964.513835603271
        ],
        [
          0.4388484102222263,
          964.513835603271
        ],
        [
          0.4438539805393795,
          927.679876677882
        ],
        [
          0.4454268364816169,
          927.679876677882
        ],
        [
          0.45320007776841675,
          927.679876677882
        ],
        [
          0.4582678833926369,
          890.8459177524932
        ],
        [
          0.4608365042479455,
          890.8459177524932
        ],
        [
          0.4813216927592049,
          890.8459177524932
        ],
        [
          0.4865515159183514,
          854.0119588271042
        ],
        [
          0.4881994657021737,
          854.0119588271042
        ],
        [
          0.5019822716812894,
          854.0119588271042
        ],
        [
          0.5091563052595521,
          817.1779999017153
        ],
        [
          0.5149724775927178,
          817.1779999017153
        ],
        [
          0.5261696894509611,
          817.1779999017153
        ],
        [
          0.5310065557952386,
          780.3440409763265
        ],
        [
          0.5425956957855896,
          780.3440409763265
        ],
        [
          0.5539328084993884,
