{
  "SonoffBasicProgrammingClip_PET.gcode": {
    "analysis": {
      "analysisPending": false,
      "estimatedPrintTime": 2761.0083012984687,
      "printingArea": {
        "maxX": 163.7259979248047,
        "maxY": 125.71600341796875,
        "maxZ": 12.600000381469727,
        "minX": 60.0,
        "minY": -3.0,
        "minZ": 0.0
      },
      "dimensions": {
        "width": 103.72599792480469,
        "depth": 128.71600341796875,
        "height": 12.600000381469727
      },
      "filament": {
        "tool0": {
          "length": 2808.096911610104,
          "volume": 6.754264605875656
        }
      },
      "firstFilament": 0.019454578580411223,
      "lastFilament": 0.9921284055510872,
      "progress": [
        [
          0,
          2761.0083012984687
        ],
        [
          0.019454578580411223,
          2760.7023574548766
        ],
        [
          0.02007314352750881,
          2760.7023574548766
        ],
        [
          0.026914685140665758,
          2695.1678437449364
        ],
        [
          0.0439785457502544,
          2629.633330034996
        ],
        [
          0.06799415207277025,
          2564.098816325056
        ],
        [
          0.0953940907495212,
          2498.5643026151156
        ],
        [
          0.1200451481311962,
          2433.029788905175
        ],
        [
          0.14098214960206543,
          2367.4952751952346
        ],
        [
          0.16055315348142749,
          2301.9607614852944
        ],
        [
          0.18242777854308403,
          2236.426247775354
        ],
        [
          0.2042588552104765,
          2170.891734065414
        ],
        [
          0.22635388847167354,
          2105.3572203554736
        ],
        [
          0.24912614370081365,
          2039.8227066455333
        ],
        [
          0.27332038731408614,
          1974.288192935593
        ],
        [
          0.2998538018192564,
          1908.7536792256526
        ],
        [
          0.32428089603043053,
          1843.2191655157123
        ],
        [
          0.34840048525353606,
          1777.684651805772
        ],
        [
          0.37222856685789446,
          1712.1501380958318
        ],
        [
          0.3982909477108209,
          1646.6156243858914
        ],
        [
          0.42032732395117245,
          1581.081110675951
        ],
        [
          0.4440869723645445,
          1515.5465969660108
        ],
        [
          0.46778885249981117,
          1450.0120832560704
        ],
        [
          0.4901407324128921,
          1384.47756954613
        ],
        [
          0.5109746397259117,
          1318.9430558361898
        ],
        [
          0.5318529841759355,
          1253.4085421262496
        ],
        [
          0.552836200269289,
          1187.874028416309
        ],
        [
          0.5739998311388794,
          1122.3395147063688
        ],
        [
          0.5980963130507427,
          1056.8050009964286
        ],
        [
          0.6247852575354275,
          991.2704872864882
        ],
        [
          0.6502761768064808,
          925.7359735765478
        ],
        [
          0.676465647871239,
          860.2014598666076
        ],
        [
          0.7006687789119123,
          794.6669461566672
        ],
        [
          0.7238729631127325,
          729.1324324467269
        ],
        [
          0.747625501584184,
          663.5979187367866
        ],
        [
          0.7716704364171225,
          598.0634050268462
        ],
        [
          0.7965516781684789,
          532.528891316906
        ],
        [
          0.8213520443304879,
          466.99437760696554
        ],
        [
          0.8443455965019085,
          401.45986389702523
        ],
        [
          0.8663330918915556,
          335.9253501870849
        ],
        [
          0.886519105747055,
          270.3908364771446
        ],
        [
          0.9048067651097376,
          204.85632276720426
        ],
        [
          0.9314912658807218,
          139.32180905726395
        ],
        [
          0.9603283015681866,
          73.78729534732364
        ],
        [
          0.9908690570883899,
          8.252781637383304
        ],
        [
          1,
          0
        ]
      ],
      "analysisPrintTime": 2536.0,
      "analysisFirstFilamentPrintTime": 16.0,
      "analysisLastFilamentPrintTime": 2536.0,
      "compensatedPrintTime": 2761.0083012984687
    }
  },
  "SonoffBasicProgrammingClip.STL": {}
}