{
  "Slug-no_support_PET.gcode": {
    "analysis": {
      "analysisPending": false,
      "estimatedPrintTime": 8172.188135442483,
      "printingArea": {
        "maxX": 192.1219940185547,
        "maxY": 123.75,
        "maxZ": 15.0,
        "minX": 57.87300109863281,
        "minY": -3.0,
        "minZ": 0.0
      },
      "dimensions": {
        "width": 134.24899291992188,
        "depth": 126.75,
        "height": 15.0
      },
      "filament": {
        "tool0": {
          "length": 6043.953569155536,
          "volume": 14.53741197567727
        }
      },
      "firstFilament": 0.005668697174638554,
      "lastFilament": 0.998537019476063,
      "progress": [
        [
          0,
          8172.188135442483
        ],
        [
          0.005668697174638554,
          8171.817137724501
        ],
        [
          0.00578426981718464,
          8171.817137724501
        ],
        [
          0.008376446461263516,
          8094.776122159153
        ],
        [
          0.012143915630976054,
          8017.735106593804
        ],
        [
          0.015176495343351066,
          7940.694091028455
        ],
        [
          0.017209214174014595,
          7863.653075463107
        ],
        [
          0.0189288754019134,
          7786.612059897758
        ],
        [
          0.024177564680469832,
          7709.57104433241
        ],
        [
          0.03317797075995562,
          7632.530028767061
        ],
        [
          0.03946001543068883,
          7555.489013201712
        ],
        [
          0.04690259514472199,
          7478.447997636364
        ],
        [
          0.054440683957903704,
          7401.406982071015
        ],
        [
          0.061840483554609894,
          7324.365966505667
        ],
        [
          0.06978199882304933,
          7247.324950940318
        ],
        [
          0.07982753311769722,
          7170.283935374969
        ],
        [
          0.08967657733857594,
          7093.242919809621
        ],
        [
          0.09959741919822433,
          7016.201904244272
        ],
        [
          0.1089258061772168,
          6939.160888678924
        ],
        [
          0.1181190544134904,
          6862.119873113575
        ],
        [
          0.12758755456744908,
          6785.078857548226
        ],
        [
          0.13656143034161583,
          6708.037841982878
        ],
        [
          0.14584256021425876,
          6630.996826417529
        ],
        [
          0.15525402021178147,
          6553.95581085218
        ],
        [
          0.1643073210874971,
          6476.914795286832
        ],
        [
          0.17405306293203981,
          6399.873779721483
        ],
        [
          0.18295000082078133,
          6322.8327641561345
        ],
        [
          0.19260073100940017,
          6245.791748590786
        ],
        [
          0.20195133711909735,
          6168.750733025437
        ],
        [
          0.21123777305280408,
          6091.7097174600885
        ],
        [
          0.22028726019713013,
          6014.66870189474
        ],
        [
          0.22907243917471515,
          5937.6276863293915
        ],
        [
          0.23821146609949295,
          5860.5866707640425
        ],
        [
          0.24677810168701236,
          5783.545655198694
        ],
        [
          0.25574584232807407,
          5706.5046396333455
        ],
        [
          0.26563269223403246,
          5629.4636240679965
        ],
        [
          0.2742303351158935,
          5552.422608502648
        ],
        [
          0.2844209570177549,
          5475.3815929372995
        ],
        [
          0.2925574700302893,
          5398.3405773719505
        ],
        [
          0.3019122215001926,
          5321.2995618066025
        ],
        [
          0.3118794913941493,
          5244.258546241253
        ],
        [
          0.3201168195668961,
          5167.2175306759045
        ],
        [
          0.3296204723754025,
          5090.176515110556
        ],
        [
          0.3399978013009467,
          5013.1354995452075
        ],
        [
          0.347602215877426,
          4936.0944839798585
        ],
        [
          0.35720154359948925,
          4859.05346841451
        ],
        [
          0.36695839500938426,
          4782.0124528491615
        ],
        [
          0.3766000054055497,
          4704.9714372838125
        ],
        [
          0.38672712038905366,
          4627.9304217184645
        ],
        [
          0.3959726001639241,
          4550.8894061531155
        ],
        [
          0.4058954317964714,
          4473.8483905877665
        ],
        [
          0.41537039871235165,
          4396.8073750224185
        ],
        [
          0.4246878419404,
          4319.7663594570695
        ],
        [
          0.434197298253195,
          4242.7253438917205
        ],
        [
          0.4434499080476199,
          4165.684328326372
        ],
        [
          0.45328900340400397,
          4088.6433127610235
        ],
        [
          0.4628823618073704,
          4011.602297195675
        ],
        [
          0.47300516561626005,
          3934.5612816303264
        ],
        [
          0.482361741044654,
          3857.520266064978
        ],
        [
          0.49243662448956105,
          3780.4792504996294
        ],
        [
          0.5023992515800869,
          3703.4382349342804
        ],
        [
          0.5123942124802204,
          3626.397219368932
        ],
        [
          0.5225478577690434,
          3549.3562038035834
        ],
        [
          0.5320568166386136,
          3472.315188238235
        ],
        [
          0.5424082785164718,
          3395.274172672886
        ],
        [
          0.5520507179846784,
          3318.2331571075374
        ],
        [
          0.5620675663867001,
          3241.192141542189
        ],
        [
          0.5729133210155336,
          3164.1511259768404
        ],
        [
          0.5839303619280833,
          3087.110110411492
        ],
        [
          0.5948737812433726,
          3010.069094846143
        ],
        [
          0.6061281025741194,
          2933.0280792807944
        ],
        [
          0.6177094099179236,
          2855.987063715446
        ],
        [
          0.6292180905509167,
          2778.9460481500973
        ],
        [
          0.6405392350881859,
          2701.9050325847484
        ],
        [
          0.6523198513506993,
          2624.8640170194003
        ],
        [
          0.6636464677634405,
          2547.823001454052
        ],
        [
          0.6752161680986676,
          2470.781985888703
        ],
        [
          0.6867603330150249,
          2393.7409703233543
        ],
        [
          0.6979504841697813,
          2316.699954758006
        ],
        [
          0.7089408289626037,
          2239.6589391926573
        ],
        [
          0.7206945832909816,
          2162.6179236273083
        ],
        [
          0.7315207718196424,
          2085.57690806196
        ],
        [
          0.7429931390972301,
          2008.5358924966113
        ],
        [
          0.7554907368609907,
          1931.4948769312628
        ],
        [
          0.7672090069060042,
          1854.453861365914
        ],
        [
          0.7755909252427399,
          1777.4128458005655
        ],
        [
          0.785296208371671,
          1700.3718302352167
        ],
        [
          0.7963301623538616,
          1623.3308146698682
        ],
        [
          0.8071920009802948,
          1546.2897991045195
        ],
        [
          0.8182110316657434,
          1469.248783539171
        ],
        [
          0.8288690843844447,
          1392.2077679738222
        ],
        [
          0.8396551458263104,
          1315.1667524084737
