{
  "DiodePress_RaspberryPi_Case_TOP.stl": {},
  "Case_PET.gcode": {
    "analysis": {
      "analysisPending": false,
      "estimatedPrintTime": 15876.33969330475,
      "printingArea": {
        "maxX": 173.94200134277344,
        "maxY": 177.8769989013672,
        "maxZ": 20.200000762939453,
        "minX": 60.0,
        "minY": -3.0,
        "minZ": 0.0
      },
      "dimensions": {
        "width": 113.94200134277344,
        "depth": 180.8769989013672,
        "height": 20.200000762939453
      },
      "filament": {
        "tool0": {
          "length": 12281.250805995049,
          "volume": 29.539869970959078
        }
      },
      "firstFilament": 0.004571815677075788,
      "lastFilament": 0.9988506469801339,
      "progress": [
        [
          0,
          15876.33969330475
        ],
        [
          0.004571815677075788,
          15875.968695586767
        ],
        [
          0.00465842098030245,
          15875.968695586767
        ],
        [
          0.006149100783473571,
          15798.927680021417
        ],
        [
          0.008599894184969543,
          15721.88666445607
        ],
        [
          0.01139922112384111,
          15644.845648890721
        ],
        [
          0.013913135750644321,
          15567.804633325371
        ],
        [
          0.014136545126830173,
          15490.763617760023
        ],
        [
          0.0159300328553433,
          15413.722602194675
        ],
        [
          0.016714326505223778,
          15336.681586629325
        ],
        [
          0.017765145801332653,
          15259.640571063977
        ],
        [
          0.018859578385006175,
          15182.59955549863
        ],
        [
          0.01979682917731423,
          15105.558539933281
        ],
        [
          0.022348765644558417,
          15028.517524367931
        ],
        [
          0.024410394326246775,
          14951.476508802583
        ],
        [
          0.025581988880226978,
          14874.435493237235
        ],
        [
          0.026630571597486382,
          14797.394477671885
        ],
        [
          0.027712330234346248,
          14720.353462106537
        ],
        [
          0.029004575791817252,
          14643.31244654119
        ],
        [
          0.03078886869617145,
          14566.27143097584
        ],
        [
          0.03225258529876841,
          14489.230415410491
        ],
        [
          0.035022215440694254,
          14412.189399845143
        ],
        [
          0.04175593308454293,
          14335.148384279793
        ],
        [
          0.044683117780975806,
          14258.107368714445
        ],
        [
          0.0473709885405155,
          14181.066353149097
        ],
        [
          0.05371442317513183,
          14104.02533758375
        ],
        [
          0.056723615762711906,
          14026.9843220184
        ],
        [
          0.06028623736115505,
          13949.943306453051
        ],
        [
          0.06570198879076382,
          13872.902290887703
        ],
        [
          0.07079567286604906,
          13795.861275322353
        ],
        [
          0.0738867490903958,
          13718.820259757005
        ],
        [
          0.07784884852223023,
          13641.779244191657
        ],
        [
          0.08245408862766752,
          13564.738228626307
        ],
        [
          0.08640102902507776,
          13487.69721306096
        ],
        [
          0.09033902310709013,
          13410.656197495611
        ],
        [
          0.0974155585868102,
          13333.615181930261
        ],
        [
          0.10051955726673166,
          13256.574166364913
        ],
        [
          0.10320643399122714,
          13179.533150799565
        ],
        [
          0.10889703611055956,
          13102.492135234217
        ],
        [
          0.11228930495330147,
          13025.451119668867
        ],
        [
          0.11581253791311785,
          12948.41010410352
        ],
        [
          0.12178209111673127,
          12871.369088538171
        ],
        [
          0.12666267892941432,
          12794.328072972821
        ],
        [
          0.12978432173137047,
          12717.287057407473
        ],
        [
          0.13379661993293743,
          12640.246041842125
        ],
        [
          0.13826455894789344,
          12563.205026276775
        ],
        [
          0.14223982934406362,
          12486.164010711427
        ],
        [
          0.14620192877589802,
          12409.12299514608
        ],
        [
          0.1531187973766421,
          12332.081979580731
        ],
        [
          0.15742234784616213,
          12255.040964015381
        ],
        [
          0.16010897606189659,
          12177.999948450033
        ],
        [
          0.16597303729644336,
          12100.958932884685
        ],
        [
          0.16989388427394314,
          12023.917917319335
        ],
        [
          0.17347303170499626,
          11946.876901753987
        ],
        [
          0.17941052727843393,
          11869.835886188639
        ],
        [
          0.18551626328310392,
          11792.79487062329
        ],
        [
          0.18893437703699525,
          11715.753855057941
        ],
        [
          0.19341573552504807,
          11638.712839492593
        ],
        [
          0.1995803681060874,
          11561.671823927243
        ],
        [
          0.2033301168016028,
          11484.630808361895
        ],
        [
          0.20705489036663244,
          11407.589792796547
        ],
        [
          0.2138276238859663,
          11330.548777231199
        ],
        [
          0.2190290365091676,
          11253.50776166585
        ],
        [
          0.22228648934903875,
          11176.466746100501
        ],
        [
          0.22792055572523182,
          11099.425730535153
        ],
        [
          0.23303436901016228,
          11022.384714969803
        ],
        [
          0.23673031555890986,
          10945.343699404455
        ],
        [
          0.24156281692632933,
          10868.302683839107
        ],
        [
          0.24799646024120758,
          10791.261668273757
        ],
        [
          0.252802495425575,
          10714.220652708409
        ],
        [
          0.2558608927478434,
          10637.179637143061
        ],
        [
          0.2627916778392064,
          10560.138621577711
        ],
        [
          0.2667771370945797,
          10483.097606012365
        ],
        [
          0.2709950762959173,
          10406.056590447015
        ],
        [
          0.2772543907149175,
          10329.015574881667
        ],
        [
          0.2831305046243753,
          10251.974559316319
        ],
        [
          0.28618828067474106,
          10174.93354375097
        ],
        [
          0.28902923283108883,
          10097.89252818562
        ],
        [
          0.29480494920108163,
          10020.851512620273
        ],
        [
          0.2997492795109745,
          9943.810497054925
        ],
        [
          0.30409830708376706,
          9866.769481489575
        ],
        [
          0.3080873697161757,
          9712.687450358879
        ],
        [
          0.313167385809603,
          9635.646434793529
        ],
        [
          0.31748286469965353,
          9558.60541922818
        ],
        [
          0.3225984175459114,
          9481.564403662833
        ],
        [
          0.3272024151075434,
          9404.523388097485
        ],
        [
          0.33139252132764313,
          9327.482372532135
        ],
        [
          0.33688381942061174,
          9250.441356966787
        ],
        [
          0.34119855278437916,
          9173.400341401439
        ],
        [
          0.3455404978574817,
          9096.359325836089
        ],
