{
  "3M Adhesive Removal Tool.stl": {},
  "3M Adhesive Removal Tool_PETG.gcode": {
    "analysis": {
      "analysisPending": false,
      "estimatedPrintTime": 4243.84135714964,
      "printingArea": {
        "maxX": 184.24000549316406,
        "maxY": 132.3769989013672,
        "maxZ": 6.0,
        "minX": 60.0,
        "minY": -3.0,
        "minZ": 0.0
      },
      "dimensions": {
        "width": 124.24000549316406,
        "depth": 135.3769989013672,
        "height": 6.0
      },
      "filament": {
        "tool0": {
          "length": 2257.5624590690713,
          "volume": 5.430074065392869
        }
      },
      "firstFilament": 0.013225233480472182,
      "lastFilament": 0.9955988983482221,
      "progress": [
        [
          0,
          4243.84135714964
        ],
        [
          0.013225233480472182,
          4243.470359431658
        ],
        [
          0.013549962278271118,
          4243.470359431658
        ],
        [
          0.019844848686178078,
          4166.429343866309
        ],
        [
          0.02110643872820153,
          4089.3883283009604
        ],
        [
          0.021909862564135105,
          4012.347312735612
        ],
        [
          0.022750144984876316,
          3935.306297170263
        ],
        [
          0.025587789450699776,
          3858.2652816049144
        ],
        [
          0.03458594978740995,
          3781.224266039566
        ],
        [
          0.03686231732255507,
          3704.1832504742174
        ],
        [
          0.04716592475156614,
          3627.142234908869
        ],
        [
          0.04962891803257272,
          3550.10121934352
        ],
        [
          0.059912463193903684,
          3473.0602037781714
        ],
        [
          0.06267825674757048,
          3396.019188212823
        ],
        [
          0.0729440724630446,
          3318.9781726474744
        ],
        [
          0.07542479518990802,
          3241.9371570821254
        ],
        [
          0.08599341117804236,
          3164.896141516777
        ],
        [
          0.08862016855104238,
          3087.8551259514284
        ],
        [
          0.09863917171761472,
          3010.81411038608
        ],
        [
          0.10198443821218134,
          2933.7730948207313
        ],
        [
          0.120244367751631,
          2856.7320792553824
        ],
        [
          0.14728970427750876,
          2779.691063690034
        ],
        [
          0.17652369423797676,
          2702.6500481246853
        ],
        [
          0.20371693166744972,
          2625.609032559337
        ],
        [
          0.22692291003659265,
          2548.568016993988
        ],
        [
          0.24748486815124338,
          2471.5270014286393
        ],
        [
          0.26946051629079465,
          2394.485985863291
        ],
        [
          0.29665515341336157,
          2317.4449702979423
        ],
        [
          0.32694311227358214,
          2240.403954732594
        ],
        [
          0.3529531424742935,
          2163.362939167245
        ],
        [
          0.3791260036382689,
          2086.3219236018963
        ],
        [
          0.4058932678028131,
          2009.2809080365478
        ],
        [
          0.4357757822301497,
          1932.239892471199
        ],
        [
          0.46180074249052994,
          1855.1988769058505
        ],
        [
          0.48384917467096716,
          1778.1578613405018
        ],
        [
          0.5082001019909701,
          1701.1168457751533
        ],
        [
          0.5311256751769562,
          1624.0758302098045
        ],
        [
          0.5504517042896394,
          1547.034814644456
        ],
        [
          0.579353500422474,
          1469.9937990791075
        ],
        [
          0.6003479637031587,
          1392.9527835137587
        ],
        [
          0.6277922127608153,
          1315.9117679484102
        ],
        [
          0.6523069041728117,
          1238.8707523830615
        ],
        [
          0.6755884659690286,
          1161.829736817713
        ],
        [
          0.700398026059486,
          1084.7887212523642
        ],
        [
          0.7241984074291977,
          1007.7477056870157
        ],
        [
          0.7483183853886971,
          930.7066901216671
        ],
        [
          0.7784015224928348,
          853.6656745563184
        ],
        [
          0.8018389167868458,
          776.6246589909698
        ],
        [
          0.8280990254870115,
          699.5836434256212
        ],
        [
          0.855644519011798,
          622.5426278602725
        ],
        [
          0.8825564181293848,
          545.5016122949239
        ],
        [
          0.9085314560027471,
          468.46059672957534
        ],
        [
          0.9305644915591508,
          391.4195811642267
        ],
        [
          0.9423382433011855,
          314.3785655988781
        ],
        [
          0.9552718740537491,
          237.33755003352948
        ],
        [
          0.9679362971679076,
          160.29653446818085
        ],
        [
          0.9820326063171881,
          83.25551890283224
        ],
        [
          0.9943615696531607,
          6.21450333748362
        ],
        [
          1,
          0
        ]
      ],
      "analysisPrintTime": 3323.0,
      "analysisFirstFilamentPrintTime": 23.0,
      "analysisLastFilamentPrintTime": 3323.0,
      "compensatedPrintTime": 4243.84135714964
    }
  }
}