{
  "finger_saver_nail_holder_with_divot_PET.gcode": {
    "analysis": {
      "analysisPending": false,
      "estimatedPrintTime": 1158.5124065666162,
      "printingArea": {
        "maxX": 139.75399780273438,
        "maxY": 129.7570037841797,
        "maxZ": 10.0,
        "minX": 60.0,
        "minY": -3.0,
        "minZ": 0.0
      },
      "dimensions": {
        "width": 79.75399780273438,
        "depth": 132.7570037841797,
        "height": 10.0
      },
      "filament": {
        "tool0": {
          "length": 655.3155933097005,
          "volume": 1.5762187192578905
        }
      },
      "firstFilament": 0.0725487690416283,
      "lastFilament": 0.961861662047176,
      "progress": [
        [
          0,
          1158.5124065666162
        ],
        [
          0.0725487690416283,
          1158.1414088486338
        ],
        [
          0.07561569951131812,
          1158.1414088486338
        ],
        [
          0.11856153910556674,
          1081.1003932832853
        ],
        [
          0.21500240154756606,
          1004.0593777179366
        ],
        [
          0.29424025169981094,
          927.018362152588
        ],
        [
          0.36080057460881215,
          849.9773465872394
        ],
        [
          0.42752393836174796,
          772.9363310218907
        ],
        [
          0.49095123316162637,
          695.8953154565422
        ],
        [
          0.5536822994928108,
          618.8542998911936
        ],
        [
          0.6159594953665555,
          541.813284325845
        ],
        [
          0.6841942918078586,
          464.7722687604964
        ],
        [
          0.7521426651449521,
          387.73125319514776
        ],
        [
          0.8435557004807501,
          310.6902376297991
        ],
        [
          0.8790765719120285,
          233.6492220644505
        ],
        [
          0.9082608829763327,
          156.6082064991019
        ],
        [
          0.9353080370323041,
          79.56719093375328
        ],
        [
          1,
          0
        ]
      ],
      "analysisPrintTime": 906.0,
      "analysisFirstFilamentPrintTime": 6.0,
      "analysisLastFilamentPrintTime": 903.1275082951493,
      "compensatedPrintTime": 1158.5124065666162
    }
  },
  "finger_saver_nail_holder_with_divot.stl": {}
}