{
  "Part_Part_Whole_PET.gcode": {
    "analysis": {
      "analysisPending": false,
      "estimatedPrintTime": 3393.675084060661,
      "printingArea": {
        "maxX": 185.21800231933594,
        "maxY": 156.98800659179688,
        "maxZ": 1.0,
        "minX": 60.0,
        "minY": -3.0,
        "minZ": 0.0
      },
      "dimensions": {
        "width": 125.21800231933594,
        "depth": 159.98800659179688,
        "height": 1.0
      },
      "filament": {
        "tool0": {
          "length": 3557.4602662711404,
          "volume": 8.556694700934301
        }
      },
      "firstFilament": 0.04962213325464068,
      "lastFilament": 0.9864270959413844,
      "progress": [
        [
          0,
          3393.675084060661
        ],
        [
          0.04962213325464068,
          3393.3040863426786
        ],
        [
          0.05072046382373688,
          3393.3040863426786
        ],
        [
          0.08093244477969477,
          3316.26307077733
        ],
        [
          0.13034943008321118,
          3239.222055211981
        ],
        [
          0.13402789065298593,
          3162.1810396466326
        ],
        [
          0.13780261295367285,
          3085.140024081284
        ],
        [
          0.14066205978011295,
          3008.0990085159356
        ],
        [
          0.1475455625709141,
          2931.0579929505866
        ],
        [
          0.15475414596118917,
          2854.016977385238
        ],
        [
          0.15778402339317868,
          2776.9759618198896
        ],
        [
          0.16205899108237637,
          2699.934946254541
        ],
        [
          0.16726659291860835,
          2622.8939306891925
        ],
        [
          0.17546619871892996,
          2545.8529151238436
        ],
        [
          0.18528805139429594,
          2468.811899558495
        ],
        [
          0.19366124392249195,
          2391.7708839931465
        ],
        [
          0.19846328403996283,
          2314.729868427798
        ],
        [
          0.20105130434645385,
          2237.688852862449
        ],
        [
          0.20313434508094666,
          2160.6478372971005
        ],
        [
          0.20484496338109073,
          2083.606821731752
        ],
        [
          0.21719487003877297,
          2006.5658061664033
        ],
        [
          0.22867526499592072,
          1929.5247906010547
        ],
        [
          0.2392751018243965,
          1852.4837750357062
        ],
        [
          0.3220696587758348,
          1775.4427594703575
        ],
        [
          0.34565536091047816,
          1698.401743905009
        ],
        [
          0.36810328094696293,
          1621.3607283396602
        ],
        [
          0.3838980951223708,
          1544.3197127743117
        ],
        [
          0.4095841966642943,
          1467.278697208963
        ],
        [
          0.4619979201153878,
          1390.2376816436145
        ],
        [
          0.5182258173962306,
          1313.1966660782657
        ],
        [
          0.5460375673240343,
          1236.155650512917
        ],
        [
          0.5665334257025134,
          1159.1146349475684
        ],
        [
          0.5813119684892747,
          1082.0736193822197
        ],
        [
          0.6086424097625176,
          1005.0326038168712
        ],
        [
          0.6900261800346857,
          927.9915882515226
        ],
        [
          0.7154203402615479,
          850.9505726861739
        ],
        [
          0.741223218329496,
          773.9095571208253
        ],
        [
          0.7598175130071692,
          696.8685415554767
        ],
        [
          0.7821218294778669,
          619.8275259901282
        ],
        [
          0.8695764010421516,
          542.7865104247795
        ],
        [
          0.886343300893656,
          465.74549485943095
        ],
        [
          0.8933688291890817,
          388.7044792940823
        ],
        [
          0.9106280841232844,
          311.66346372873363
        ],
        [
          0.9333411184350683,
          234.62244816338503
        ],
        [
          0.9469045541267088,
          157.58143259803643
        ],
        [
          0.9729488755525186,
          80.54041703268781
        ],
        [
          1,
          0
        ]
      ],
      "analysisPrintTime": 2633.0,
      "analysisFirstFilamentPrintTime": -7.0,
      "analysisLastFilamentPrintTime": 2630.885462555066,
      "compensatedPrintTime": 3393.675084060661
    }
  },
  "Part_Part_Whole.stl": {}
}