{
  "Thick_PET.gcode": {
    "analysis": {
      "analysisPending": false,
      "estimatedPrintTime": 1624.446827927787,
      "printingArea": {
        "maxX": 176.95899963378906,
        "maxY": 147.3090057373047,
        "maxZ": 8.600000381469727,
        "minX": 60.0,
        "minY": -3.0,
        "minZ": 0.0
      },
      "dimensions": {
        "width": 116.95899963378906,
        "depth": 150.3090057373047,
        "height": 8.600000381469727
      },
      "filament": {
        "tool0": {
          "length": 1832.6657565683126,
          "volume": 4.408077727948577
        }
      },
      "firstFilament": 0.021221262339062682,
      "lastFilament": 0.9944796734400473,
      "progress": [
        [
          0,
          1624.446827927787
        ],
        [
          0.021221262339062682,
          1624.0758302098045
        ],
        [
          0.02166797170840661,
          1624.0758302098045
        ],
        [
          0.036182817093051614,
          1547.034814644456
        ],
        [
          0.07082846616946716,
          1469.9937990791075
        ],
        [
          0.11787350936420933,
          1392.9527835137587
        ],
        [
          0.16692746107338613,
          1315.9117679484102
        ],
        [
          0.21420484448609167,
          1238.8707523830615
        ],
        [
          0.2607627434116786,
          1161.829736817713
        ],
        [
          0.3096241479788968,
          1084.7887212523642
        ],
        [
          0.35853112203637855,
          1007.7477056870157
        ],
        [
          0.4061486720665443,
          930.7066901216671
        ],
        [
          0.45560055453576886,
          853.6656745563184
        ],
        [
          0.5056088982452537,
          776.6246589909698
        ],
        [
          0.555232789494628,
          699.5836434256212
        ],
        [
          0.6044523317458891,
          622.5426278602725
        ],
        [
          0.653955560119636,
          545.5016122949239
        ],
        [
          0.7031641913661861,
          468.46059672957534
        ],
        [
          0.7522624289180134,
          391.4195811642267
        ],
        [
          0.8015904393925779,
          314.3785655988781
        ],
        [
          0.8514498799789482,
          237.33755003352948
        ],
        [
          0.9016084104591607,
          160.29653446818085
        ],
        [
          0.9478126644673505,
          83.25551890283224
        ],
        [
          0.9884298422397083,
          6.21450333748362
        ],
        [
          1,
          0
        ]
      ],
      "analysisPrintTime": 1276.0,
      "analysisFirstFilamentPrintTime": 16.0,
      "analysisLastFilamentPrintTime": 1276.0,
      "compensatedPrintTime": 1624.446827927787
    }
  },
  "left_eye_thick.stl": {},
  "right_eye_thick.stl": {}
}