{
  "3M Adhesive Removal Tool.stl": {},
  "3M Adhesive Removal Tool_PETG.gcode": {
    "analysis": {
      "analysisPending": false,
      "estimatedPrintTime": 3612.956979527693,
      "printingArea": {
        "maxX": 184.24000549316406,
        "maxY": 132.3769989013672,
        "maxZ": 6.0,
        "minX": 60.0,
        "minY": -3.0,
        "minZ": 0.0
      },
      "dimensions": {
        "width": 124.24000549316406,
        "depth": 135.3769989013672,
        "height": 6.0
      },
      "filament": {
        "tool0": {
          "length": 2257.5624590690713,
          "volume": 5.430074065392869
        }
      },
      "firstFilament": 0.013225233480472182,
      "lastFilament": 0.9955988983482221,
      "progress": [
        [
          0,
          3612.956979527693
        ],
        [
          0.013225233480472182,
          3612.651035684101
        ],
        [
          0.013549962278271118,
          3612.651035684101
        ],
        [
          0.019844848686178078,
          3547.1165219741606
        ],
        [
          0.02110643872820153,
          3481.5820082642203
        ],
        [
          0.021909862564135105,
          3416.04749455428
        ],
        [
          0.022750144984876316,
          3350.5129808443394
        ],
        [
          0.025587789450699776,
          3284.978467134399
        ],
        [
          0.03458594978740995,
          3219.443953424459
        ],
        [
          0.03686231732255507,
          3153.9094397145186
        ],
        [
          0.04716592475156614,
          3088.3749260045784
        ],
        [
          0.04962891803257272,
          3022.840412294638
        ],
        [
          0.059912463193903684,
          2957.305898584698
        ],
        [
          0.06267825674757048,
          2891.771384874757
        ],
        [
          0.0729440724630446,
          2826.236871164817
        ],
        [
          0.07542479518990802,
          2760.7023574548766
        ],
        [
          0.08599341117804236,
          2695.1678437449364
        ],
        [
          0.08862016855104238,
          2629.633330034996
        ],
        [
          0.09863917171761472,
          2564.098816325056
        ],
        [
          0.10198443821218134,
          2498.5643026151156
        ],
        [
          0.120244367751631,
          2433.029788905175
        ],
        [
          0.14728970427750876,
          2367.4952751952346
        ],
        [
          0.17652369423797676,
          2301.9607614852944
        ],
        [
          0.20371693166744972,
          2236.426247775354
        ],
        [
          0.22692291003659265,
          2170.891734065414
        ],
        [
          0.24748486815124338,
          2105.3572203554736
        ],
        [
          0.26946051629079465,
          2039.8227066455333
        ],
        [
          0.29665515341336157,
          1974.288192935593
        ],
        [
          0.32694311227358214,
          1908.7536792256526
        ],
        [
          0.3529531424742935,
          1843.2191655157123
        ],
        [
          0.3791260036382689,
          1777.684651805772
        ],
        [
          0.4058932678028131,
          1712.1501380958318
        ],
        [
          0.4357757822301497,
          1646.6156243858914
        ],
        [
          0.46180074249052994,
          1581.081110675951
        ],
        [
          0.48384917467096716,
          1515.5465969660108
        ],
        [
          0.5082001019909701,
          1450.0120832560704
        ],
        [
          0.5311256751769562,
          1384.47756954613
        ],
        [
          0.5504517042896394,
          1318.9430558361898
        ],
        [
          0.579353500422474,
          1253.4085421262496
        ],
        [
          0.6003479637031587,
          1187.874028416309
        ],
        [
          0.6277922127608153,
          1122.3395147063688
        ],
        [
          0.6523069041728117,
          1056.8050009964286
        ],
        [
          0.6755884659690286,
          991.2704872864882
        ],
        [
          0.700398026059486,
          925.7359735765478
        ],
        [
          0.7241984074291977,
          860.2014598666076
        ],
        [
          0.7483183853886971,
          794.6669461566672
        ],
        [
          0.7784015224928348,
          729.1324324467269
        ],
        [
          0.8018389167868458,
          663.5979187367866
        ],
        [
          0.8280990254870115,
          598.0634050268462
        ],
        [
          0.855644519011798,
          532.528891316906
        ],
        [
          0.8825564181293848,
          466.99437760696554
        ],
        [
          0.9085314560027471,
          401.45986389702523
        ],
        [
          0.9305644915591508,
          335.9253501870849
        ],
        [
          0.9423382433011855,
          270.3908364771446
        ],
        [
          0.9552718740537491,
          204.85632276720426
        ],
        [
          0.9679362971679076,
          139.32180905726395
        ],
        [
          0.9820326063171881,
          73.78729534732364
        ],
        [
          0.9943615696531607,
          8.252781637383304
        ],
        [
          1,
          0
        ]
      ],
      "analysisPrintTime": 3323.0,
      "analysisFirstFilamentPrintTime": 23.0,
      "analysisLastFilamentPrintTime": 3323.0,
      "compensatedPrintTime": 3612.956979527693
    }
  }
}