{
  "1_Clamp_at_10.3_x_2_x_3_x_1_x_4_x_20_PET.gcode": {
    "analysis": {
      "analysisPending": false,
      "estimatedPrintTime": 1622.1408487006508,
      "printingArea": {
        "maxX": 138.75399780273438,
        "maxY": 114.90399932861328,
        "maxZ": 20.0,
        "minX": 60.0,
        "minY": -3.0,
        "minZ": 0.0
      },
      "dimensions": {
        "width": 78.75399780273438,
        "depth": 117.90399932861328,
        "height": 20.0
      },
      "filament": {
        "tool0": {
          "length": 578.6276684689801,
          "volume": 1.391762643576109
        }
      },
      "firstFilament": 0.053626904128658594,
      "lastFilament": 0.9724011098304284,
      "progress": [
        [
          0,
          1622.1408487006508
        ],
        [
          0.053626904128658594,
          1621.7698509826685
        ],
        [
          0.05584911925568565,
          1621.7698509826685
        ],
        [
          0.09275832452642233,
          1544.7288354173197
        ],
        [
          0.130057056011954,
          1467.6878198519712
        ],
        [
          0.16732705195704994,
          1390.6468042866227
        ],
        [
          0.20449806992953407,
          1313.605788721274
        ],
        [
          0.24176168019897765,
          1236.5647731559254
        ],
        [
          0.2790252904684212,
          1159.5237575905767
        ],
        [
          0.32318223760460535,
          1082.4827420252282
        ],
        [
          0.3783736322680962,
          1005.4417264598795
        ],
        [
          0.43386834652507494,
          928.4007108945309
        ],
        [
          0.4883764738937615,
          851.3596953291823
        ],
        [
          0.5429356866676671,
          774.3186797638336
        ],
        [
          0.5975874917385321,
          697.277664198485
        ],
        [
          0.6511952388402336,
          620.2366486331363
        ],
        [
          0.7054064322910847,
          543.1956330677878
        ],
        [
          0.7533245423865186,
          466.15461750243907
        ],
        [
          0.7907765300877072,
          389.1136019370905
        ],
        [
          0.828228517788896,
          312.07258637174186
        ],
        [
          0.8659199683270488,
          235.03157080639326
        ],
        [
          0.9036561185947682,
          157.99055524104466
        ],
        [
          0.9410474423772593,
          80.94953967569602
        ],
        [
          1,
          0
        ]
      ],
      "analysisPrintTime": 1261.0,
      "analysisFirstFilamentPrintTime": 1.0,
      "analysisLastFilamentPrintTime": 1259.2040896967303,
      "compensatedPrintTime": 1622.1408487006508
    }
  },
  "1_Clamp_at_10.3_x_2_x_3_x_1_x_4_x_20.stl": {}
}