{
    "Linear_Bearing_Greaser_LM8UU.stl": {
        "hash": "d8c6988134a561f3bf75fe4871f3f102281b4084"
    },
    "Linear_Bearing_Greaser_LM8UU_PET.gcode": {
        "hash": "d278016ed3017920707e82b87b25f2ab09f8ec1b",
        "thumbnail": "/plugin/prusaslicerthumbnails/thumbnail/Linear_Bearing_Greaser/Linear_Bearing_Greaser_LM8UU_PET.png?20200423005209",
        "analysis": {
            "lastFilament": 0.9945782601455593,
            "printingArea": {
                "maxZ": 35.79999923706055,
                "maxX": 137.25399780273438,
                "maxY": 117.25399780273438,
                "minX": 60.0,
                "minY": -3.0,
                "minZ": 0.0
            },
            "dimensions": {
                "width": 77.25399780273438,
                "depth": 120.25399780273438,
                "height": 35.79999923706055
            },
            "compensatedPrintTime": 2072.1196634298526,
            "analysisPending": false,
            "analysisPrintTime": 1733.0617233936218,
            "analysisLastFilamentPrintTime": 1727.1938458162685,
            "firstFilament": 0.01508181586654782,
            "progress": [
                [
                    0,
                    2072.1196634298526
                ],
                [
                    0.01508181586654782,
                    1769.8847896450511
                ],
                [
                    0.04224316527735603,
                    1709.0398264988003
                ],
                [
                    0.07348490043001694,
                    1648.1420736966024
                ],
                [
                    0.10320284261771591,
                    1587.2986759279493
                ],
                [
                    0.13394072818814956,
                    1526.4597703762904
                ],
                [
                    0.16486472587644113,
                    1465.5947638805542
                ],
                [
                    0.19411616334766724,
                    1404.7288642976764
                ],
                [
                    0.22477384928836602,
                    1343.8870009907548
                ],
                [
                    0.25451627991262527,
                    1283.0286547113355
                ],
                [
                    0.28487459471637494,
                    1222.14742963686
                ],
                [
                    0.31843109933489405,
                    1161.3066046758051
                ],
                [
                    0.35391239506704936,
                    1100.2515604031537
                ],
                [
                    0.3892565555544672,
                    1039.4057434525148
                ],
                [
                    0.4247329535993104,
                    978.5590449409777
                ],
                [
                    0.46253636532829195,
                    917.7104265454266
                ],
                [
                    0.501334619792534,
                    856.8652947837645
                ],
                [
                    0.5405522387328704,
                    796.0068036525905
                ],
                [
                    0.5832704796794953,
                    735.0697808980862
                ],
                [
                    0.630066657524317,
                    674.2296975782593
                ],
                [
                    0.6774144374026585,
                    613.3638869698253
                ],
                [
                    0.7096969311091302,
                    552.52325637654
                ],
                [
                    0.7417461724573656,
                    491.67696315140665
                ],
                [
                    0.7736833792083379,
                    430.83412312044294
                ],
                [
                    0.8057001733781308,
                    369.97459315322476
                ],
                [
                    0.8379098139858359,
                    309.08350390756715
                ],
                [
                    0.8703514825299493,
                    248.22367210218385
                ],
                [
                    0.9021197190686557,
                    187.33825202880777
                ],
                [
                    0.9346085278531477,
                    126.49181279257041
                ],
                [
                    0.9736988069233707,
                    65.447133075581
                ],
                [
                    0.9945782601455593,
                    27.973081241403634
                ],
                [
                    1,
                    0
                ]
            ],
            "analysisFirstFilamentPrintTime": 9.275442806155525,
            "estimatedPrintTime": 2072.1196634298526,
            "filament": {
                "tool0": {
                    "volume": 5.906356196085867,
                    "length": 835.5784749053419
                }
            }
        }
    }
}