{
    "greaser-with-cap_PET.gcode": {
        "hash": "b8f93d70d82141587ae5e26bb50b41349826dfce",
        "thumbnail": "plugin/prusaslicerthumbnails/thumbnail/Linear_Bearing_Greaser/greaser-with-cap_PET.png?20200924142540",
        "thumbnail_src": "prusaslicerthumbnails",
        "analysis": {
            "analysisPending": false,
            "estimatedPrintTime": 3988.951597696409,
            "printingArea": {
                "maxX": 148.53700256347656,
                "maxY": 120.49199676513672,
                "maxZ": 42.400001525878906,
                "minX": 60.0,
                "minY": -3.0,
                "minZ": 0.0
            },
            "dimensions": {
                "width": 88.53700256347656,
                "depth": 123.49199676513672,
                "height": 42.400001525878906
            },
            "filament": {
                "tool0": {
                    "length": 2064.152056492865,
                    "volume": 14.590631107283059
                }
            },
            "firstFilament": 0.00569011262163184,
            "lastFilament": 0.9982266759627243,
            "progress": [
                [
                    0,
                    3988.951597696409
                ],
                [
                    0.00569011262163184,
                    3676.2940559354206
                ],
                [
                    0.01752922434822564,
                    3616.534723608612
                ],
                [
                    0.03886555124611313,
                    3556.774632893946
                ],
                [
                    0.06102232968351391,
                    3496.9850861838204
                ],
                [
                    0.08168917291145825,
                    3437.210771138221
                ],
                [
                    0.10155291493628638,
                    3377.451247576884
                ],
                [
                    0.12150699836787181,
                    3317.688635847901
                ],
                [
                    0.14153945745697516,
                    3257.928831343089
                ],
                [
                    0.16128094941040766,
                    3198.1534529630458
                ],
                [
                    0.18127950554333278,
                    3138.3822567876728
                ],
                [
                    0.2016099117884966,
                    3078.4395290862785
                ],
                [
                    0.22170140190718088,
                    3018.6517304032054
                ],
                [
                    0.24222026870286492,
                    2958.883629150936
                ],
                [
                    0.2623847498919094,
                    2899.115536020665
                ],
                [
                    0.2831199973196722,
                    2839.3446388180573
                ],
                [
                    0.30423176699016735,
                    2779.562284150599
                ],
                [
                    0.3257280360695545,
                    2719.7879849315955
                ],
                [
                    0.34714194090834394,
                    2660.01742284874
                ],
                [
                    0.3685773840957643,
                    2600.2468679714225
                ],
                [
                    0.3896123735419735,
                    2540.484176117389
                ],
                [
                    0.4106162520401602,
                    2480.722634434684
                ],
                [
                    0.43226209298503965,
                    2420.9635877966125
                ],
                [
                    0.451621478679428,
                    2361.2049584179363
                ],
                [
                    0.4709246253523913,
                    2301.4422582159536
                ],
                [
                    0.48976589410471466,
                    2241.682259148259
                ],
                [
                    0.5066208484833014,
                    2181.9071041042166
                ],
                [
                    0.5196535436965231,
                    2122.139826519993
                ],
                [
                    0.5352977636812388,
                    2062.3775851336954
                ],
                [
                    0.5484882073552663,
                    2002.6158707498118
                ],
                [
                    0.5616230102953307,
                    1942.8544128311435
                ],
                [
                    0.574373712684811,
                    1883.0931486996897
                ],
                [
                    0.587361735767539,
                    1823.3252659820841
                ],
                [
                    0.5999584788501393,
                    1763.542049268247
                ],
                [
                    0.6128447930643327,
                    1703.7718809983758
                ],
                [
                    0.6259454936190648,
                    1644.00611090152
                ],
                [
                    0.6392464210444025,
                    1584.239445959656
                ],
                [
                    0.6527130740967055,
                    1524.4545276858278
                ],
                [
                    0.6659079052121208,
                    1464.6950922811372
                ],
                [
                    0.6790149874997806,
                    1404.9109044726385
                ],
                [
                    0.6923268835285877,
                    1345.1515610317435
                ],
                [
                    0.7045748250208603,
                    1285.383009053603
                ],
                [
                    0.7178221060037748,
                    1225.6234273695297
                ],
                [
                    0.7327617427874452,
                    1165.8515185561898
                ],
                [
                    0.7478653103356951,
                    1106.0661712096207
                ],
                [
                    0.7632472809829145,
                    1046.2902583150665
                ],
                [
                    0.7783408770734649,
                    986.521882440652
                ],
                [
                    0.7933678638265828,
                    926.7528597977431
                ],
                [
                    0.8068177648299507,
                    866.9936688912804
                ],
                [
                    0.8201041339270472,
                    807.2228035039383
                ],
                [
                    0.8336595329528756,
                    747.461609733354
                ],
                [
                    0.8472667835587414,
                    687.6989683280045
                ],
                [
                    0.8610439478038063,
                    627.9236756962807
                ],
                [
                    0.8748296875024929,
                    568.1526501049852
                ],
                [
                    0.8885326641022736,
                    508.3759864897558
                ],
                [
                    0.9025491433321261,
                    448.5765505355363
                ],
                [
                    0.9165510642337373,
                    388.7685522812892
                ],
                [
                    0.9289447884375763,
                    328.9677814390802
                ],
                [
                    0.9403527343332445,
                    269.17573827133435
                ],
                [
                    0.9520672028385948,
