{
  "Disney & Symbol.3mf": {
    "hash": "7575557bb767d3576b0f5562959ac053d7d80347"
  },
  "Disney & Symbol.stl": {
    "hash": "c14b7bcfcb7e94fd5ebcf0331d44f891d6852c31"
  },
  "Disney & Symbol_PETG.gcode": {
    "hash": "810ed1406d3584e09801262f4e5df4ff0273e4c5",
    "analysis": {
      "analysisPending": false,
      "estimatedPrintTime": 5054.71628114638,
      "printingArea": {
        "maxX": 178.20399475097656,
        "maxY": 169.9770050048828,
        "maxZ": 9.0,
        "minX": 60.0,
        "minY": -3.0,
        "minZ": 0.0
      },
      "dimensions": {
        "width": 118.20399475097656,
        "depth": 172.9770050048828,
        "height": 9.0
      },
      "filament": {
        "tool0": {
          "length": 7512.969390729442,
          "volume": 18.07080910599171
        }
      },
      "firstFilament": 0.010969030223827605,
      "lastFilament": 0.9960490467612547,
      "progress": [
        [
          0,
          5054.71628114638
        ],
        [
          0.010969030223827605,
          5054.410337302788
        ],
        [
          0.015761391136696508,
          5054.410337302788
        ],
        [
          0.01641194435797498,
          4988.875823592848
        ],
        [
          0.024160485096091085,
          4988.875823592848
        ],
        [
          0.02696890972444373,
          4923.341309882907
        ],
        [
          0.027667160618506124,
          4923.341309882907
        ],
        [
          0.028172469046720768,
          4857.806796172967
        ],
        [
          0.028318431098021946,
          4857.806796172967
        ],
        [
          0.029581522853999218,
          4792.272282463026
        ],
        [
          0.02966149714746399,
          4792.272282463026
        ],
        [
          0.031079875311828018,
          4792.272282463026
        ],
        [
          0.03132517762900248,
          4726.737768753086
        ],
        [
          0.03296411270135232,
          4726.737768753086
        ],
        [
          0.03369643336168894,
          4661.203255043146
        ],
        [
          0.03431650310787994,
          4661.203255043146
        ],
        [
          0.03536011384322743,
          4595.668741333206
        ],
        [
          0.03553548348226005,
          4595.668741333206
        ],
        [
          0.03692983349567278,
          4595.668741333206
        ],
        [
          0.0370976719232132,
          4530.134227623265
        ],
        [
          0.039478610642103916,
          4530.134227623265
        ],
        [
          0.03987704759295308,
          4464.599713913325
        ],
        [
          0.04018690315148924,
          4464.599713913325
        ],
        [
          0.04972930674122327,
          4399.065200203385
        ],
        [
          0.055953673724965895,
          4399.065200203385
        ],
        [
          0.060636652756638584,
          4333.530686493445
        ],
        [
          0.06096838469141399,
          4333.530686493445
        ],
        [
          0.06714146771118593,
          4333.530686493445
        ],
        [
          0.06821197563043413,
          4267.996172783504
        ],
        [
          0.07521062288139849,
          4267.996172783504
        ],
        [
          0.08510125534536701,
          4202.461659073564
        ],
        [
          0.08684096520006485,
          4202.461659073564
        ],
        [
          0.09113124534678718,
          4136.927145363624
        ],
        [
          0.09194102989675786,
          4136.927145363624
        ],
        [
          0.09740187548683903,
          4136.927145363624
        ],
        [
          0.09757078980173547,
          4071.392631653683
        ],
        [
          0.11355632413760455,
          4071.392631653683
        ],
        [
          0.1153512628765785,
          4005.858117943743
        ],
        [
          0.1182489861554815,
          4005.858117943743
        ],
        [
          0.12260238502709084,
          3940.3236042338026
        ],
        [
          0.1242861487392752,
          3940.3236042338026
        ],
        [
          0.1351411349033638,
          3874.7890905238623
        ],
        [
          0.13650464281257038,
          3874.7890905238623
        ],
        [
          0.14699956534150815,
          3874.7890905238623
        ],
        [
          0.15214840359834111,
          3809.2545768139216
        ],
        [
          0.16244105930434558,
          3809.2545768139216
        ],
        [
          0.167859586658423,
          3743.7200631039814
        ],
        [
          0.17853884455436028,
          3743.7200631039814
        ],
        [
          0.18476249427986555,
          3678.185549394041
        ],
        [
          0.18861094335237893,
          3678.185549394041
        ],
        [
          0.20307983514536673,
          3678.185549394041
        ],
        [
          0.20352453525252512,
          3612.651035684101
        ],
        [
          0.2195082764428008,
          3612.651035684101
        ],
        [
          0.22204163253712889,
          3547.1165219741606
        ],
        [
          0.23109056245956458,
          3547.1165219741606
        ],
        [
          0.2403926845397856,
          3481.5820082642203
        ],
        [
          0.2427062009843652,
          3481.5820082642203
        ],
        [
          0.25921282342967067,
          3416.04749455428
        ],
        [
          0.25958077690543235,
          3416.04749455428
        ],
        [
          0.2732488498764164,
          3416.04749455428
        ],
        [
          0.27721421204161817,
          3350.5129808443394
        ],
        [
          0.28419026565810596,
          3350.5129808443394
        ],
        [
          0.2947934941808839,
          3284.978467134399
        ],
        [
          0.29952883306388334,
          3284.978467134399
        ],
        [
          0.31206650705280026,
          3219.443953424459
        ],
        [
          0.31620580434055995,
          3219.443953424459
        ],
        [
          0.3271891797291346,
          3219.443953424459
        ],
        [
          0.3288962543340329,
          3153.9094397145186
        ],
        [
          0.3412051229452345,
          3153.9094397145186
        ],
        [
          0.34467163200635775,
          3088.3749260045784
        ],
        [
          0.35791975027937206,
          3088.3749260045784
        ],
        [
          0.36296351020443296,
          3022.840412294638
        ],
        [
          0.36962612197119776,
          3022.840412294638
        ],
        [
          0.3818837066184287,
          2957.305898584698
        ],
        [
          0.3823197996267388,
          2957.305898584698
        ],
        [
          0.39901362647199323,
          2957.305898584698
        ],
        [
          0.40027994589003857,
          2891.771384874757
        ],
        [
          0.41137270315980945,
          2891.771384874757
        ],
        [
          0.4189372671600447,
          2826.236871164817
        ],
        [
          0.4228649732677855,
          2826.236871164817
        ],
        [
          0.4370993216171591,
          2760.7023574548766
        ],
        [
          0.43974026644709,
          2760.7023574548766
        ],
        [
          0.45287111299829724,
          2760.7023574548766
        ],
        [
          0.4541836955726518,
          2695.1678437449364
        ],
        [
          0.4629500257495707,
          2695.1678437449364
        ],
        [
          0.47025386638052846,
          2629.633330034996
        ],
        [
          0.47971235075649227,
          2629.633330034996
        ],
        [
          0.48670597719979514,
          2564.098816325056
        ],
        [
          0.4948529548887604,
