{
    "LED_Clip.stl": {
        "hash": "1da20893e4e1ea4b8aecc6ed218380143815dbbd",
        "display": "LED Clip.stl"
    },
    "LED_Clip_PETG.gcode": {
        "hash": "912aba4f7d059f1b1f4248d0dc5738303064b3f7",
        "display": "LED Clip_PETG.gcode",
        "analysis": {
            "analysisPending": false,
            "estimatedPrintTime": 1101.710940362284,
            "printingArea": {
                "maxX": 155.9040069580078,
                "maxY": 136.3780059814453,
                "maxZ": 2.0,
                "minX": 60.0,
                "minY": -3.0,
                "minZ": 0.0
            },
            "dimensions": {
                "width": 95.90400695800781,
                "depth": 139.3780059814453,
                "height": 2.0
            },
            "filament": {
                "tool0": {
                    "length": 915.0373457297683,
                    "volume": 6.4680178569861235
                }
            },
            "firstFilament": 0.02546220537568505,
            "lastFilament": 0.9909314323457481,
            "progress": [
                [
                    0,
                    1101.710940362284
                ],
                [
                    0.02538683232868996,
                    1096.5252078277974
                ],
                [
                    0.02546220537568505,
                    1092.4394390930365
                ],
                [
                    0.04904206807772945,
                    1032.191281763189
                ],
                [
                    0.07784349778542086,
                    971.7000589605805
                ],
                [
                    0.10390868753706668,
                    911.4168666341878
                ],
                [
                    0.13050148861767816,
                    850.800652212742
                ],
                [
                    0.18348576540337472,
                    790.7964402156879
                ],
                [
                    0.23163129092210988,
                    730.7790856026625
                ],
                [
                    0.2856440130990422,
                    670.7404636916881
                ],
                [
                    0.33667751641843147,
                    610.6453464255451
                ],
                [
                    0.3894634430804568,
                    550.6413491583379
                ],
                [
                    0.4397174304138179,
                    490.6335112803898
                ],
                [
                    0.4888844590694602,
                    430.6270651257223
                ],
                [
                    0.5410832693654184,
                    370.6252221947375
                ],
                [
                    0.6143885163212399,
                    310.6191095888171
                ],
                [
                    0.6908187694755028,
                    250.47325238616872
                ],
                [
                    0.7651861813435841,
                    190.46345260063163
                ],
                [
                    0.83739653561674,
                    130.43237981600794
                ],
                [
                    0.9117996505070821,
                    70.42278868286417
                ],
                [
                    0.9850513429295124,
                    10.420248859637695
                ],
                [
                    0.9909314323457481,
                    5.058067328594689
                ],
                [
                    0.9911763947484821,
                    0.0
                ],
                [
                    1,
                    0
                ]
            ],
            "analysisPrintTime": 1101.710940362284,
            "analysisFirstFilamentPrintTime": 9.271501269247437,
            "analysisLastFilamentPrintTime": 1096.6528730336893,
            "compensatedPrintTime": 1101.710940362284
        },
        "thumbnail": "plugin/prusaslicerthumbnails/thumbnail/House/LED_Clip_PETG.png?20201209212256",
        "thumbnail_src": "prusaslicerthumbnails",
        "history": [
            {
                "timestamp": 1607550537.7589378,
                "printTime": 1432.0702943630167,
                "success": true,
                "printerProfile": "_default"
            }
        ],
        "statistics": {
            "averagePrintTime": {
                "_default": 1432.0702943630167
            },
            "lastPrintTime": {
                "_default": 1432.0702943630167
            }
        }
    }
}