{
    "Prusa_MK2s_MK25_y-belt_Block_0.2mm_PETG.gcode": {
        "statistics": {
            "averagePrintTime": {
                "_default": 4219.102297766
            },
            "lastPrintTime": {
                "_default": 4219.102297766
            }
        },
        "hash": "ace8d1b0a6b4ea0454110a889c22289cb733a2d5",
        "analysis": {
            "analysisFirstFilamentPrintTime": 9.275442806155752,
            "printingArea": {
                "maxZ": 20.0,
                "maxX": 152.927001953125,
                "maxY": 141.427001953125,
                "minX": 60.0,
                "minY": -3.0,
                "minZ": 0.0
            },
            "dimensions": {
                "width": 92.927001953125,
                "depth": 144.427001953125,
                "height": 20.0
            },
            "compensatedPrintTime": 3989.550374266846,
            "analysisPending": false,
            "analysisPrintTime": 3989.550374266846,
            "analysisLastFilamentPrintTime": 3983.2606644495704,
            "firstFilament": 0.00070962421064463,
            "progress": [
                [
                    0,
                    3989.550374266846
                ],
                [
                    0.00065816291292613,
                    3984.36401441964
                ],
                [
                    0.00070962421064463,
                    3980.2749314606904
                ],
                [
                    0.01056784833543016,
                    3919.907904408755
                ],
                [
                    0.01450531473323411,
                    3859.1630777239593
                ],
                [
                    0.0204883677153486,
                    3799.1083852429015
                ],
                [
                    0.03603374236036722,
                    3739.0536348110554
                ],
                [
                    0.05282095937401394,
                    3678.9953963455528
                ],
                [
                    0.06965963768537917,
                    3618.713889549988
                ],
                [
                    0.08735013589845332,
                    3558.7110201299674
                ],
                [
                    0.10694199363775851,
                    3498.301793393893
                ],
                [
                    0.1240542293738379,
                    3438.2548444987706
                ],
                [
                    0.14313959960401887,
                    3377.66723490815
                ],
                [
                    0.15881295037099533,
                    3317.6501989986973
                ],
                [
                    0.1762739041113514,
                    3257.548487478676
                ],
                [
                    0.19386892807471098,
                    3197.5303123969397
                ],
                [
                    0.21247421856696536,
                    3137.359384275199
                ],
                [
                    0.23142754994115808,
                    3077.3195602644473
                ],
                [
                    0.2450952643417897,
                    3017.3176137437576
                ],
                [
                    0.2596858964896624,
                    2957.0300395173476
                ],
                [
                    0.273453147874039,
                    2896.9612060156137
                ],
                [
                    0.2887804891260924,
                    2836.71774094533
                ],
                [
                    0.3037875515120819,
                    2776.6489569628566
                ],
                [
                    0.31933902025814614,
                    2716.358774662588
                ],
                [
                    0.3340704938524063,
                    2656.240111884069
                ],
                [
                    0.3460555592421105,
                    2596.1690284235974
                ],
                [
                    0.3619008990830409,
                    2536.135134472215
                ],
                [
                    0.37784713015239313,
                    2476.132262335891
                ],
                [
                    0.3866395637165349,
                    2415.8064819179644
                ],
                [
                    0.40000528155423953,
                    2355.7392800141215
                ],
                [
                    0.4171845524018207,
                    2295.6219752522215
                ],
                [
                    0.4320216570808714,
                    2235.5668108284735
                ],
                [
                    0.4527300895562005,
                    2174.9847559373084
                ],
                [
                    0.47026146401975033,
                    2114.9437447458204
                ],
                [
                    0.4923234640495437,
                    2054.8763578591106
                ],
                [
                    0.5109301087864749,
                    1994.7949920331523
                ],
                [
                    0.533577142516647,
                    1934.1776180640145
                ],
                [
                    0.5525446934599462,
                    1874.1367248131105
                ],
                [
                    0.5723396879007718,
                    1814.1116477120709
                ],
                [
                    0.590163579214511,
                    1753.993047215405
                ],
                [
                    0.608867729568172,
                    1693.9557002946403
                ],
                [
                    0.6268724125462644,
                    1633.9463471107115
                ],
                [
                    0.6456774541283472,
                    1573.921117297772
                ],
                [
                    0.6631248654219353,
                    1513.6098649797718
                ],
                [
                    0.6812189285486966,
                    1453.5864085428643
                ],
                [
                    0.7004173782093907,
                    1393.5241121078361
                ],
                [
                    0.7178492156891955,
                    1333.485683172773
                ],
                [
                    0.7362073565279333,
                    1273.1420251537315
                ],
                [
                    0.7553942951088745,
                    1213.0998179520689
                ],
                [
                    0.7751892895497001,
                    1153.0904038285307
                ],
                [
                    0.7920178110259893,
                    1092.9840255964914
                ],
                [
                    0.8098464421960974,
                    1032.9391531154092
                ],
                [
                    0.8293340230952887,
                    972.9083248266693
                ],
                [
                    0.853562137485628,
                    912.9080592033933
                ],
                [
                    0.8635347952856034,
                    852.8574384119779
                ],
                [
                    0.8737965843240761,
                    792.7988548086455
                ],
                [
                    0.8828639295576088,
                    732.7510042693402
                ],
                [
                    0.8915067190849639,
                    672.6687014745944
                ],
                [
                    0.9013351498268598,
                    612.6104562645119
                ],
                [
                    0.9101783675663817,
