{
    "1_Clamp_at_10.3_x_2_x_3_x_1_x_4_x_20_0.2mm_PETG.gcode": {
        "analysis": {
            "analysisFirstFilamentPrintTime": 9.275442806155752,
            "printingArea": {
                "maxZ": 20.0,
                "maxX": 138.566,
                "maxY": 114.716,
                "minX": 60.0,
                "minY": -3.0,
                "minZ": 0.0
            },
            "dimensions": {
                "width": 78.566,
                "depth": 117.716,
                "height": 20.0
            },
            "compensatedPrintTime": 2350.241554301396,
            "analysisPending": false,
            "analysisPrintTime": 2350.241554301396,
            "analysisLastFilamentPrintTime": 2344.4549431762052,
            "firstFilament": 0.00466581806446986,
            "progress": [
                [
                    0,
                    2350.241554301396
                ],
                [
                    0.00432518197138657,
                    2345.05519445419
                ],
                [
                    0.00466581806446986,
                    2340.96611149524
                ],
                [
                    0.04155312130230557,
                    2280.777376549561
                ],
                [
                    0.0672711463300943,
                    2219.483046993532
                ],
                [
                    0.09025511850550397,
                    2158.6201883413128
                ],
                [
                    0.11144626913836997,
                    2098.2114423958324
                ],
                [
                    0.13140933701459356,
                    2038.1194867268428
                ],
                [
                    0.15163684606834235,
                    1977.91939262842
                ],
                [
                    0.17184194485280935,
                    1917.440450764021
                ],
                [
                    0.19378159847968734,
                    1856.348181600072
                ],
                [
                    0.2161604933844885,
                    1794.3261115494447
                ],
                [
                    0.23883072178995302,
                    1734.2199005786997
                ],
                [
                    0.25812148158772275,
                    1674.1137137518376
                ],
                [
                    0.28391121947721326,
                    1614.008076818145
                ],
                [
                    0.3141023342536484,
                    1552.5963780899037
                ],
                [
                    0.34354494603607155,
                    1492.5859624869463
                ],
                [
                    0.3731354655957546,
                    1432.4880869752083
                ],
                [
                    0.4031562623256481,
                    1372.4796126297074
                ],
                [
                    0.42833644089067374,
                    1312.1514811367451
                ],
                [
                    0.4545250815733802,
                    1252.0509792500525
                ],
                [
                    0.4805971888558213,
                    1191.9663755938652
                ],
                [
                    0.5083948868729606,
                    1131.6085882672305
                ],
                [
                    0.5356368102119115,
                    1071.4393866410355
                ],
                [
                    0.5650346014557711,
                    1011.2991699933298
                ],
                [
                    0.5945085876151888,
                    950.6122027021199
                ],
                [
                    0.6231623579188927,
                    890.1664807139757
                ],
                [
                    0.6535148266341568,
                    830.1351261879674
                ],
                [
                    0.6867985585714798,
                    769.2370841507445
                ],
                [
                    0.7156719495141454,
                    708.6351100103004
                ],
                [
                    0.7458630642905805,
                    647.0210376682539
                ],
                [
                    0.7680985334719782,
                    586.1862478646588
                ],
                [
                    0.7892583097278497,
                    525.0577651039093
                ],
                [
                    0.8083787514790778,
                    464.8757372848347
                ],
                [
                    0.8278891319158092,
                    403.29998856324937
                ],
                [
                    0.8452212341783499,
                    342.9777307211632
                ],
                [
                    0.8635438703431461,
                    282.70745632454873
                ],
                [
                    0.881476567822439,
                    222.230303699258
                ],
                [
                    0.9024212054932053,
                    160.98664671210327
                ],
                [
                    0.9219271038760801,
                    100.97381047349336
                ],
                [
                    0.9475510057728853,
                    40.66097208483279
                ],
                [
                    0.9630633941697443,
                    5.786611125190575
                ],
                [
                    0.9640987486105633,
                    0.0
                ],
                [
                    1,
                    0
                ]
            ],
            "estimatedPrintTime": 2350.241554301396,
            "lastFilament": 0.9630633941697443,
            "filament": {
                "tool0": {
                    "volume": 3.9139273286054426,
                    "length": 553.7074500000117
                }
            }
        }
    }
}