{
  "Cable Clips.3mf": {},
  "cable_clip_vertical.stl": {},
  "Cable Clips.gcode": {
    "analysis": {
      "analysisPending": false,
      "estimatedPrintTime": 7017.3179175021905,
      "printingArea": {
        "maxX": 212.49200439453125,
        "maxY": 199.7220001220703,
        "maxZ": 5.400000095367432,
        "minX": 37.222999572753906,
        "minY": -3.0,
        "minZ": 0.0
      },
      "dimensions": {
        "width": 175.26900482177734,
        "depth": 202.7220001220703,
        "height": 5.400000095367432
      },
      "filament": {
        "tool0": {
          "length": 3801.8873218949884,
          "volume": 9.144610667684875
        }
      },
      "firstFilament": 0.008045477693119937,
      "lastFilament": 0.9971373067743085,
      "progress": [
        [
          0,
          7017.3179175021905
        ],
        [
          0.008045477693119937,
          7016.946919784208
        ],
        [
          0.008546320204046547,
          6939.905904218859
        ],
        [
          0.010623447239075153,
          6939.905904218859
        ],
        [
          0.01712382443015945,
          6862.86488865351
        ],
        [
          0.019317823756584574,
          6862.86488865351
        ],
        [
          0.028469113988718434,
          6785.823873088162
        ],
        [
          0.029335216305935323,
          6785.823873088162
        ],
        [
          0.03853314698846408,
          6708.782857522813
        ],
        [
          0.03859958251373588,
          6708.782857522813
        ],
        [
          0.044393031482846346,
          6708.782857522813
        ],
        [
          0.045009661623532385,
          6631.741841957465
        ],
        [
          0.05417261196826497,
          6631.741841957465
        ],
        [
          0.05619957340257813,
          6554.700826392116
        ],
        [
          0.06524104164395657,
          6554.700826392116
        ],
        [
          0.06740385694831533,
          6477.659810826767
        ],
        [
          0.07559630629326106,
          6477.659810826767
        ],
        [
          0.07854116263796218,
          6400.618795261419
        ],
        [
          0.08279900189436155,
          6400.618795261419
        ],
        [
          0.08687732964982241,
          6323.57777969607
        ],
        [
          0.09309949113099296,
          6323.57777969607
        ],
        [
          0.09967904862158487,
          6246.536764130722
        ],
        [
          0.10381215178971882,
          6246.536764130722
        ],
        [
          0.11116154787723583,
          6169.495748565373
        ],
        [
          0.1142487660618051,
          6169.495748565373
        ],
        [
          0.12072202671196214,
          6092.454733000024
        ],
        [
          0.1237240989580198,
          6092.454733000024
        ],
        [
          0.13363546583234492,
          6015.413717434676
        ],
        [
          0.13563205674081957,
          6015.413717434676
        ],
        [
          0.1453351685808233,
          5938.372701869327
        ],
        [
          0.14613103905703856,
          5938.372701869327
        ],
        [
          0.1547736229813769,
          5861.331686303979
        ],
        [
          0.15491110384387816,
          5861.331686303979
        ],
        [
          0.16552587378985656,
          5861.331686303979
        ],
        [
          0.16664632926097123,
          5784.29067073863
        ],
        [
          0.17544401979941351,
          5784.29067073863
        ],
        [
          0.17735953225051562,
          5707.249655173281
        ],
        [
          0.1855929275722615,
          5707.249655173281
        ],
        [
          0.18758951848073613,
          5630.208639607933
        ],
        [
          0.1948928164486768,
          5630.208639607933
        ],
        [
          0.19835885270999998,
          5553.167624042584
        ],
        [
          0.20516890079847366,
          5553.167624042584
        ],
        [
          0.20925807517030542,
          5476.126608477235
        ],
        [
          0.214547427643578,
          5476.126608477235
        ],
        [
          0.21967245387883136,
          5399.085592911887
        ],
        [
          0.22362089340325061,
          5399.085592911887
        ],
        [
          0.22929747008096457,
          5322.044577346538
        ],
        [
          0.23315452686245894,
          5322.044577346538
        ],
        [
          0.24029648141188237,
          5245.00356178119
        ],
        [
          0.24291132945349866,
          5245.00356178119
        ],
        [
          0.2518006739002751,
          5167.962546215841
        ],
        [
          0.2535881962782005,
          5167.962546215841
        ],
        [
          0.2633067645465328,
          5090.921530650492
        ],
        [
          0.26406331603840355,
          5090.921530650492
        ],
        [
          0.27386947073393086,
          5013.880515085144
        ],
        [
          0.2739898681756479,
          5013.880515085144
        ],
        [
          0.2837699909918851,
          5013.880515085144
        ],
        [
          0.28473859383380706,
          4936.839499519795
        ],
        [
          0.2942188077073887,
          4936.839499519795
        ],
        [
          0.2961725544811982,
          4859.798483954447
        ],
        [
          0.30439917066771227,
          4859.798483954447
        ],
        [
          0.3070793695729633,
          4782.757468389098
        ],
        [
          0.31460393851487045,
          4782.757468389098
        ],
        [
          0.31795066199611366,
          4705.716452823749
        ],
        [
          0.3244542931721092,
          4705.716452823749
        ],
        [
          0.32910830509145594,
          4628.675437258401
        ],
        [
          0.3348526731214881,
          4628.675437258401
        ],
        [
          0.3403657370574106,
          4551.634421693052
        ],
        [
          0.3448535245808732,
          4551.634421693052
        ],
        [
          0.35103257076196936,
          4474.593406127704
        ],
        [
          0.35479878713135743,
          4474.593406127704
        ],
        [
          0.36200202506327644,
          4397.552390562355
        ],
        [
          0.3650962935484868,
          4397.552390562355
        ],
        [
          0.3734994384164374,
          4320.511374997006
        ],
        [
          0.37563595067609673,
          4320.511374997006
        ],
        [
          0.38402987592013205,
          4243.470359431658
        ],
        [
          0.38488947026752635,
          4243.470359431658
        ],
        [
          0.3947384690977188,
          4166.429343866309
        ],
        [
          0.39478348255565804,
          4166.429343866309
        ],
        [
          0.4052027422415509,
          4166.429343866309
        ],
        [
          0.4059885795976231,
          4089.3883283009604
        ],
        [
          0.41526840223375217,
          4089.3883283009604
        ],
        [
          0.41701633446192377,
          4012.347312735612
        ],
        [
          0.4251442464394626,
          4012.347312735612
        ],
        [
          0.42783420729944743,
          3935.306297170263
        ],
        [
          0.43503744523136645,
          3935.306297170263
        ],
        [
          0.43904608347664426,
          3858.2652816049144
        ],
        [
          0.4455575784495087,
          3858.2652816049144
        ],
        [
          0.4501999302562567,
          3781.224266039566
        ],
        [
          0.45556710720199056,
          3781.224266039566
        ],
        [
          0.46088167805832553,
