{
  "Articulated_Slug-round_tail.stl": {},
  "Articulated_Slug-round_tail_PET.gcode": {
    "analysis": {
      "analysisPending": false,
      "estimatedPrintTime": 3242.308154800108,
      "printingArea": {
        "maxX": 143.0330047607422,
        "maxY": 162.60000610351562,
        "maxZ": 8.199999809265137,
        "minX": 60.0,
        "minY": -3.0,
        "minZ": 0.0
      },
      "dimensions": {
        "width": 83.03300476074219,
        "depth": 165.60000610351562,
        "height": 8.199999809265137
      },
      "filament": {
        "tool0": {
          "length": 1980.6152195516042,
          "volume": 4.763937889738146
        }
      },
      "firstFilament": 0.020632783703164046,
      "lastFilament": 0.9944875651799565,
      "progress": [
        [
          0,
          3242.308154800108
        ],
        [
          0.020632783703164046,
          3241.9371570821254
        ],
        [
          0.02107602014433205,
          3241.9371570821254
        ],
        [
          0.02916508519564813,
          3164.896141516777
        ],
        [
          0.03875835207747977,
          3087.8551259514284
        ],
        [
          0.051779696204724286,
          3010.81411038608
        ],
        [
          0.0715858694184687,
          2933.7730948207313
        ],
        [
          0.09528755600954741,
          2856.7320792553824
        ],
        [
          0.11759584988040259,
          2779.691063690034
        ],
        [
          0.14122175322938504,
          2702.6500481246853
        ],
        [
          0.16604681493859647,
          2625.609032559337
        ],
        [
          0.19110304737789982,
          2548.568016993988
        ],
        [
          0.21650635432932466,
          2471.5270014286393
        ],
        [
          0.24074425512078193,
          2394.485985863291
        ],
        [
          0.26542029768166964,
          2317.4449702979423
        ],
        [
          0.29181706562191934,
          2240.403954732594
        ],
        [
          0.3180775510931892,
          2163.362939167245
        ],
        [
          0.34328216584684906,
          2086.3219236018963
        ],
        [
          0.3686453522583406,
          2009.2809080365478
        ],
        [
          0.39442120708057476,
          1932.239892471199
        ],
        [
          0.4186769392231135,
          1855.1988769058505
        ],
        [
          0.4417201394921122,
          1778.1578613405018
        ],
        [
          0.4641583474922752,
          1701.1168457751533
        ],
        [
          0.48839752195166686,
          1624.0758302098045
        ],
        [
          0.5146898491212964,
          1547.034814644456
        ],
        [
          0.5395785942272274,
          1469.9937990791075
        ],
        [
          0.565691334218108,
          1392.9527835137587
        ],
        [
          0.5902247259703439,
          1315.9117679484102
        ],
        [
          0.6155866387139011,
          1238.8707523830615
        ],
        [
          0.6396818886967065,
          1161.829736817713
        ],
        [
          0.663483558220635,
          1084.7887212523642
        ],
        [
          0.6864624382589469,
          1007.7477056870157
        ],
        [
          0.7106557606727004,
          930.7066901216671
        ],
        [
          0.7347548316593091,
          853.6656745563184
        ],
        [
          0.7592181716751535,
          776.6246589909698
        ],
        [
          0.7838050574806339,
          699.5836434256212
        ],
        [
          0.807530943762466,
          622.5426278602725
        ],
        [
          0.83238721033607,
          545.5016122949239
        ],
        [
          0.8573154391479672,
          468.46059672957534
        ],
        [
          0.8824207078027445,
          391.4195811642267
        ],
        [
          0.9053543726293856,
          314.3785655988781
        ],
        [
          0.9277543705915169,
          237.33755003352948
        ],
        [
          0.9503600659250523,
          160.29653446818085
        ],
        [
          0.9708425568119582,
          83.25551890283224
        ],
        [
          0.9889171784688983,
          6.21450333748362
        ],
        [
          1,
          0
        ]
      ],
      "analysisPrintTime": 2548.0,
      "analysisFirstFilamentPrintTime": 28.0,
      "analysisLastFilamentPrintTime": 2548.0,
      "compensatedPrintTime": 3242.308154800108
    }
  }
}