{
  "Door_Wedge.stl": {},
  "Door_Wedge_PET.gcode": {
    "analysis": {
      "analysisPending": false,
      "estimatedPrintTime": 5971.826768448469,
      "printingArea": {
        "maxX": 166.20700073242188,
        "maxY": 122.97599792480469,
        "maxZ": 30.0,
        "minX": 60.0,
        "minY": -3.0,
        "minZ": 0.0
      },
      "dimensions": {
        "width": 106.20700073242188,
        "depth": 125.97599792480469,
        "height": 30.0
      },
      "filament": {
        "tool0": {
          "length": 5196.684789878782,
          "volume": 12.49949173728664
        }
      },
      "firstFilament": 0.004186950028983428,
      "lastFilament": 0.9983114935619355,
      "progress": [
        [
          0,
          5971.826768448469
        ],
        [
          0.004186950028983428,
          5971.520824604877
        ],
        [
          0.004322654472504545,
          5971.520824604877
        ],
        [
          0.010714216775759912,
          5905.986310894937
        ],
        [
          0.020135926718040677,
          5840.451797184996
        ],
        [
          0.031843359636468074,
          5774.917283475056
        ],
        [
          0.042651945594216804,
          5709.382769765116
        ],
        [
          0.05569127083116827,
          5643.848256055176
        ],
        [
          0.06902618218360539,
          5578.313742345235
        ],
        [
          0.08156519477389709,
          5512.779228635295
        ],
        [
          0.09469264990807778,
          5447.244714925354
        ],
        [
          0.10697097738200781,
          5381.710201215414
        ],
        [
          0.11860373386096885,
          5316.175687505473
        ],
        [
          0.12974943617338427,
          5250.641173795533
        ],
        [
          0.14002241853005182,
          5185.106660085593
        ],
        [
          0.1511573970717867,
          5119.572146375653
        ],
        [
          0.1624068274933303,
          5054.037632665712
        ],
        [
          0.17339771755264835,
          4988.503118955772
        ],
        [
          0.18331486570037045,
          4922.968605245832
        ],
        [
          0.19398150792983845,
          4857.434091535892
        ],
        [
          0.20480959165246093,
          4791.899577825951
        ],
        [
          0.21534598881257247,
          4726.365064116011
        ],
        [
          0.22488780498647537,
          4660.830550406071
        ],
        [
          0.2357381161610539,
          4595.296036696131
        ],
        [
          0.24621913966892406,
          4529.761522986189
        ],
        [
          0.2561097708564179,
          4464.227009276249
        ],
        [
          0.2666674205802418,
          4398.692495566309
        ],
        [
          0.2774832207109938,
          4333.157981856369
        ],
        [
          0.2880979988858977,
          4267.623468146428
        ],
        [
          0.2981329135334571,
          4202.088954436488
        ],
        [
          0.30910801040322744,
          4136.554440726547
        ],
        [
          0.3198257367766646,
          4071.019927016607
        ],
        [
          0.3302352034874482,
          4005.485413306667
        ],
        [
          0.3415676943873539,
          3939.9508995967267
        ],
        [
          0.35230667332450344,
          3874.416385886786
        ],
        [
          0.3628005653571903,
          3808.8818721768457
        ],
        [
          0.37297625386713795,
          3743.3473584669055
        ],
        [
          0.3844118879432256,
          3677.812844756965
        ],
        [
          0.3955258088988969,
          3612.278331047025
        ],
        [
          0.40604563295886575,
          3546.7438173370847
        ],
        [
          0.41708507245271936,
          3481.209303627144
        ],
        [
          0.4281206123935983,
          3415.6747899172037
        ],
        [
          0.43919963235014553,
          3350.1402762072635
        ],
        [
          0.4494312794452808,
          3284.605762497323
        ],
        [
          0.4603005034517868,
          3219.071248787383
        ],
        [
          0.47081350329404986,
          3153.5367350774427
        ],
        [
          0.4819330786015345,
          3088.0022213675024
        ],
        [
          0.4917092579092196,
          3022.4677076575617
        ],
        [
          0.5030692406575972,
          2956.9331939476215
        ],
        [
          0.5137906716063604,
          2891.398680237681
        ],
        [
          0.5242093022666346,
          2825.864166527741
        ],
        [
          0.5354012142818008,
          2760.3296528178007
        ],
        [
          0.546874284066446,
          2694.7951391078605
        ],
        [
          0.5578020013675732,
          2629.26062539792
        ],
        [
          0.5684602595581455,
          2563.7261116879795
        ],
        [
          0.580353896131117,
          2498.191597978039
        ],
        [
          0.5914570933161077,
          2432.657084268099
        ],
        [
          0.6023023350718191,
          2367.1225705581587
        ],
        [
          0.6128683688345387,
          2301.5880568482185
        ],
        [
          0.6243765345959565,
          2236.053543138278
        ],
        [
          0.6354553595748551,
          2170.519029428338
        ],
        [
          0.6455680703042607,
          2104.9845157183972
        ],
        [
          0.6569118699077932,
          2039.4500020084574
        ],
        [
          0.6680059031432932,
          1973.915488298517
        ],
        [
          0.6788392512624315,
          1908.3809745885767
        ],
        [
          0.68921245213055,
          1842.8464608786364
        ],
        [
          0.6999256940180663,
          1777.311947168696
        ],
        [
          0.7102524902057853,
          1711.7774334587557
        ],
        [
          0.7209388251777757,
          1646.2429197488154
        ],
        [
          0.7308331609405956,
          1580.708406038875
        ],
        [
          0.7408247905501353,
          1515.1738923289347
        ],
        [
          0.7515817074309686,
          1449.6393786189944
        ],
        [
          0.7620005330688916,
          1384.1048649090542
        ],
        [
          0.771367649269526,
          1318.5703511991137
        ],
        [
          0.7826289733276426,
          1253.0358374891734
        ],
        [
          0.7937972930473115,
          1187.5013237792332
        ],
        [
          0.8040728101134127,
          1121.9668100692927
        ],
        [
          0.8144076003847299,
          1056.4322963593524
        ],
        [
          0.826000971378646,
          990.8977826494122
        ],
        [
          0.8376639493931614,
          925.3632689394718
        ],
        [
          0.8479215285155787,
          859.8287552295316
        ],
        [
          0.8592345216506105,
          794.2942415195912
        ],
        [
          0.8705442001656141,
          728.7597278096508
        ],
        [
          0.8812966325605264,
          663.2252140997106
        ],
        [
          0.8921837945107163,
          597.6907003897702
        ],
        [
          0.9053562894817553,
          532.15618667983
        ],
        [
          0.9176040054648336,
          466.6216729698895
        ],
        [
          0.9308597558918833,
          401.0871592599492
        ],
        [
          0.9429965295928301,
          335.5526455500089
        ],
        [
          0.9560017337412525,
          270.0181318400686
        ],
        [
          0.9649707055831654,
          204.48361813012826
        ],
        [
          0.9767571044493315,
