{
    "Door_Wedge_PET.gcode": {
        "thumbnail_src": "prusaslicerthumbnails",
        "hash": "2cb29af6934dd19c01951b3d5f9593194ec45979",
        "thumbnail": "/plugin/prusaslicerthumbnails/thumbnail/Door_Wedge/Door_Wedge_PET.png?20200422232154",
        "analysis": {
            "printingArea": {
                "maxZ": 30.0,
                "maxX": 166.20700073242188,
                "maxY": 122.97599792480469,
                "minX": 60.0,
                "minY": -3.0,
                "minZ": 0.0
            },
            "dimensions": {
                "width": 106.20700073242188,
                "depth": 125.97599792480469,
                "height": 30.0
            },
            "compensatedPrintTime": 5789.028258316963,
            "analysisPending": false,
            "estimatedPrintTime": 5789.028258316963,
            "analysisPrintTime": 5397.951512290302,
            "analysisLastFilamentPrintTime": 5392.9052861020655,
            "firstFilament": 0.00432947869021035,
            "progress": [
                [
                    0,
                    5789.028258316963
                ],
                [
                    0.00432947869021035,
                    5486.793384532161
                ],
                [
                    0.01130402416319005,
                    5425.834950956392
                ],
                [
                    0.02076979905408544,
                    5364.993613623824
                ],
                [
                    0.03289974853732643,
                    5304.140099293389
                ],
                [
                    0.04371515871278096,
                    5243.264966216303
                ],
                [
                    0.05809476030715219,
                    5182.425155621837
                ],
                [
                    0.07084785835575738,
                    5121.543976719825
                ],
                [
                    0.08386222645367049,
                    5060.69914630714
                ],
                [
                    0.09723145387228535,
                    4999.859256652176
                ],
                [
                    0.10898821613584327,
                    4939.015901521861
                ],
                [
                    0.12065333890449469,
                    4878.146633578333
                ],
                [
                    0.13184427603141713,
                    4817.286568617094
                ],
                [
                    0.14324812875076065,
                    4756.371421514455
                ],
                [
                    0.15446012346374674,
                    4695.5326330947555
                ],
                [
                    0.16457809858966818,
                    4634.682988238955
                ],
                [
                    0.1757551923035303,
                    4573.6597407257905
                ],
                [
                    0.18674159787692737,
                    4512.797606086441
                ],
                [
                    0.1976720448651369,
                    4451.955609931713
                ],
                [
                    0.20742677663146086,
                    4391.109994931995
                ],
                [
                    0.2180070437625383,
                    4330.234279219587
                ],
                [
                    0.2292490650334299,
                    4269.344347048808
                ],
                [
                    0.23992623605592972,
                    4208.465691571985
                ],
                [
                    0.24987497058274724,
                    4147.608436025961
                ],
                [
                    0.26035657902356363,
                    4086.702262265209
                ],
                [
                    0.27129794476010244,
                    4025.8606332904974
                ],
                [
                    0.28172417954867746,
                    3965.0170389676596
                ],
                [
                    0.29211180876280246,
                    3904.176847722253
                ],
                [
                    0.30292390431822847,
                    3843.2892811732336
                ],
                [
                    0.31412459032758777,
                    3782.2114311155924
                ],
                [
                    0.3246268663991703,
                    3721.352076186542
                ],
                [
                    0.3356031331348331,
                    3660.315258920279
                ],
                [
                    0.34662599952854406,
                    3599.4354138706944
                ],
                [
                    0.3577588333161428,
                    3538.4948827478574
                ],
                [
                    0.36805306823652273,
                    3477.631598828315
                ],
                [
                    0.37936684128214965,
                    3416.789397653562
                ],
                [
                    0.390540035443037,
                    3355.94433259151
                ],
                [
                    0.40159858274646687,
                    3295.0534784668353
                ],
                [
                    0.4124512336528302,
                    3234.2072159330532
                ],
                [
                    0.4235220645481305,
                    3173.2802191549995
                ],
                [
                    0.43441156623010524,
                    3112.4399128479567
                ],
                [
                    0.44574386215236217,
                    3051.59249031114
                ],
                [
                    0.4568427698290806,
                    2990.7422184005395
                ],
                [
                    0.4668566268905764,
                    2929.9009895636923
                ],
                [
                    0.4778543411676002,
                    2869.03724610955
                ],
                [
                    0.4890216859990255,
                    2808.119766928413
                ],
                [
                    0.49925606278124307,
                    2747.212922439911
                ],
                [
                    0.5106109761107536,
                    2686.32084259881
                ],
                [
                    0.521726261909966,
                    2625.47591882801
                ],
                [
                    0.5327733055321203,
                    2564.6299418203325
                ],
                [
                    0.5432258623032749,
                    2503.7911580514346
                ],
                [
                    0.554199594329504,
                    2442.950500268679
                ],
                [
                    0.5661236474156786,
                    2382.04874506567
                ],
                [
                    0.5778862590086985,
                    2321.1457098679357
                ],
                [
                    0.5882087656881453,
                    2260.109635947061
                ],
                [
                    0.5995781073636623,
                    2199.2699955890394
                ],
                [
                    0.6110453278188455,
                    2138.4087515160227
                ],
                [
                    0.6225031893468892,
                    2077.5658105324687
                ],
                [
                    0.6326987655770081,
                    2016.7216901391218
                ],
                [
                    0.6439852417518118,
                    1955.8409316879142
                ],
                [
