{
  "LCD knob.3mf": {
    "hash": "45f7b66eefa620a7649e21021190d3682e52ec11"
  },
  "LCD knob.gcode": {
    "hash": "c12e2a11b5152a4887c6af055dd2677c330e3e13",
    "analysis": {
      "analysisPending": false,
      "estimatedPrintTime": 736.0,
      "printingArea": {
        "maxX": 137.7169952392578,
        "maxY": 121.86299896240234,
        "maxZ": 7.400000095367432,
        "minX": 60.0,
        "minY": -3.0,
        "minZ": 0.0
      },
      "dimensions": {
        "width": 77.71699523925781,
        "depth": 124.86299896240234,
        "height": 7.400000095367432
      },
      "filament": {
        "tool0": {
          "length": 743.7433578094933,
          "volume": 1.788912418491796
        }
      },
      "firstFilament": 0.02105788311266074,
      "lastFilament": 0.9878487500658627,
      "progress": [
        [
          0,
          736.0
        ],
        [
          0.02105788311266074,
          720.0
        ],
        [
          0.021994013251566757,
          720.0
        ],
        [
          0.024492976221173357,
          720.0
        ],
        [
          0.024822583719183382,
          660.0
        ],
        [
          0.028963978609146047,
          660.0
        ],
        [
          0.035015751650840275,
          660.0
        ],
        [
          0.03899010056392031,
          660.0
        ],
        [
          0.04576835543796316,
          660.0
        ],
        [
          0.052339204233326234,
          660.0
        ],
        [
          0.058656681278518336,
          660.0
        ],
        [
          0.07000683879502674,
          660.0
        ],
        [
          0.0797055954796686,
          660.0
        ],
        [
          0.08303978833368836,
          600.0
        ],
        [
          0.08710382636187315,
          600.0
        ],
        [
          0.09670953058959382,
          600.0
        ],
        [
          0.11016850342500309,
          600.0
        ],
        [
          0.12264538045001513,
          600.0
        ],
        [
          0.1346211195443793,
          600.0
        ],
        [
          0.14612823301232103,
          600.0
        ],
        [
          0.15819590344966758,
          600.0
        ],
        [
          0.1714037467627835,
          600.0
        ],
        [
          0.17814612599078444,
          540.0
        ],
        [
          0.1822180118165409,
          540.0
        ],
        [
          0.1944067625592789,
          540.0
        ],
        [
          0.20615603663800353,
          540.0
        ],
        [
          0.2154601612161844,
          540.0
        ],
        [
          0.22998979786315682,
          540.0
        ],
        [
          0.24351491642095585,
          540.0
        ],
        [
          0.2547753848223595,
          540.0
        ],
        [
          0.2695191542316446,
          540.0
        ],
        [
          0.27760799130015584,
          480.0
        ],
        [
          0.28015964662488646,
          480.0
        ],
        [
          0.2939157146540803,
          480.0
        ],
        [
          0.3085563415809949,
          480.0
        ],
        [
          0.31722927901162595,
          480.0
        ],
        [
          0.3310414027377602,
          480.0
        ],
        [
          0.3452268574055181,
          480.0
        ],
        [
          0.3568281444443199,
          480.0
        ],
        [
          0.3695953899794836,
          480.0
        ],
        [
          0.3814186575781697,
          420.0
        ],
        [
          0.38319786539906053,
          420.0
        ],
        [
          0.39663217372781595,
          420.0
        ],
        [
          0.40924246331154635,
          420.0
        ],
        [
          0.4204592082693364,
          420.0
        ],
        [
          0.43834994450486003,
          420.0
        ],
        [
          0.45180219065663646,
          420.0
        ],
        [
          0.464947251589179,
          420.0
        ],
        [
          0.4806764801506777,
          420.0
        ],
        [
          0.49208381447806543,
          420.0
        ],
        [
          0.49219368364406874,
          360.0
        ],
        [
          0.5079576667376705,
          360.0
        ],
        [
          0.5240938596589572,
          360.0
        ],
        [
          0.5328755451416527,
          360.0
        ],
        [
          0.5525510947677612,
          360.0
        ],
        [
          0.5646154018632914,
          360.0
        ],
        [
          0.5804062916914245,
          360.0
        ],
        [
          0.5956702579683173,
          360.0
        ],
        [
          0.6041626960548,
          360.0
        ],
        [
          0.605634718656457,
          300.0
        ],
        [
          0.6177012679798648,
          300.0
        ],
        [
          0.6298788075832147,
          300.0
        ],
        [
          0.6425103983317825,
          300.0
        ],
        [
          0.6553471529311524,
          300.0
        ],
        [
          0.6638698610939829,
          300.0
        ],
        [
          0.6771427290155498,
          300.0
        ],
        [
          0.6895725192551319,
          300.0
        ],
        [
          0.6996120945771719,
          300.0
        ],
        [
          0.7050909783961344,
          240.0
        ],
        [
          0.714979203336435,
          240.0
        ],
        [
          0.7235220915501642,
          240.0
        ],
        [
          0.737048331221902,
          240.0
        ],
        [
          0.7491754206980056,
          240.0
        ],
        [
          0.7620637465385607,
          240.0
        ],
        [
          0.7722378555332579,
          240.0
        ],
        [
          0.785238292767694,
          240.0
        ],
        [
          0.7999103108848953,
          240.0
        ],
        [
          0.8044923035528101,
          180.0
        ],
        [
          0.8053353812347949,
          180.0
        ],
        [
          0.8063107503615592,
          180.0
        ],
        [
          0.811812056459298,
          180.0
        ],
        [
          0.8172505801764633,
          180.0
        ],
        [
          0.8203246745966792,
          180.0
        ],
        [
          0.8282688879670841,
          180.0
        ],
        [
          0.8300570646994854,
          180.0
        ],
        [
          0.837873471080866,
          180.0
        ],
        [
          0.8404038252407592,
          120.0
        ],
        [
          0.8409811989192462,
          120.0
        ],
        [
          0.8467235445138289,
          120.0
        ],
        [
          0.8524042288417772,
          120.0
        ],
        [
          0.856120721548931,
          120.0
        ],
        [
          0.8645694361918002,
          120.0
        ],
        [
          0.868510151686716,
          120.0
        ],
        [
          0.8773389239548415,
          120.0
        ],
        [
          0.8832752222608383,
          120.0
        ],
        [
          0.888282117111562,
          60.0
        ],
        [
          0.8904638048364856,
          60.0
        ],
        [
          0.898357568079644,
          60.0
        ],
        [
          0.9033532517909795,
          60.0
        ],
        [
          0.9123378588965997,
          60.0
        ],
        [
          0.9186160969539334,
          60.0
        ],
        [
          0.9257217170981087,
          60.0
        ],
        [
          0.9330672556251892,
          60.0
        ],
        [
          0.9404217630637802,
          60.0
        ],
        [
          0.9466719732726437,
          0.0
        ],
        [
          0.9470385775306345,
          0.0
        ],
        [
          0.9529457268742222,
          0.0
        ],
