{
  "Lever_PETG.gcode": {
    "analysis": {
      "analysisPending": false,
      "estimatedPrintTime": 2238.7320474063795,
      "printingArea": {
        "maxX": 136.25399780273438,
        "maxY": 116.25299835205078,
        "maxZ": 16.600000381469727,
        "minX": 60.0,
        "minY": -3.0,
        "minZ": 0.0
      },
      "dimensions": {
        "width": 76.25399780273438,
        "depth": 119.25299835205078,
        "height": 16.600000381469727
      },
      "filament": {
        "tool0": {
          "length": 912.4121166528203,
          "volume": 2.1946083270846537
        }
      },
      "firstFilament": 0.01739882472359156,
      "lastFilament": 0.9914853909774094,
      "progress": [
        [
          0,
          2238.7320474063795
        ],
        [
          0.01739882472359156,
          2238.361049688397
        ],
        [
          0.018032436172294976,
          2238.361049688397
        ],
        [
          0.048775336492286964,
          2161.3200341230486
        ],
        [
          0.08670553909318914,
          2084.2790185577
        ],
        [
          0.12104709754065901,
          2007.2380029923515
        ],
        [
          0.15569726846098875,
          1930.1969874270028
        ],
        [
          0.19160555866595658,
          1853.1559718616543
        ],
        [
          0.2281993509124096,
          1776.1149562963055
        ],
        [
          0.2633210889741594,
          1699.073940730957
        ],
        [
          0.29834086657289943,
          1622.0329251656083
        ],
        [
          0.3294524632100249,
          1544.9919096002598
        ],
        [
          0.36649506356597616,
          1467.950894034911
        ],
        [
          0.400693695292977,
          1390.9098784695625
        ],
        [
          0.4350325226566163,
          1313.8688629042138
        ],
        [
          0.46683599386416497,
          1236.8278473388652
        ],
        [
          0.4976380676671537,
          1159.7868317735167
        ],
        [
          0.5300405565948847,
          1082.745816208168
        ],
        [
          0.5626460560873583,
          1005.7048006428194
        ],
        [
          0.5969721383931214,
          928.6637850774707
        ],
        [
          0.6315148866827801,
          851.6227695121222
        ],
        [
          0.6666202382415461,
          774.5817539467736
        ],
        [
          0.6994451348017461,
          697.540738381425
        ],
        [
          0.7353397695875609,
          620.4997228160763
        ],
        [
          0.7705689302799816,
          543.4587072507277
        ],
        [
          0.8064526407304738,
          466.41769168537905
        ],
        [
          0.845441593496379,
          389.3766761200304
        ],
        [
          0.8896724064945174,
          312.3356605546818
        ],
        [
          0.918163983376803,
          235.29464498933316
        ],
        [
          0.955380462736637,
          158.25362942398456
        ],
        [
          0.9743405570500653,
          81.21261385863596
        ],
        [
          1,
          0
        ]
      ],
      "analysisPrintTime": 1731.0,
      "analysisFirstFilamentPrintTime": -9.0,
      "analysisLastFilamentPrintTime": 1729.4089734312004,
      "compensatedPrintTime": 2238.7320474063795
    }
  },
  "Lever.stl": {},
  "Lever.3mf": {}
}