{
  "z_tops.stl": {
    "hash": "b2134f1253245d997c0bb5f12f307de996b1f6aa"
  },
  "Z-tops.gcode": {
    "hash": "600aa6d0e124b91f02633ee172110bf3a48920c9",
    "analysis": {
      "analysisPending": false,
      "estimatedPrintTime": 7092.778343485796,
      "printingArea": {
        "maxX": 173.96200561523438,
        "maxY": 127.22699737548828,
        "maxZ": 18.399999618530273,
        "minX": 60.0,
        "minY": -3.0,
        "minZ": 0.0
      },
      "dimensions": {
        "width": 113.96200561523438,
        "depth": 130.22699737548828,
        "height": 18.399999618530273
      },
      "filament": {
        "tool0": {
          "length": 7028.492894401774,
          "volume": 16.905506570315204
        }
      },
      "firstFilament": 0.007199735902870535,
      "lastFilament": 0.9975375124772643,
      "progress": [
        [
          0,
          7092.778343485796
        ],
        [
          0.007199735902870535,
          7092.343225607081
        ],
        [
          0.009047447575935993,
          7029.0824600230735
        ],
        [
          0.012290567702783762,
          7029.0824600230735
        ],
        [
          0.012992306234637943,
          6965.821694439068
        ],
        [
          0.014519117764358783,
          6965.821694439068
        ],
        [
          0.01664738653113861,
          6902.56092885506
        ],
        [
          0.021169496597121397,
          6902.56092885506
        ],
        [
          0.022468773326927625,
          6839.300163271055
        ],
        [
          0.024677267129543608,
          6839.300163271055
        ],
        [
          0.024748270896892847,
          6776.039397687047
        ],
        [
          0.03150377219040629,
          6712.778632103042
        ],
        [
          0.031981203366316276,
          6712.778632103042
        ],
        [
          0.03898729263096161,
          6649.517866519034
        ],
        [
          0.04070544548178592,
          6649.517866519034
        ],
        [
          0.04592675823078898,
          6586.257100935029
        ],
        [
          0.04975427624799495,
          6586.257100935029
        ],
        [
          0.053598853611901705,
          6522.996335351023
        ],
        [
          0.057472708503254415,
          6522.996335351023
        ],
        [
          0.061550583959880105,
          6459.7355697670155
        ],
        [
          0.06618749881852498,
          6459.7355697670155
        ],
        [
          0.07000233759156144,
          6396.47480418301
        ],
        [
          0.07400067960748749,
          6396.47480418301
        ],
        [
          0.07630369141209434,
          6333.214038599002
        ],
        [
          0.08341582526433919,
          6333.214038599002
        ],
        [
          0.08462588622153452,
          6269.953273014997
        ],
        [
          0.09397371661843175,
          6269.953273014997
        ],
        [
          0.09407192312781738,
          6206.692507430989
        ],
        [
          0.10455742752428766,
          6143.431741846984
        ],
        [
          0.10577624868654557,
          6143.431741846984
        ],
        [
          0.11637010298773709,
          6080.170976262976
        ],
        [
          0.12004201209922638,
          6080.170976262976
        ],
        [
          0.12775952222763715,
          6016.9102106789705
        ],
        [
          0.1307370698220618,
          6016.9102106789705
        ],
        [
          0.1393333668372755,
          5953.649445094965
        ],
        [
          0.1474075095244177,
          5953.649445094965
        ],
        [
          0.15238422812680535,
          5890.388679510957
        ],
        [
          0.15897374658755434,
          5890.388679510957
        ],
        [
          0.1663821136899413,
          5827.127913926952
        ],
        [
          0.1747926021451437,
          5827.127913926952
        ],
        [
          0.17704512750478468,
          5763.867148342944
        ],
        [
          0.18750112384209686,
          5763.867148342944
        ],
        [
          0.19005449308612343,
          5700.606382758939
        ],
        [
          0.20403485823913423,
          5700.606382758939
        ],
        [
          0.2040938743574505,
          5637.345617174931
        ],
        [
          0.2143525355491427,
          5574.084851590926
        ],
        [
          0.2156603419522993,
          5574.084851590926
        ],
        [
          0.22335802635346322,
          5510.824086006918
        ],
        [
          0.2258627534062213,
          5510.824086006918
        ],
        [
          0.23295782791176536,
          5447.5633204229125
        ],
        [
          0.2384624641350289,
          5447.5633204229125
        ],
        [
          0.2441851833580079,
          5384.302554838905
        ],
        [
          0.24871720628761412,
          5384.302554838905
        ],
        [
          0.253838237741822,
          5321.041789254899
        ],
        [
          0.2590752266472528,
          5321.041789254899
        ],
        [
          0.26409274936269506,
          5257.781023670894
        ],
        [
          0.27197163168962685,
          5257.781023670894
        ],
        [
          0.27570025160231065,
          5194.520258086886
        ],
        [
          0.28452270022716597,
          5194.520258086886
        ],
        [
          0.286523254425402,
          5131.259492502881
        ],
        [
          0.2967129866351545,
          5131.259492502881
        ],
        [
          0.2967609372312865,
          5067.998726918873
        ],
        [
          0.3068130420088718,
          5004.737961334868
        ],
        [
          0.307093368570874,
          5004.737961334868
        ],
        [
          0.3164983708323901,
          4941.47719575086
        ],
        [
          0.31977952869174636,
          4941.47719575086
        ],
        [
          0.3264315212464942,
          4878.2164301668545
        ],
        [
          0.3315490947250195,
          4878.2164301668545
        ],
        [
          0.3379403559132998,
          4814.955664582847
        ],
        [
          0.34405244319813877,
          4814.955664582847
        ],
        [
          0.3486040613232797,
          4751.694898998841
        ],
        [
          0.3544715544615033,
          4751.694898998841
        ],
        [
          0.3591121578275429,
          4688.434133414836
        ],
        [
          0.3658902512288493,
          4688.434133414836
        ],
        [
          0.36989297334730664,
          4625.173367830828
        ],
        [
          0.3788827879951994,
          4625.173367830828
        ],
        [
          0.38143454351724077,
          4561.912602246823
        ],
        [
          0.3921014763711911,
          4561.912602246823
        ],
        [
          0.3921616451480682,
          4498.651836662815
        ],
        [
          0.40227345763910627,
          4435.39107107881
        ],
        [
          0.4027557299809719,
          4435.39107107881
        ],
        [
          0.4129747397181704,
          4372.130305494802
        ],
        [
          0.41441879036322116,
          4372.130305494802
        ],
        [
          0.4234318887140434,
          4308.869539910796
        ],
        [
          0.4278368886702424,
          4308.869539910796
        ],
        [
          0.4335026665603147,
          4245.608774326789
        ],
        [
          0.44162475984358884,
          4245.608774326789
        ],
        [
          0.4452696967447539,
          4182.348008742783
        ],
        [
          0.4525535767225675,
          4182.348008742783
        ],
        [
          0.45669761478058685,
          4119.087243158776
