{
    "Prusa_PET.gcode": {
        "analysis": {
            "analysisFirstFilamentPrintTime": 11.190172922300007,
            "printingArea": {
                "maxZ": 3.0,
                "maxX": 172.939,
                "maxY": 116.94,
                "minX": 60.0,
                "minY": -3.0,
                "minZ": 0.0
            },
            "dimensions": {
                "width": 112.939,
                "depth": 119.94,
                "height": 3.0
            },
            "compensatedPrintTime": 4898.529765451959,
            "analysisPending": false,
            "analysisPrintTime": 4898.529765451959,
            "analysisLastFilamentPrintTime": 4894.915523519118,
            "firstFilament": 0.00308923511025164,
            "progress": [
                [
                    0,
                    4898.529765451959
                ],
                [
                    0.0028368664939614,
                    4893.344190678494
                ],
                [
                    0.00308923511025164,
                    4887.339592529659
                ],
                [
                    0.00930723294535459,
                    4827.336377714853
                ],
                [
                    0.01641612240181949,
                    4766.465450992061
                ],
                [
                    0.02137227715547123,
                    4706.119066081622
                ],
                [
                    0.02639532479536858,
                    4645.772681171183
                ],
                [
                    0.03141837243526593,
                    4585.426296260744
                ],
                [
                    0.03644142007516328,
                    4525.079911350304
                ],
                [
                    0.04513749528709211,
                    4463.019168336614
                ],
                [
                    0.05152576592354751,
                    4402.549547551646
                ],
                [
                    0.05783498133080357,
                    4340.863881047771
                ],
                [
                    0.06285802897070092,
                    4280.241826658329
                ],
                [
                    0.06788107661059826,
                    4219.613289783457
                ],
                [
                    0.07286763722163438,
                    4158.947767632528
                ],
                [
                    0.07777514260347114,
                    4098.643027716655
                ],
                [
                    0.08579316719572859,
                    4037.847495409952
                ],
                [
                    0.09315746585422216,
                    3976.8793269140097
                ],
                [
                    0.09809537709344328,
                    3916.2115726013353
                ],
                [
                    0.1031153841476022,
                    3855.5586275736223
                ],
                [
                    0.10813843178749954,
                    3794.936573184178
                ],
                [
                    0.11316147942739689,
                    3734.314518794735
                ],
                [
                    0.12124031573442308,
                    3668.401519786523
                ],
                [
                    0.12828839347611923,
                    3608.013477189321
                ],
                [
                    0.1333114411160166,
                    3547.391422799877
                ],
                [
                    0.13833448875591395,
                    3486.7693684104333
                ],
                [
                    0.14335753639581128,
                    3426.124415223043
                ],
                [
                    0.14831065056372458,
                    3365.456660910366
                ],
                [
                    0.15482358521545592,
                    3305.402068616103
                ],
                [
                    0.16209058513031951,
                    3245.3784573013745
                ],
                [
                    0.16735079845781492,
                    3183.632305163618
                ],
                [
                    0.17234344024032788,
                    3122.967175266289
                ],
                [
                    0.17736648788022524,
                    3062.341921552427
                ],
                [
                    0.1823895355201226,
                    3001.719867162983
                ],
                [
                    0.18786258984930856,
                    2940.5997188354368
                ],
                [
                    0.1960204813855341,
                    2879.9695240936467
                ],
                [
                    0.20214726164848396,
                    2819.1581692461873
                ],
                [
                    0.20717030928838132,
                    2758.5361148567467
                ],
                [
                    0.21219335692827868,
                    2697.9075779818745
                ],
                [
                    0.2171799175393148,
                    2637.2420558309423
                ],
                [
                    0.22208742292115152,
                    2576.9373159150664
                ],
                [
                    0.2279922404251955,
                    2516.1853191710356
                ],
                [
                    0.23623222777635883,
                    2455.415505975504
                ],
                [
                    0.241191423115749,
                    2394.747751662827
                ],
                [
                    0.24621447075564637,
                    2334.107863756038
                ],
                [
                    0.2512375183955437,
                    2273.4858093665976
                ],
                [
                    0.25626056603544106,
                    2212.7049986331526
                ],
                [
                    0.2634089831065056,
                    2147.2951596653047
                ],
                [
                    0.27198951606037386,
                    2086.540513990035
                ],
                [
                    0.27719195825883897,
                    2024.8774620205595
                ],
                [
                    0.2823944004573041,
                    1963.2151795395225
                ],
                [
                    0.2875968426557692,
                    1901.5499268757017
                ],
                [
                    0.29273543255372714,
                    1839.887835232873
                ],
                [
                    0.29780408897970106,
                    1779.7229586112944
                ],
                [
                    0.31917332554943384,
                    1719.6328188584125
                ],
                [
                    0.3361367533841719,
                    1659.615844896739
                ],
                [
                    0.3574542999963513,
                    1599.508834566975
                ],
                [
                    0.3831685335863101,
                    1539.3773731180395
                ],
                [
                    0.40049987229539896,
                    1479.1972499525236
                ],
                [
                    0.4221762080247139,
                    1418.1788680079758
                ],
                [
                    0.4467806278201433,
                    1358.1088992456016
                ],
                [
                    0.47040597900779607,
                    1298.1011917670612
                ],
                [
