{
    "support_ps3.STL": {
        "hash": "81a0d71dea96764239f76d8713a37a2bdcae546d"
    },
    "support_ps3_PET.gcode": {
        "statistics": {
            "averagePrintTime": {
                "_default": 2933.123525551986
            },
            "lastPrintTime": {
                "_default": 2933.123525551986
            }
        },
        "hash": "b19f5cdd42670cdc1ed056ae6080af975c3139a6",
        "analysis": {
            "printingArea": {
                "maxZ": 13.399999618530273,
                "maxX": 152.88499450683594,
                "maxY": 132.88699340820312,
                "minX": 60.0,
                "minY": -3.0,
                "minZ": 0.0
            },
            "dimensions": {
                "width": 92.88499450683594,
                "depth": 135.88699340820312,
                "height": 13.399999618530273
            },
            "compensatedPrintTime": 3104.4176831306127,
            "analysisPending": false,
            "analysisPrintTime": 2683.1436318285546,
            "analysisLastFilamentPrintTime": 2677.170672069316,
            "firstFilament": 0.00959549359228122,
            "filament": {
                "tool0": {
                    "volume": 16.635712365606413,
                    "length": 2353.471870969981
                }
            },
            "progress": [
                [
                    0,
                    3104.4176831306127
                ],
                [
                    0.00959549359228122,
                    2749.8516081288167
                ],
                [
                    0.01305084014499588,
                    2688.5277846839363
                ],
                [
                    0.01687897052623452,
                    2627.5456606930893
                ],
                [
                    0.02080436531755505,
                    2566.580616129861
                ],
                [
                    0.02570316113117373,
                    2505.5847849227903
                ],
                [
                    0.03740327489647206,
                    2444.6189445215527
                ],
                [
                    0.04895162590518348,
                    2383.47921857207
                ],
                [
                    0.06051814302939656,
                    2322.4483157942045
                ],
                [
                    0.07230000431445244,
                    2261.4713992107536
                ],
                [
                    0.08431613279733201,
                    2200.491635979694
                ],
                [
                    0.09477073226854665,
                    2139.287888424932
                ],
                [
                    0.10397111284866642,
                    2077.985440865221
                ],
                [
                    0.13250818799810163,
                    2017.0009651428284
                ],
                [
                    0.1640192076394571,
                    1956.010259042851
                ],
                [
                    0.19709932550726986,
                    1894.9912191969481
                ],
                [
                    0.2295973707575497,
                    1834.0235985191205
                ],
                [
                    0.2623917507669507,
                    1773.0144498236662
                ],
                [
                    0.2957507941998621,
                    1712.035650191808
                ],
                [
                    0.32912573298383746,
                    1651.0626570933387
                ],
                [
                    0.362230829260465,
                    1589.8997452928568
                ],
                [
                    0.3959566011500665,
                    1528.9322519981542
                ],
                [
                    0.4297285452499014,
                    1467.9410536756197
                ],
                [
                    0.462022600161527,
                    1406.967211275551
                ],
                [
                    0.4957173382704798,
                    1345.9973452834988
                ],
                [
                    0.5286120103758797,
                    1284.9778749211405
                ],
                [
                    0.5625345818500826,
                    1223.8113856891016
                ],
                [
                    0.5969559645791025,
                    1162.8411671698045
                ],
                [
                    0.6301696790880005,
                    1101.8660921606324
                ],
                [
                    0.6636649683871744,
                    1040.6860654460195
                ],
                [
                    0.6973176973540296,
                    979.7088522211367
                ],
                [
                    0.7307660575214909,
                    918.7136157034678
                ],
                [
                    0.7646621367439206,
                    857.6999414801475
                ],
                [
                    0.7984056962882842,
                    796.728751903994
                ],
                [
                    0.8330072263293623,
                    735.7624280415554
                ],
                [
                    0.8682914995447117,
                    674.7919781096417
                ],
                [
                    0.9046188105584491,
                    613.8222012828871
                ],
                [
                    0.9191240753257979,
                    552.2658860209682
                ],
                [
                    0.9241360309005625,
                    490.93201662470983
                ],
                [
                    0.9272469781802245,
                    429.6635149764068
                ],
                [
                    0.937942657142576,
                    368.58423111417454
                ],
                [
                    0.9495099311882683,
                    307.5171383499071
                ],
                [
                    0.9610518483644063,
                    246.50121411845453
                ],
                [
                    0.9725574333095408,
                    185.4118873332924
                ],
                [
                    0.9841239504337539,
                    124.24763974253486
                ],
                [
                    0.9933500663441677,
                    63.203461998752715
                ],
                [
                    0.9967297207489587,
                    39.04382298380951
                ],
                [
                    1,
                    0
                ]
            ],
            "lastFilament": 0.9967297207489587,
            "analysisFirstFilamentPrintTime": 9.271501269247437,
            "estimatedPrintTime": 3104.4176831306127
        },
        "thumbnail_src": "prusaslicerthumbnails",
        "thumbnail": "plugin/prusaslicerthumbnails/thumbnail/PS3/support_ps3_PET.png?20200520162625",
        "history": [
            {
                "timestamp": 1589991333.991422,
                "printTime": 2933.123525551986,
                "printerProfile": "_default",
                "success": true
            }
        ]
    }
}