{
  "greaser-with-cap_PET.gcode": {
    "analysis": {
      "analysisPending": false,
      "estimatedPrintTime": 4783.12846610708,
      "printingArea": {
        "maxX": 148.53700256347656,
        "maxY": 120.49199676513672,
        "maxZ": 42.400001525878906,
        "minX": 60.0,
        "minY": -3.0,
        "minZ": 0.0
      },
      "dimensions": {
        "width": 88.53700256347656,
        "depth": 123.49199676513672,
        "height": 42.400001525878906
      },
      "filament": {
        "tool0": {
          "length": 2064.152056492865,
          "volume": 4.964867529561596
        }
      },
      "firstFilament": 0.00553541683176084,
      "lastFilament": 0.9982275356772657,
      "progress": [
        [
          0,
          4783.12846610708
        ],
        [
          0.00553541683176084,
          4782.757468389098
        ],
        [
          0.005673996383392276,
          4782.757468389098
        ],
        [
          0.015760238261256703,
          4705.716452823749
        ],
        [
          0.03701169125590904,
          4628.675437258401
        ],
        [
          0.05865877294178504,
          4551.634421693052
        ],
        [
          0.07853080189376126,
          4474.593406127704
        ],
        [
          0.0986774015378348,
          4397.552390562355
        ],
        [
          0.11928772499764057,
          4320.511374997006
        ],
        [
          0.13910858305195978,
          4243.470359431658
        ],
        [
          0.1587588050779052,
          4166.429343866309
        ],
        [
          0.1770548898471762,
          4089.3883283009604
        ],
        [
          0.19679132587578893,
          4012.347312735612
        ],
        [
          0.2166649476961747,
          3935.306297170263
        ],
        [
          0.2368346439321868,
          3858.2652816049144
        ],
        [
          0.25685142480088147,
          3781.224266039566
        ],
        [
          0.2772909131237623,
          3704.1832504742174
        ],
        [
          0.2981234417267012,
          3627.142234908869
        ],
        [
          0.31926438947544056,
          3550.10121934352
        ],
        [
          0.3408421813855008,
          3473.0602037781714
        ],
        [
          0.36210199693930334,
          3396.019188212823
        ],
        [
          0.38298310802873375,
          3318.9781726474744
        ],
        [
          0.4042289859839526,
          3241.9371570821254
        ],
        [
          0.425576608408832,
          3164.896141516777
        ],
        [
          0.4461226198066019,
          3087.8551259514284
        ],
        [
          0.4648672961417143,
          3010.81411038608
        ],
        [
          0.4826536630199272,
          2933.7730948207313
        ],
        [
          0.4998379256393276,
          2856.7320792553824
        ],
        [
          0.5140072865765395,
          2779.691063690034
        ],
        [
          0.5305096024080984,
          2702.6500481246853
        ],
        [
          0.5433423476411411,
          2625.609032559337
        ],
        [
          0.5564823173686769,
          2548.568016993988
        ],
        [
          0.5691854429348919,
          2471.5270014286393
        ],
        [
          0.5820627884834021,
          2394.485985863291
        ],
        [
          0.5947663122667195,
          2317.4449702979423
        ],
        [
          0.6073416101430674,
          2240.403954732594
        ],
        [
          0.6202207476685384,
          2163.362939167245
        ],
        [
          0.6334266223265197,
          2086.3219236018963
        ],
        [
          0.6465904850801989,
          2009.2809080365478
        ],
        [
          0.6598314028431904,
          1932.239892471199
        ],
        [
          0.6727668880886495,
          1855.1988769058505
        ],
        [
          0.68594429022381,
          1778.1578613405018
        ],
        [
          0.6986442300532058,
          1701.1168457751533
        ],
        [
          0.7110783599667568,
          1624.0758302098045
        ],
        [
          0.7253791325477572,
          1547.034814644456
        ],
        [
          0.7402820093875699,
          1469.9937990791075
        ],
        [
          0.7555862890665911,
          1392.9527835137587
        ],
        [
          0.7707478079144057,
          1315.9117679484102
        ],
        [
          0.7857639775198482,
          1238.8707523830615
        ],
        [
          0.7998899327928997,
          1161.829736817713
        ],
        [
          0.8130378668624832,
          1084.7887212523642
        ],
        [
          0.8262282110534714,
          1007.7477056870157
        ],
        [
          0.8397879016069255,
          930.7066901216671
        ],
        [
          0.8533167303349444,
          853.6656745563184
        ],
        [
          0.8671382486332193,
          776.6246589909698
        ],
        [
          0.8805643373488219,
          699.5836434256212
        ],
        [
          0.8942849076116411,
          622.5426278602725
        ],
        [
          0.9081834809192284,
          545.5016122949239
        ],
        [
          0.9213228533211107,
          468.46059672957534
        ],
        [
          0.9335445344105372,
          391.4195811642267
        ],
        [
          0.9439198819047361,
          314.3785655988781
        ],
        [
          0.9566600416614732,
          237.33755003352948
        ],
        [
          0.9701315271267481,
          160.29653446818085
        ],
        [
          0.9815748928895549,
          83.25551890283224
        ],
        [
          0.9961576031790468,
          6.21450333748362
        ],
        [
          1,
          0
        ]
      ],
      "analysisPrintTime": 3735.0,
      "analysisFirstFilamentPrintTime": 15.0,
      "analysisLastFilamentPrintTime": 3735.0,
      "compensatedPrintTime": 4783.12846610708
    }
  },
  "injector-cap.stl": {},
  "Injector_M14x1.5.stl": {}
}