{
  "PerfectHinge40mm.STL": {},
  "PerfectHinge40mm_PET.gcode": {
    "analysis": {
      "analysisPending": false,
      "estimatedPrintTime": 5707.6206528912635,
      "printingArea": {
        "maxX": 147.75399780273438,
        "maxY": 112.25399780273438,
        "maxZ": 40.0,
        "minX": 60.0,
        "minY": -3.0,
        "minZ": 0.0
      },
      "dimensions": {
        "width": 87.75399780273438,
        "depth": 115.25399780273438,
        "height": 40.0
      },
      "filament": {
        "tool0": {
          "length": 2331.8278204405215,
          "volume": 5.6087031930699975
        }
      },
      "firstFilament": 0.008872833431257344,
      "lastFilament": 0.9968892648919823,
      "progress": [
        [
          0,
          5707.6206528912635
        ],
        [
          0.008872833431257344,
          5707.249655173281
        ],
        [
          0.009118585035704601,
          5707.249655173281
        ],
        [
          0.016170526190906625,
          5630.208639607933
        ],
        [
          0.027629400931031365,
          5553.167624042584
        ],
        [
          0.03897599261050348,
          5476.126608477235
        ],
        [
          0.05159618491819579,
          5399.085592911887
        ],
        [
          0.06437420907529603,
          5322.044577346538
        ],
        [
          0.07738527354695833,
          5245.00356178119
        ],
        [
          0.08962024315285184,
          5167.962546215841
        ],
        [
          0.10100779343306517,
          5090.921530650492
        ],
        [
          0.11179120435234566,
          5013.880515085144
        ],
        [
          0.12222293625146886,
          4936.839499519795
        ],
        [
          0.13251413777908344,
          4859.798483954447
        ],
        [
          0.14328695595679292,
          4782.757468389098
        ],
        [
          0.1545113780168128,
          4705.716452823749
        ],
        [
          0.1657245011524903,
          4628.675437258401
        ],
        [
          0.17769323985356594,
          4551.634421693052
        ],
        [
          0.18998152625870018,
          4474.593406127704
        ],
        [
          0.20207031603091385,
          4397.552390562355
        ],
        [
          0.217446739695381,
          4320.511374997006
        ],
        [
          0.2313758417698635,
          4243.470359431658
        ],
        [
          0.2452643383349905,
          4166.429343866309
        ],
        [
          0.2570893688420862,
          4089.3883283009604
        ],
        [
          0.2705068414986893,
          4012.347312735612
        ],
        [
          0.2839550331058483,
          3935.306297170263
        ],
        [
          0.2980684488836663,
          3858.2652816049144
        ],
        [
          0.3133410636807376,
          3781.224266039566
        ],
        [
          0.3286616989062641,
          3704.1832504742174
        ],
        [
          0.34344210431166955,
          3627.142234908869
        ],
        [
          0.3592076346831782,
          3550.10121934352
        ],
        [
          0.37475424839555277,
          3473.0602037781714
        ],
        [
          0.3891031761276326,
          3396.019188212823
        ],
        [
          0.40468615825273435,
          3318.9781726474744
        ],
        [
          0.42033163755310493,
          3241.9371570821254
        ],
        [
          0.4364647360571274,
          3164.896141516777
        ],
        [
          0.4526334967911055,
          3087.8551259514284
        ],
        [
          0.46854556008767967,
          3010.81411038608
        ],
        [
          0.4847471583205279,
          2933.7730948207313
        ],
        [
          0.5014907518304258,
          2856.7320792553824
        ],
        [
          0.5166983978125282,
          2779.691063690034
        ],
        [
          0.5321987565533761,
          2702.6500481246853
        ],
        [
          0.5479381581623429,
          2625.609032559337
        ],
        [
          0.5628375553647292,
          2548.568016993988
        ],
        [
          0.5784509033490012,
          2471.5270014286393
        ],
        [
          0.5936391293048902,
          2394.485985863291
        ],
        [
          0.6087793348323239,
          2317.4449702979423
        ],
        [
          0.6230036213052518,
          2240.403954732594
        ],
        [
          0.6373341882852752,
          2163.362939167245
        ],
        [
          0.6510348402332098,
          2086.3219236018963
        ],
        [
          0.6660062680782789,
          2009.2809080365478
        ],
        [
          0.6806733311488746,
          1932.239892471199
        ],
        [
          0.6948054607701347,
          1855.1988769058505
        ],
        [
          0.7091731023456567,
          1778.1578613405018
        ],
        [
          0.7228444477085781,
          1701.1168457751533
        ],
        [
          0.7360790190273886,
          1624.0758302098045
        ],
        [
          0.7495840583476453,
          1547.034814644456
        ],
        [
          0.7621120938036698,
          1469.9937990791075
        ],
        [
          0.7764338334990509,
          1392.9527835137587
        ],
        [
          0.7925397439663744,
          1315.9117679484102
        ],
        [
          0.8078730904817861,
          1238.8707523830615
        ],
        [
          0.8207446838560969,
          1161.829736817713
        ],
        [
          0.833338041218476,
          1084.7887212523642
        ],
        [
          0.8454056455075477,
          1007.7477056870157
        ],
        [
          0.8575000847419326,
          930.7066901216671
        ],
        [
          0.8690980774880231,
          853.6656745563184
        ],
        [
          0.8798087515818495,
          776.6246589909698
        ],
        [
          0.8902072928907168,
          699.5836434256212
        ],
        [
          0.9006986972340233,
          622.5426278602725
        ],
        [
          0.9117695245412637,
          545.5016122949239
        ],
        [
          0.9234660297839645,
          468.46059672957534
        ],
        [
          0.9356494480475459,
          391.4195811642267
        ],
        [
          0.9482074962713549,
          314.3785655988781
        ],
        [
          0.9603139406128537,
          237.33755003352948
        ],
        [
          0.9726580154569285,
          160.29653446818085
        ],
        [
          0.9840490966509988,
          83.25551890283224
        ],
        [
          0.995777027027027,
          6.21450333748362
        ],
        [
          1,
          0
        ]
      ],
      "analysisPrintTime": 4463.0,
      "analysisFirstFilamentPrintTime": 23.0,
      "analysisLastFilamentPrintTime": 4463.0,
      "compensatedPrintTime": 5707.6206528912635
    }
  }
}