{
  "case_with_button_PET.gcode": {
    "analysis": {
      "analysisPending": false,
      "estimatedPrintTime": 8524.44180032571,
      "printingArea": {
        "maxX": 177.39199829101562,
        "maxY": 150.34300231933594,
        "maxZ": 26.100000381469727,
        "minX": 60.0,
        "minY": -3.0,
        "minZ": 0.0
      },
      "dimensions": {
        "width": 117.39199829101562,
        "depth": 153.34300231933594,
        "height": 26.100000381469727
      },
      "filament": {
        "tool0": {
          "length": 14562.151951283216,
          "volume": 35.02608015531049
        }
      },
      "firstFilament": 0.010447344600640144,
      "lastFilament": 0.9968059857117144,
      "progress": [
        [
          0,
          8524.44180032571
        ],
        [
          0.010447344600640144,
          8524.135856482118
        ],
        [
          0.010707084182828345,
          8524.135856482118
        ],
        [
          0.017072380887787657,
          8458.60134277218
        ],
        [
          0.020623397356469658,
          8393.066829062238
        ],
        [
          0.02134150090722527,
          8327.532315352299
        ],
        [
          0.023104525244861385,
          8261.997801642357
        ],
        [
          0.02581967961476558,
          8196.463287932416
        ],
        [
          0.02686534570891205,
          8130.928774222476
        ],
        [
          0.027708288226716508,
          8065.394260512536
        ],
        [
          0.028372357000689782,
          7999.8597468025955
        ],
        [
          0.03112701265569003,
          7934.325233092655
        ],
        [
          0.032591541433307857,
          7868.790719382715
        ],
        [
          0.033182197441583745,
          7803.256205672775
        ],
        [
          0.033692360265135606,
          7737.7216919628345
        ],
        [
          0.034202895742320445,
          7672.187178252894
        ],
        [
          0.03471156795134038,
          7606.652664542953
        ],
        [
          0.03521353239496664,
          7541.118150833013
        ],
        [
          0.035736365442039876,
          7475.583637123073
        ],
        [
          0.036449624495566726,
          7410.049123413132
        ],
        [
          0.044873832522749575,
          7344.514609703192
        ],
        [
          0.04898904659176577,
          7278.980095993252
        ],
        [
          0.05300886133073867,
          7213.4455822833115
        ],
        [
          0.05465561773488452,
          7147.911068573371
        ],
        [
          0.05942185770071963,
          7082.376554863431
        ],
        [
          0.06632303032990654,
          7016.842041153491
        ],
        [
          0.07121522722368945,
          6951.3075274435505
        ],
        [
          0.07430340788020826,
          6885.77301373361
        ],
        [
          0.07576458277512925,
          6820.23850002367
        ],
        [
          0.08458790284323542,
          6754.703986313729
        ],
        [
          0.0882346912955937,
          6689.169472603789
        ],
        [
          0.0947442049565169,
          6623.634958893848
        ],
        [
          0.09675392599918688,
          6558.100445183908
        ],
        [
          0.1065826655690775,
          6492.565931473968
        ],
        [
          0.1111342570423152,
          6427.0314177640275
        ],
        [
          0.11548834209007262,
          6361.496904054087
        ],
        [
          0.11996987468030977,
          6295.962390344147
        ],
        [
          0.12681850314724627,
          6230.427876634207
        ],
        [
          0.13274406856528723,
          6164.8933629242665
        ],
        [
          0.13732770825096136,
          6099.358849214326
        ],
        [
          0.14069239790315255,
          6033.824335504386
        ],
        [
          0.14377275283337873,
          5968.289821794446
        ],
        [
          0.14900406453317494,
          5902.7553080845055
        ],
        [
          0.1502043818850088,
          5837.220794374564
        ],
        [
          0.15206615943538504,
          5771.686280664624
        ],
        [
          0.16142684604225072,
          5706.151766954684
        ],
        [
          0.17148327698189314,
          5640.617253244744
        ],
        [
          0.17989444213192163,
          5575.082739534803
        ],
        [
          0.18891974046910384,
          5509.548225824863
        ],
        [
          0.19799162051040878,
          5444.013712114923
        ],
        [
          0.20701617354032503,
          5378.4791984049825
        ],
        [
          0.22128135461086204,
          5312.944684695042
        ],
        [
          0.23034093708227857,
          5247.410170985102
        ],
        [
          0.24324146054883683,
          5181.875657275162
        ],
        [
          0.2532878298403887,
          5116.3411435652215
        ],
        [
          0.2622479137917992,
          5050.806629855281
        ],
        [
          0.27580877949600086,
          4985.272116145341
        ],
        [
          0.2883582632402904,
          4919.7376024354
        ],
        [
          0.3026480394506042,
          4854.20308872546
        ],
        [
          0.3136416942771954,
          4788.668575015519
        ],
        [
          0.32280226588315,
          4723.134061305579
        ],
        [
          0.33426770020909596,
          4657.599547595639
        ],
        [
          0.3446941762062891,
          4592.0650338856985
        ],
        [
          0.35618159709658104,
          4526.530520175758
        ],
        [
          0.3658549401015183,
          4460.996006465818
        ],
        [
          0.37874093007639026,
          4395.461492755878
        ],
        [
          0.38941410277861727,
          4329.9269790459375
        ],
        [
          0.40123355805589583,
          4264.392465335997
        ],
        [
          0.40795362101945365,
          4198.857951626057
        ],
        [
          0.41390639015270225,
          4133.323437916117
        ],
        [
          0.4242874024066717,
          4067.788924206176
        ],
        [
          0.4350224356119737,
          3936.7198967862955
        ],
        [
          0.4442907041178599,
          3871.1853830763553
        ],
        [
          0.4530204881240877,
          3805.6508693664146
        ],
        [
          0.4625425337540344,
          3740.1163556564743
        ],
        [
          0.47030230035361104,
          3674.581841946534
        ],
        [
          0.480327428388083,
          3609.047328236594
        ],
        [
          0.4907155210610791,
          3543.5128145266535
        ],
        [
          0.4989675631098244,
          3477.9783008167133
        ],
        [
          0.508168753961774,
          3412.443787106773
        ],
        [
          0.5186570904620421,
          3346.9092733968323
        ],
        [
          0.527283649411934,
          3281.374759686892
        ],
        [
          0.5379609213041238,
          3215.840245976952
        ],
        [
          0.547451291375267,
          3150.3057322670115
        ],
        [
          0.556747136249994,
          3084.7712185570713
        ],
        [
          0.5664551360427985,
          3019.236704847131
        ],
        [
          0.5759883612817347,
          2953.7021911371903
        ],
        [
          0.5857190929461512,
          2888.16767742725
        ],
        [
          0.595320513799923,
          2822.63316371731
        ],
        [
          0.6052621674206071,
          2757.0986500073695
        ],
        [
          0.6150797273815083,
          2691.5641362974293
        ],
        [
