{
    "belt-holder-and-tensioner-PETG.gcode": {
        "statistics": {
            "averagePrintTime": {
                "_default": 8560.249478289996
            },
            "lastPrintTime": {
                "_default": 8560.249478289996
            }
        },
        "hash": "e292d450f7ccd467af6198dbbeb8b05c50fb9a57",
        "analysis": {
            "lastFilament": 0.9977370389898866,
            "printingArea": {
                "maxZ": 40.599998474121094,
                "maxX": 162.84300231933594,
                "maxY": 135.60400390625,
                "minX": 60.0,
                "minY": -3.0,
                "minZ": 0.0
            },
            "dimensions": {
                "width": 102.84300231933594,
                "depth": 138.60400390625,
                "height": 40.599998474121094
            },
            "compensatedPrintTime": 8637.212981507939,
            "analysisPending": false,
            "analysisPrintTime": 8475.50816727052,
            "analysisLastFilamentPrintTime": 8469.67785075741,
            "firstFilament": 0.00027019661821913,
            "progress": [
                [
                    0,
                    8637.212981507939
                ],
                [
                    0.00027019661821913,
                    8297.20496921544
                ],
                [
                    0.00198916177031795,
                    8238.119147914049
                ],
                [
                    0.00686788337490501,
                    8179.3639209152025
                ],
                [
                    0.00897721830780233,
                    8120.7390024955
                ],
                [
                    0.01547943559271745,
                    8061.969206069176
                ],
                [
                    0.02243455387579036,
                    8003.309531971992
                ],
                [
                    0.03014545069953905,
                    7944.553823032307
                ],
                [
                    0.03886302292373842,
                    7885.350077105493
                ],
                [
                    0.05041920361991416,
                    7826.611980182866
                ],
                [
                    0.06084519046159619,
                    7767.8271232248935
                ],
                [
                    0.07032162918782242,
                    7709.1539498444145
                ],
                [
                    0.07802300479740529,
                    7650.5214581442215
                ],
                [
                    0.08743948560739814,
                    7591.896576836687
                ],
                [
                    0.09659348970254955,
                    7533.194270497466
                ],
                [
                    0.1052891888671788,
                    7474.462445373398
                ],
                [
                    0.11421082387066177,
                    7415.804429028105
                ],
                [
                    0.12295412910612011,
                    7357.094173532616
                ],
                [
                    0.13253195589670666,
                    7298.42496661887
                ],
                [
                    0.14231796274837824,
                    7239.771271427408
                ],
                [
                    0.14969896236778701,
                    7180.956552826154
                ],
                [
                    0.1599859909486706,
                    7122.218511137293
                ],
                [
                    0.16957719890511183,
                    7063.493405345722
                ],
                [
                    0.17889435029164508,
                    7004.872279003814
                ],
                [
                    0.18848401426741077,
                    6946.252861893499
                ],
                [
                    0.1982435161174856,
                    6887.565814655565
                ],
                [
                    0.20814686550049807,
                    6828.938943712596
                ],
                [
                    0.21764877990787068,
                    6770.301567867122
                ],
                [
                    0.22863831969612403,
                    6711.658253754769
                ],
                [
                    0.23797631482177703,
                    6653.040796210618
                ],
                [
                    0.2480726617892317,
                    6594.170939906235
                ],
                [
                    0.2576319608117118,
                    6535.535837825239
                ],
                [
                    0.26720000905801994,
                    6476.905365756844
                ],
                [
                    0.2764152577199677,
                    6418.252573796208
                ],
                [
                    0.28654480027194645,
                    6359.606306918091
                ],
                [
                    0.29656703616697533,
                    6300.887985192421
                ],
                [
                    0.30702107199092965,
                    6242.2637616753145
                ],
                [
                    0.31681068146417746,
                    6183.62246770309
                ],
                [
                    0.3274626041447132,
                    6124.7647846908785
                ],
                [
                    0.33513618810213636,
                    6066.12988565203
                ],
                [
                    0.3444471635659675,
                    6007.4879916170485
                ],
                [
                    0.353657522955776,
                    5948.838327431133
                ],
                [
                    0.36313679231324075,
                    5890.190835653741
                ],
                [
                    0.3725972765724864,
                    5831.566690179734
                ],
                [
                    0.38276464665101584,
                    5772.950237046813
                ],
                [
                    0.39171535995722145,
                    5714.314244503032
                ],
                [
                    0.40044914397851394,
                    5655.690673812152
                ],
                [
                    0.4085393453882198,
                    5597.01982427218
                ],
                [
                    0.4174524884979873,
                    5538.394402438922
                ],
                [
                    0.4259850403712347,
                    5479.715432216986
                ],
                [
                    0.4347648864826808,
                    5421.0759975342135
                ],
                [
                    0.44350999302892724,
                    5362.444272704546
                ],
                [
                    0.4521287504898922,
                    5303.809864592538
                ],
                [
                    0.45973671526860505,
                    5245.055271708765
                ],
                [
                    0.46709352585743036,
                    5186.207272175367
                ],
                [
                    0.4746459073318238,
                    5127.583183597551
                ],
                [
                    0.4829015720039248,
                    5068.966987949096
                ],
                [
                    0.4910885295359643,
                    5010.204041289066
                ],
                [
                    0.4995477423271237,
                    4951.470713212751
                ],
                [
                    0.5086124528732066,
