{
  "Z-leadscrew-cap.3mf": {
    "hash": "6577141d485f13fccc67a914191ac7843424652d"
  },
  "Z-leadscrew-cap.gcode": {
    "hash": "3992dcd19fa4ecdd9836754e39e7b23d7a247c7b",
    "analysis": {
      "analysisPending": false,
      "estimatedPrintTime": 450.39795716511736,
      "printingArea": {
        "maxX": 140.88800048828125,
        "maxY": 120.79000091552734,
        "maxZ": 4.599999904632568,
        "minX": 60.0,
        "minY": -3.0,
        "minZ": 0.0
      },
      "dimensions": {
        "width": 80.88800048828125,
        "depth": 123.79000091552734,
        "height": 4.599999904632568
      },
      "filament": {
        "tool0": {
          "length": 298.64085628674366,
          "volume": 0.7183154388818399
        }
      },
      "firstFilament": 0.03489052732169497,
      "lastFilament": 0.9835984981165005,
      "progress": [
        [
          0,
          450.39795716511736
        ],
        [
          0.03489052732169497,
          449.96283928640224
        ],
        [
          0.03604893584659844,
          449.96283928640224
        ],
        [
          0.03683247476927851,
          449.96283928640224
        ],
        [
          0.03879132207597869,
          449.96283928640224
        ],
        [
          0.04157672612856491,
          449.96283928640224
        ],
        [
          0.04977008509847241,
          449.96283928640224
        ],
        [
          0.07267400325399105,
          449.96283928640224
        ],
        [
          0.08104250621837998,
          449.96283928640224
        ],
        [
          0.09797155600075588,
          386.70207370239575
        ],
        [
          0.10443037488496573,
          386.70207370239575
        ],
        [
          0.1113808260343866,
          386.70207370239575
        ],
        [
          0.12192480177233432,
          386.70207370239575
        ],
        [
          0.13010586993561155,
          386.70207370239575
        ],
        [
          0.14144721175369837,
          386.70207370239575
        ],
        [
          0.14959601654957114,
          386.70207370239575
        ],
        [
          0.15578751038957248,
          386.70207370239575
        ],
        [
          0.16669099222145575,
          386.70207370239575
        ],
        [
          0.17569861713061902,
          386.70207370239575
        ],
        [
          0.18681257902604576,
          386.70207370239575
        ],
        [
          0.19630876349876247,
          386.70207370239575
        ],
        [
          0.20743655255164828,
          386.70207370239575
        ],
        [
          0.21557306654089076,
          386.70207370239575
        ],
        [
          0.22528894918212364,
          323.4413081183893
        ],
        [
          0.22614776929541414,
          323.4413081183893
        ],
        [
          0.23481739702224483,
          323.4413081183893
        ],
        [
          0.24495270343973588,
          323.4413081183893
        ],
        [
          0.25395571929641275,
          323.4413081183893
        ],
        [
          0.2619954431834418,
          323.4413081183893
        ],
        [
          0.27274682628327546,
          323.4413081183893
        ],
        [
          0.2804593074437734,
          323.4413081183893
        ],
        [
          0.29054698698557213,
          323.4413081183893
        ],
        [
          0.2985360112952513,
          323.4413081183893
        ],
        [
          0.3083978472652187,
          323.4413081183893
        ],
        [
          0.3169752939423223,
          323.4413081183893
        ],
        [
          0.3271367183239027,
          323.4413081183893
        ],
        [
          0.3354268673960236,
          323.4413081183893
        ],
        [
          0.34609528755110286,
          323.4413081183893
        ],
        [
          0.3472967138992123,
          260.1805425343829
        ],
        [
          0.35461588924754145,
          260.1805425343829
        ],
        [
          0.36525511873687383,
          260.1805425343829
        ],
        [
          0.3728677370935008,
          260.1805425343829
        ],
        [
          0.38341478553310604,
          260.1805425343829
        ],
        [
          0.3912471020582492,
          260.1805425343829
        ],
        [
          0.4012671821635814,
          260.1805425343829
        ],
        [
          0.40974937508930037,
          260.1805425343829
        ],
        [
          0.4196542288824738,
          260.1805425343829
        ],
        [
          0.4280027592860885,
          260.1805425343829
        ],
        [
          0.43797982156821474,
          260.1805425343829
        ],
        [
          0.4473715341845741,
          260.1805425343829
        ],
        [
          0.4566249752263429,
          260.1805425343829
        ],
        [
          0.46617493197806703,
          260.1805425343829
        ],
        [
          0.4689173182074473,
          196.9197769503764
        ],
        [
          0.4754160822132055,
          196.9197769503764
        ],
        [
          0.48584022258650805,
          196.9197769503764
        ],
        [
          0.49404587236304587,
          196.9197769503764
        ],
        [
          0.5049278452833261,
          196.9197769503764
        ],
        [
          0.5130658956233974,
          196.9197769503764
        ],
        [
          0.5240154679801442,
          196.9197769503764
        ],
        [
          0.5365413362872239,
          196.9197769503764
        ],
        [
          0.5476860251992263,
          196.9197769503764
        ],
        [
          0.5602456932245392,
          196.9197769503764
        ],
        [
          0.571616225708373,
          196.9197769503764
        ],
        [
          0.5845492269850805,
          196.9197769503764
        ],
        [
          0.5958414055766462,
          196.9197769503764
        ],
        [
          0.6082013479942172,
          196.9197769503764
        ],
        [
          0.6150012367624171,
          133.65901136636995
        ],
        [
          0.6206980256355499,
          133.65901136636995
        ],
        [
          0.632550972279622,
          133.65901136636995
        ],
        [
          0.6446312988463542,
          133.65901136636995
        ],
        [
          0.6573092658854834,
          133.65901136636995
        ],
        [
          0.668303392416265,
          133.65901136636995
        ],
        [
          0.6761572178530112,
          133.65901136636995
        ],
        [
          0.6858362280743532,
          133.65901136636995
        ],
        [
          0.6939374059945337,
          133.65901136636995
        ],
        [
          0.7034136179064762,
          133.65901136636995
        ],
        [
          0.7109233007575746,
          133.65901136636995
        ],
        [
          0.720720609992733,
          133.65901136636995
        ],
        [
          0.728525272202958,
          133.65901136636995
        ],
        [
          0.7376220054601909,
          133.65901136636995
        ],
        [
          0.74320971342448,
          70.39824578236349
        ],
        [
          0.7450886704880832,
          70.39824578236349
        ],
        [
          0.7548076258309737,
          70.39824578236349
        ],
        [
          0.7624540439058339,
          70.39824578236349
        ],
        [
          0.7722697893509378,
          70.39824578236349
        ],
        [
          0.7792985943926267,
          70.39824578236349
        ],
        [
          0.7889376594924205,
          70.39824578236349
        ],
        [
          0.7970557372717175,
          70.39824578236349
        ],
        [
          0.8056039932830742,
          70.39824578236349
        ],
        [
          0.8133118653910858,
