{
  "DiodePress_RaspberryPi_Case_TOP.stl": {},
  "Case_PET.gcode": {
    "analysis": {
      "analysisPending": false,
      "estimatedPrintTime": 13508.07733973352,
      "printingArea": {
        "maxX": 173.94200134277344,
        "maxY": 177.8769989013672,
        "maxZ": 20.200000762939453,
        "minX": 60.0,
        "minY": -3.0,
        "minZ": 0.0
      },
      "dimensions": {
        "width": 113.94200134277344,
        "depth": 180.8769989013672,
        "height": 20.200000762939453
      },
      "filament": {
        "tool0": {
          "length": 12281.250805995049,
          "volume": 29.539869970959078
        }
      },
      "firstFilament": 0.004571815677075788,
      "lastFilament": 0.9988506469801339,
      "progress": [
        [
          0,
          13508.07733973352
        ],
        [
          0.004571815677075788,
          13507.771395889928
        ],
        [
          0.00465842098030245,
          13507.771395889928
        ],
        [
          0.006149100783473571,
          13442.236882179986
        ],
        [
          0.008599894184969543,
          13376.702368470045
        ],
        [
          0.01139922112384111,
          13311.167854760106
        ],
        [
          0.013913135750644321,
          13245.633341050165
        ],
        [
          0.014136545126830173,
          13180.098827340225
        ],
        [
          0.0159300328553433,
          13114.564313630284
        ],
        [
          0.016714326505223778,
          13049.029799920345
        ],
        [
          0.017765145801332653,
          12983.495286210404
        ],
        [
          0.018859578385006175,
          12917.960772500464
        ],
        [
          0.01979682917731423,
          12852.426258790523
        ],
        [
          0.022348765644558417,
          12786.891745080584
        ],
        [
          0.024410394326246775,
          12721.357231370643
        ],
        [
          0.025581988880226978,
          12655.822717660703
        ],
        [
          0.026630571597486382,
          12590.288203950762
        ],
        [
          0.027712330234346248,
          12524.753690240821
        ],
        [
          0.029004575791817252,
          12459.219176530882
        ],
        [
          0.03078886869617145,
          12393.68466282094
        ],
        [
          0.03225258529876841,
          12328.150149111001
        ],
        [
          0.035022215440694254,
          12262.61563540106
        ],
        [
          0.04175593308454293,
          12197.08112169112
        ],
        [
          0.044683117780975806,
          12131.54660798118
        ],
        [
          0.0473709885405155,
          12066.01209427124
        ],
        [
          0.05371442317513183,
          12000.477580561299
        ],
        [
          0.056723615762711906,
          11934.94306685136
        ],
        [
          0.06028623736115505,
          11869.408553141418
        ],
        [
          0.06570198879076382,
          11803.87403943148
        ],
        [
          0.07079567286604906,
          11738.339525721538
        ],
        [
          0.0738867490903958,
          11672.805012011597
        ],
        [
          0.07784884852223023,
          11607.270498301657
        ],
        [
          0.08245408862766752,
          11541.735984591716
        ],
        [
          0.08640102902507776,
          11476.201470881777
        ],
        [
          0.09033902310709013,
          11410.666957171836
        ],
        [
          0.0974155585868102,
          11345.132443461896
        ],
        [
          0.10051955726673166,
          11279.597929751955
        ],
        [
          0.10320643399122714,
          11214.063416042016
        ],
        [
          0.10889703611055956,
          11148.528902332075
        ],
        [
          0.11228930495330147,
          11082.994388622135
        ],
        [
          0.11581253791311785,
          11017.459874912194
        ],
        [
          0.12178209111673127,
          10951.925361202255
        ],
        [
          0.12666267892941432,
          10886.390847492314
        ],
        [
          0.12978432173137047,
          10820.856333782374
        ],
        [
          0.13379661993293743,
          10755.321820072433
        ],
        [
          0.13826455894789344,
          10689.787306362492
        ],
        [
          0.14223982934406362,
          10624.252792652553
        ],
        [
          0.14620192877589802,
          10558.718278942612
        ],
        [
          0.1531187973766421,
          10493.183765232672
        ],
        [
          0.15742234784616213,
          10427.649251522731
        ],
        [
          0.16010897606189659,
          10362.114737812792
        ],
        [
          0.16597303729644336,
          10296.58022410285
        ],
        [
          0.16989388427394314,
          10231.045710392911
        ],
        [
          0.17347303170499626,
          10165.51119668297
        ],
        [
          0.17941052727843393,
          10099.97668297303
        ],
        [
          0.18551626328310392,
          10034.44216926309
        ],
        [
          0.18893437703699525,
          9968.90765555315
        ],
        [
          0.19341573552504807,
          9903.373141843209
        ],
        [
          0.1995803681060874,
          9837.838628133268
        ],
        [
          0.2033301168016028,
          9772.304114423328
        ],
        [
          0.20705489036663244,
          9706.769600713387
        ],
        [
          0.2138276238859663,
          9641.235087003448
        ],
        [
          0.2190290365091676,
          9575.700573293507
        ],
        [
          0.22228648934903875,
          9510.166059583567
        ],
        [
          0.22792055572523182,
          9444.631545873626
        ],
        [
          0.23303436901016228,
          9379.097032163687
        ],
        [
          0.23673031555890986,
          9313.562518453746
        ],
        [
          0.24156281692632933,
          9248.028004743806
        ],
        [
          0.24799646024120758,
          9182.493491033865
        ],
        [
          0.252802495425575,
          9116.958977323926
        ],
        [
          0.2558608927478434,
          9051.424463613985
        ],
        [
          0.2627916778392064,
          8985.889949904044
        ],
        [
          0.2667771370945797,
          8920.355436194106
        ],
        [
          0.2709950762959173,
          8854.820922484165
        ],
        [
          0.2772543907149175,
          8789.286408774224
        ],
        [
          0.2831305046243753,
          8723.751895064284
        ],
        [
          0.28618828067474106,
          8658.217381354343
        ],
        [
          0.28902923283108883,
          8592.682867644404
        ],
        [
          0.29480494920108163,
          8527.148353934463
        ],
        [
          0.2997492795109745,
          8461.613840224523
        ],
        [
          0.30409830708376706,
          8396.079326514582
        ],
        [
          0.3080873697161757,
          8265.010299094702
        ],
        [
          0.313167385809603,
          8199.47578538476
        ],
        [
          0.31748286469965353,
          8133.94127167482
        ],
        [
          0.3225984175459114,
          8068.40675796488
        ],
        [
          0.3272024151075434,
          8002.87224425494
        ],
        [
          0.33139252132764313,
          7937.337730544999
        ],
        [
          0.33688381942061174,
          7871.803216835059
        ],
        [
          0.34119855278437916,
          7806.268703125119
        ],
        [
          0.3455404978574817,
          7740.734189415179
        ],
        [
