{
    "FilamentGuide_E3D_PLA_OPTIMAL.gcode": {
        "analysis": {
            "lastFilament": 0.9959818427589212,
            "printingArea": {
                "maxZ": 18.950000762939453,
                "maxX": 158.091,
                "maxY": 136.939,
                "minX": 60.0,
                "minY": -3.0,
                "minZ": 0.0
            },
            "dimensions": {
                "width": 98.09100000000001,
                "depth": 139.939,
                "height": 18.950000762939453
            },
            "compensatedPrintTime": 9252.694518561206,
            "analysisPending": false,
            "analysisPrintTime": 9252.694518561206,
            "analysisLastFilamentPrintTime": 9248.955842373203,
            "firstFilament": 0.00057057271236003,
            "progress": [
                [
                    0,
                    9252.694518561206
                ],
                [
                    0.00052396096518889,
                    9247.50894378774
                ],
                [
                    0.00057057271236003,
                    9241.504345638907
                ],
                [
                    0.00620273189765408,
                    9180.594728340915
                ],
                [
                    0.01441931590802772,
                    9120.21488596919
                ],
                [
                    0.01625121373058522,
                    9060.149245216853
                ],
                [
                    0.02172949799148297,
                    9000.015951790056
                ],
                [
                    0.02895094927911844,
                    8940.011939754051
                ],
                [
                    0.0370035497934201,
                    8879.431926660833
                ],
                [
                    0.03888093618851812,
                    8819.240143262688
                ],
                [
                    0.04603668176026175,
                    8759.230849115955
                ],
                [
                    0.05252638477604179,
                    8698.863616465842
                ],
                [
                    0.05422518640486963,
                    8638.766172311454
                ],
                [
                    0.06204304342136963,
                    8578.761077579895
                ],
                [
                    0.06983113631015793,
                    8518.758038069429
                ],
                [
                    0.07513925961451523,
                    8458.2639994254
                ],
                [
                    0.07760968221458588,
                    8398.231246908672
                ],
                [
                    0.08511080398524823,
                    8338.128659894135
                ],
                [
                    0.09262708861342407,
                    8278.087583807192
                ],
                [
                    0.09778695286653821,
                    8217.717083272753
                ],
                [
                    0.09987268815561809,
                    8157.707454371248
                ],
                [
                    0.10566489972577692,
                    8097.653218819577
                ],
                [
                    0.11370289896988038,
                    8037.429407063196
                ],
                [
                    0.12355482524245129,
                    7977.399367309141
                ],
                [
                    0.1311222143163208,
                    7916.860063404134
                ],
                [
                    0.14068773105808105,
                    7856.763004138894
                ],
                [
                    0.1482837610850316,
                    7795.873090757774
                ],
                [
                    0.15983785851032226,
                    7735.823652251838
                ],
                [
                    0.17069614925193763,
                    7675.768413084732
                ],
                [
                    0.17767724116861827,
                    7615.724044528823
                ],
                [
                    0.18492059436155103,
                    7555.7084569497165
                ],
                [
                    0.19058139449992614,
                    7493.247701024543
                ],
                [
                    0.1972889933940484,
                    7431.8660520834765
                ],
                [
                    0.20454133198402621,
                    7371.849213276562
                ],
                [
                    0.2089239593927444,
                    7310.790497226542
                ],
                [
                    0.216274014175587,
                    7250.604687304769
                ],
                [
                    0.22407333881068162,
                    7190.487591388135
                ],
                [
                    0.2292944160811651,
                    7130.379356161742
                ],
                [
                    0.2359930295782423,
                    7070.335378847294
                ],
                [
                    0.24275678720389607,
                    7010.146659583395
                ],
                [
                    0.24854001337700984,
                    6950.101684824074
                ],
                [
                    0.2558636735560327,
                    6890.028644799217
                ],
                [
                    0.26266000324597466,
                    6830.006627677933
                ],
                [
                    0.26884925704806123,
                    6769.990158535831
                ],
                [
                    0.2755332692749402,
                    6709.980722925095
                ],
                [
                    0.28266037389360277,
                    6649.853353828163
                ],
                [
                    0.2881729149807348,
                    6589.278697701502
                ],
                [
                    0.29457332561337973,
                    6529.272740500568
                ],
                [
                    0.30139941943103343,
                    6468.575142432803
                ],
                [
                    0.3071540046510661,
                    6408.504620362535
                ],
                [
                    0.31217010255145966,
                    6348.45750406367
                ],
                [
                    0.319466244952032,
                    6288.210415546955
                ],
                [
                    0.3248159257177226,
                    6227.631757906012
                ],
                [
                    0.3290413086781526,
                    6167.527736660666
                ],
                [
                    0.33645201489104926,
                    6106.7750197498135
                ],
                [
                    0.3426828261544691,
                    6046.770944229009
                ],
                [
                    0.35049506729781593,
                    5986.6220838299105
                ],
                [
                    0.35781311160368556,
                    5925.484690616333
                ],
                [
                    0.3646734622475735,
                    5865.312014627891
                ],
                [
                    0.36938686458501224,
                    5804.722705279326
                ],
                [
                    0.37791962225390824,
                    5744.70992163427
                ],
                [
                    0.385070313539814,
                    5684.683706090931
                ],
                [
