{
  "foot.3mf": {
    "hash": "df36d61a00986091621f01522afd154e2743c6c5"
  },
  "foot_PETG.gcode": {
    "hash": "7486d5ecd2a850d8ea84a9ae730bf5555475bf13",
    "analysis": {
      "analysisPending": false,
      "estimatedPrintTime": 4937.210497237777,
      "printingArea": {
        "maxX": 173.45700073242188,
        "maxY": 153.45700073242188,
        "maxZ": 6.400000095367432,
        "minX": 60.0,
        "minY": -3.0,
        "minZ": 0.0
      },
      "dimensions": {
        "width": 113.45700073242188,
        "depth": 156.45700073242188,
        "height": 6.400000095367432
      },
      "filament": {
        "tool0": {
          "length": 4837.709083580412,
          "volume": 11.636053977216577
        }
      },
      "firstFilament": 0.010504103599935737,
      "lastFilament": 0.9963348121784336,
      "progress": [
        [
          0,
          4937.210497237777
        ],
        [
          0.010504103599935737,
          4936.839499519795
        ],
        [
          0.013346483344615887,
          4936.839499519795
        ],
        [
          0.014638598967680631,
          4859.798483954447
        ],
        [
          0.015507790454821953,
          4859.798483954447
        ],
        [
          0.016416459438417165,
          4782.757468389098
        ],
        [
          0.01656887690298697,
          4782.757468389098
        ],
        [
          0.020781297415906067,
          4782.757468389098
        ],
        [
          0.021186714140358633,
          4705.716452823749
        ],
        [
          0.02191721946604455,
          4705.716452823749
        ],
        [
          0.024852285506746875,
          4628.675437258401
        ],
        [
          0.025102195223428898,
          4628.675437258401
        ],
        [
          0.027042771636071036,
          4628.675437258401
        ],
        [
          0.0275484268732587,
          4551.634421693052
        ],
        [
          0.028021470265549672,
          4551.634421693052
        ],
        [
          0.03211545828910709,
          4551.634421693052
        ],
        [
          0.03213811493924585,
          4474.593406127704
        ],
        [
          0.033207440169279505,
          4474.593406127704
        ],
        [
          0.03382191598364877,
          4397.552390562355
        ],
        [
          0.036664639010906774,
          4397.552390562355
        ],
        [
          0.04354848454473178,
          4397.552390562355
        ],
        [
          0.043989259374703917,
          4320.511374997006
        ],
        [
          0.049553526679235384,
          4320.511374997006
        ],
        [
          0.054550691165142266,
          4243.470359431658
        ],
        [
          0.05583697098438339,
          4243.470359431658
        ],
        [
          0.06193332628459773,
          4243.470359431658
        ],
        [
          0.0642796627042703,
          4166.429343866309
        ],
        [
          0.0696877364358755,
          4166.429343866309
        ],
        [
          0.07392109718604405,
          4089.3883283009604
        ],
        [
          0.07703467016723355,
          4089.3883283009604
        ],
        [
          0.08360990466356248,
          4089.3883283009604
        ],
        [
          0.08478187138437625,
          4012.347312735612
        ],
        [
          0.08980375221588904,
          4012.347312735612
        ],
        [
          0.09524787061816954,
          3935.306297170263
        ],
        [
          0.09613594264709314,
          3935.306297170263
        ],
        [
          0.104130307320295,
          3935.306297170263
        ],
        [
          0.10693046330789838,
          3858.2652816049144
        ],
        [
          0.11210064221304666,
          3858.2652816049144
        ],
        [
          0.11889008503796018,
          3781.224266039566
        ],
        [
          0.11968615733601734,
          3781.224266039566
        ],
        [
          0.12716594142500717,
          3781.224266039566
        ],
        [
          0.13017138039417078,
          3704.1832504742174
        ],
        [
          0.13467627766342655,
          3704.1832504742174
        ],
        [
          0.14767192621346958,
          3627.142234908869
        ],
        [
          0.14777147816104896,
          3627.142234908869
        ],
        [
          0.1596452792466458,
          3627.142234908869
        ],
        [
          0.16690124309487095,
          3550.10121934352
        ],
        [
          0.17308170262666098,
          3550.10121934352
        ],
        [
          0.18499978716480173,
          3550.10121934352
        ],
        [
          0.1856904717114559,
          3473.0602037781714
        ],
        [
          0.19839124052711726,
          3473.0602037781714
        ],
        [
          0.20694790206285366,
          3396.019188212823
        ],
        [
          0.2111925911380916,
          3396.019188212823
        ],
        [
          0.22537599740752998,
          3396.019188212823
        ],
        [
          0.22694685848381696,
          3318.9781726474744
        ],
        [
          0.23814542273876332,
          3318.9781726474744
        ],
        [
          0.24787508084304707,
          3241.9371570821254
        ],
        [
          0.2523391274855375,
          3241.9371570821254
        ],
        [
          0.26553319336558356,
          3241.9371570821254
        ],
        [
          0.2684229461060084,
          3164.896141516777
        ],
        [
          0.27804652989373346,
          3164.896141516777
        ],
        [
          0.2866550270987267,
          3087.8551259514284
        ],
        [
          0.2898963011988801,
          3087.8551259514284
        ],
        [
          0.2997890185276473,
          3087.8551259514284
        ],
        [
          0.3045060644300205,
          3010.81411038608
        ],
        [
          0.31194877400060145,
          3010.81411038608
        ],
        [
          0.3220309833123473,
          2933.7730948207313
        ],
        [
          0.32321530820596406,
          2933.7730948207313
        ],
        [
          0.3339658886968032,
          2933.7730948207313
        ],
        [
          0.338674009252152,
          2856.7320792553824
        ],
        [
          0.3455393175267726,
          2856.7320792553824
        ],
        [
          0.35702246303876484,
          2779.691063690034
        ],
        [
          0.35729056673207343,
          2779.691063690034
        ],
        [
          0.36950181459170656,
          2779.691063690034
        ],
        [
          0.375926348036355,
          2702.6500481246853
        ],
        [
          0.3815853613323758,
          2702.6500481246853
        ],
        [
          0.39396516093773815,
          2702.6500481246853
        ],
        [
          0.39455080101556717,
          2625.609032559337
        ],
        [
          0.40451526440310714,
          2625.609032559337
        ],
        [
          0.41158413924639864,
          2548.568016993988
        ],
        [
          0.416222230155864,
          2548.568016993988
        ],
        [
          0.429034222526752,
          2548.568016993988
        ],
        [
          0.43048253172274303,
          2471.5270014286393
        ],
        [
          0.44034572674981426,
          2471.5270014286393
        ],
        [
          0.44837785250658074,
          2394.485985863291
        ],
        [
          0.45312819681900635,
          2394.485985863291
        ],
        [
          0.4665958589136068,
          2394.485985863291
        ],
        [
          0.46835552540771674,
          2317.4449702979423
        ],
        [
          0.4783807498115379,
          2317.4449702979423
        ],
        [
          0.48778188648880966,
