{
  "Trampoline Net Hook.3mf": {
    "hash": "616d3ebb488bbad590700fd42baf0f125b011103"
  },
  "Trampoline Net Hook.stl": {
    "hash": "b633ca835ea916b723542d4043a90affc3750971"
  },
  "Trampoline Net Hook.gcode": {
    "hash": "37d042d41a3ccf221c7b119a6b32740c0d94abfe",
    "analysis": {
      "analysisPending": false,
      "estimatedPrintTime": 4962.5663862607,
      "printingArea": {
        "maxX": 142.75399780273438,
        "maxY": 122.7509994506836,
        "maxZ": 42.0,
        "minX": 60.0,
        "minY": -3.0,
        "minZ": 0.0
      },
      "dimensions": {
        "width": 82.75399780273438,
        "depth": 125.7509994506836,
        "height": 42.0
      },
      "filament": {
        "tool0": {
          "length": 4643.42424394656,
          "volume": 11.168744173779364
        }
      },
      "firstFilament": 0.0053046306482482045,
      "lastFilament": 0.99762636803506,
      "progress": [
        [
          0,
          4962.5663862607
        ],
        [
          0.0053046306482482045,
          4962.353212134909
        ],
        [
          0.008879538610601638,
          4962.353212134909
        ],
        [
          0.009011844112648939,
          4884.9169327378795
        ],
        [
          0.009321000185272026,
          4884.9169327378795
        ],
        [
          0.00963946418266226,
          4807.48065334085
        ],
        [
          0.011017923517225423,
          4807.48065334085
        ],
        [
          0.017893820513070542,
          4807.48065334085
        ],
        [
          0.01836630850363142,
          4730.044373943821
        ],
        [
          0.022156850056423753,
          4730.044373943821
        ],
        [
          0.029044492766855987,
          4652.60809454679
        ],
        [
          0.030597143264918608,
          4652.60809454679
        ],
        [
          0.03940155362561399,
          4652.60809454679
        ],
        [
          0.0422008011907052,
          4575.171815149761
        ],
        [
          0.0481877913712878,
          4575.171815149761
        ],
        [
          0.05721736486444559,
          4497.735535752731
        ],
        [
          0.057810634259723014,
          4497.735535752731
        ],
        [
          0.06776634626721191,
          4497.735535752731
        ],
        [
          0.07224744719082399,
          4420.299256355702
        ],
        [
          0.07733001734819883,
          4420.299256355702
        ],
        [
          0.08762147949907409,
          4420.299256355702
        ],
        [
          0.08781716753644052,
          4342.862976958671
        ],
        [
          0.09757940767912658,
          4342.862976958671
        ],
        [
          0.10276658118150364,
          4265.426697561642
        ],
        [
          0.1063751749668239,
          4265.426697561642
        ],
        [
          0.11537660306842389,
          4265.426697561642
        ],
        [
          0.11625598034166289,
          4187.9904181646125
        ],
        [
          0.12454823322290884,
          4187.9904181646125
        ],
        [
          0.13029144442149473,
          4110.554138767583
        ],
        [
          0.13309689726976404,
          4110.554138767583
        ],
        [
          0.14206885027626806,
          4110.554138767583
        ],
        [
          0.1437312013162292,
          4033.117859370553
        ],
        [
          0.15087170931616892,
          4033.117859370553
        ],
        [
          0.15726957789004414,
          3955.681579973523
        ],
        [
          0.15956442457965855,
          3955.681579973523
        ],
        [
          0.16863388917896124,
          3955.681579973523
        ],
        [
          0.17129573404510887,
          3878.2453005764937
        ],
        [
          0.17783034046615862,
          3878.2453005764937
        ],
        [
          0.18530349596789564,
          3800.809021179464
        ],
        [
          0.18679896921381722,
          3800.809021179464
        ],
        [
          0.19654968525917252,
          3800.809021179464
        ],
        [
          0.20023008303555362,
          3723.3727417824343
        ],
        [
          0.2062695965058937,
          3723.3727417824343
        ],
        [
          0.21542105949004983,
          3645.9364623854044
        ],
        [
          0.21634941417694453,
          3645.9364623854044
        ],
        [
          0.22582488158989994,
          3645.9364623854044
        ],
        [
          0.23049635173672578,
          3568.500182988375
        ],
        [
          0.2363206748511397,
          3568.500182988375
        ],
        [
          0.24540831206546396,
          3491.0639035913455
        ],
        [
          0.24541739837297474,
          3491.0639035913455
        ],
        [
          0.2534337377700517,
          3491.0639035913455
        ],
        [
          0.2582200056556724,
          3413.6276241943156
        ],
        [
          0.26284648749945705,
          3413.6276241943156
        ],
        [
          0.27339768507478696,
          3413.6276241943156
        ],
        [
          0.2745082091464101,
          3336.191344797286
        ],
        [
          0.28013063894027945,
          3336.191344797286
        ],
        [
          0.2845809350652574,
          3258.755065400256
        ],
        [
          0.2880242023773326,
          3258.755065400256
        ],
        [
          0.29675858168501806,
          3258.755065400256
        ],
        [
          0.2974890321619827,
          3181.3187860032267
        ],
        [
          0.30483542259308144,
          3181.3187860032267
        ],
        [
          0.3125911400966783,
          3103.882506606197
        ],
        [
          0.3155703408739344,
          3103.882506606197
        ],
        [
          0.32644155376744904,
          3103.882506606197
        ],
        [
          0.3291962562640118,
          3026.4462272091673
        ],
        [
          0.3374647960988271,
          3026.4462272091673
        ],
        [
          0.3468332223769603,
          2949.0099478121374
        ],
        [
          0.34902124954900887,
          2949.0099478121374
        ],
        [
          0.360152641101491,
          2949.0099478121374
        ],
        [
          0.36396490114540664,
          2871.573668415108
        ],
        [
          0.3716776249012695,
          2871.573668415108
        ],
        [
          0.3820803389148378,
          2794.137389018078
        ],
        [
          0.3833023364664104,
          2794.137389018078
        ],
        [
          0.39466731260709653,
          2794.137389018078
        ],
        [
          0.39989637177092574,
          2716.7011096210485
        ],
        [
          0.4066601304350524,
          2716.7011096210485
        ],
        [
          0.4183152035643147,
          2639.2648302240186
        ],
        [
          0.4185813658892038,
          2639.2648302240186
        ],
        [
          0.4293874233093484,
          2639.2648302240186
        ],
        [
          0.43570595290544656,
          2561.828550826989
        ],
        [
          0.44132239903339415,
          2561.828550826989
        ],
        [
          0.4528387397601747,
          2561.828550826989
        ],
        [
          0.4536104110468224,
          2484.3922714299592
        ],
        [
          0.46423695848931495,
          2484.3922714299592
        ],
        [
          0.47176418860160396,
          2406.9559920329298
        ],
        [
          0.47637360591664885,
          2406.9559920329298
        ],
        [
          0.48782058044218846,
          2406.9559920329298
        ],
        [
          0.48949512043124943,
          2329.5197126359
        ],
        [
          0.49927132246108624,
