{
  "support_ps3_PET.gcode": {
    "analysis": {
      "analysisPending": false,
      "estimatedPrintTime": 3473.431201496154,
      "printingArea": {
        "maxX": 152.88499450683594,
        "maxY": 132.88699340820312,
        "maxZ": 13.399999618530273,
        "minX": 60.0,
        "minY": -3.0,
        "minZ": 0.0
      },
      "dimensions": {
        "width": 92.88499450683594,
        "depth": 135.88699340820312,
        "height": 13.399999618530273
      },
      "filament": {
        "tool0": {
          "length": 2353.471870969981,
          "volume": 5.66076323551885
        }
      },
      "firstFilament": 0.009309361308928791,
      "lastFilament": 0.99672926594308,
      "progress": [
        [
          0,
          3473.431201496154
        ],
        [
          0.009309361308928791,
          3473.0602037781714
        ],
        [
          0.009572502090759372,
          3473.0602037781714
        ],
        [
          0.012950609685093074,
          3396.019188212823
        ],
        [
          0.016157070849899355,
          3318.9781726474744
        ],
        [
          0.020585095040703643,
          3241.9371570821254
        ],
        [
          0.025160946883369655,
          3164.896141516777
        ],
        [
          0.0370589934411404,
          3087.8551259514284
        ],
        [
          0.04855401115777407,
          3010.81411038608
        ],
        [
          0.06002180741421837,
          2933.7730948207313
        ],
        [
          0.07153535084681426,
          2856.7320792553824
        ],
        [
          0.08307309113291181,
          2779.691063690034
        ],
        [
          0.09439835279919788,
          2702.6500481246853
        ],
        [
          0.10335345704982889,
          2625.609032559337
        ],
        [
          0.1289817056664494,
          2548.568016993988
        ],
        [
          0.1593071684690802,
          2471.5270014286393
        ],
        [
          0.19172036603790135,
          2394.485985863291
        ],
        [
          0.22399594400243178,
          2317.4449702979423
        ],
        [
          0.25602085768771843,
          2240.403954732594
        ],
        [
          0.2883486101176118,
          2163.362939167245
        ],
        [
          0.32087031545135447,
          2086.3219236018963
        ],
        [
          0.3531061954531088,
          2009.2809080365478
        ],
        [
          0.3862003076025001,
          1932.239892471199
        ],
        [
          0.41914734825170175,
          1855.1988769058505
        ],
        [
          0.4516361609877156,
          1778.1578613405018
        ],
        [
          0.48374841019110976,
          1701.1168457751533
        ],
        [
          0.5160810776068707,
          1624.0758302098045
        ],
        [
          0.5491596886469876,
          1547.034814644456
        ],
        [
          0.5829233731018703,
          1469.9937990791075
        ],
        [
          0.6159055748038165,
          1392.9527835137587
        ],
        [
          0.6484223651516916,
          1315.9117679484102
        ],
        [
          0.6811762090487158,
          1238.8707523830615
        ],
        [
          0.7141527396131225,
          1161.829736817713
        ],
        [
          0.7473538472240916,
          1084.7887212523642
        ],
        [
          0.7803515500353123,
          1007.7477056870157
        ],
        [
          0.8139526618807307,
          930.7066901216671
        ],
        [
          0.8480275027486113,
          853.6656745563184
        ],
        [
          0.8832781594663384,
          776.6246589909698
        ],
        [
          0.917850170058511,
          699.5836434256212
        ],
        [
          0.9215038949372621,
          622.5426278602725
        ],
        [
          0.9246366313140555,
          545.5016122949239
        ],
        [
          0.9300937779303524,
          468.46059672957534
        ],
        [
          0.941558171504273,
          391.4195811642267
        ],
        [
          0.9530550796000865,
          314.3785655988781
        ],
        [
          0.9645406454208211,
          237.33755003352948
        ],
        [
          0.9760715803418712,
          160.29653446818085
        ],
        [
          0.9873594125003969,
          83.25551890283224
        ],
        [
          0.9963311520878104,
          6.21450333748362
        ],
        [
          1,
          0
        ]
      ],
      "analysisPrintTime": 2715.0,
      "analysisFirstFilamentPrintTime": 15.0,
      "analysisLastFilamentPrintTime": 2715.0,
      "compensatedPrintTime": 3473.431201496154
    }
  },
  "support_ps3.STL": {},
  "support_ps3.3mf": {}
}