{
  "Mount.stl": {},
  "Bed_Arm.stl": {},
  "Camera_bed_mount_side.gcode": {
    "statistics": {
      "averagePrintTime": {
        "_default": 5356.344637112008
      },
      "lastPrintTime": {
        "_default": 5356.344637112008
      }
    },
    "hash": "2ec55df170d04270ea78557bda500f39451d789b",
    "analysis": {
      "printingArea": {
        "maxZ": 15.0,
        "maxX": 205.29400634765625,
        "maxY": 135.35899353027344,
        "minX": 47.42300033569336,
        "minY": -3.0,
        "minZ": 0.0
      },
      "dimensions": {
        "width": 157.8710060119629,
        "depth": 138.35899353027344,
        "height": 15.0
      },
      "compensatedPrintTime": 5438.908836244251,
      "analysisPending": false,
      "estimatedPrintTime": 5438.908836244251,
      "analysisPrintTime": 4975.853048232975,
      "analysisLastFilamentPrintTime": 4969.251304743194,
      "firstFilament": 0.02391511233529118,
      "progress": [
        [
          0,
          5438.908836244251
        ],
        [
          0.02391511233529118,
          5094.20056776605
        ],
        [
          0.02722710636531714,
          5032.501145553873
        ],
        [
          0.02981381562674246,
          4970.914021770649
        ],
        [
          0.0322546294549464,
          4908.957603043685
        ],
        [
          0.03742050166228561,
          4846.676612359558
        ],
        [
          0.0425050413580014,
          4785.768034147886
        ],
        [
          0.04523177669613922,
          4724.430738309257
        ],
        [
          0.04800798232485212,
          4663.062421855071
        ],
        [
          0.05078418795356501,
          4601.694706746359
        ],
        [
          0.05964104692550529,
          4539.9754274240595
        ],
        [
          0.07164136554771577,
          4479.092098434709
        ],
        [
          0.08406260087956499,
          4418.055759103042
        ],
        [
          0.09644358919535315,
          4357.143818480226
        ],
        [
          0.10961777911934498,
          4296.011675200512
        ],
        [
          0.12309046774578979,
          4235.074816652259
        ],
        [
          0.13688010162371556,
          4174.195767757703
        ],
        [
          0.1508525240329187,
          4113.161670759427
        ],
        [
          0.16436881359342967,
          4052.282521329075
        ],
        [
          0.17844604594029187,
          3991.2275010192025
        ],
        [
          0.19401744875842147,
          3930.319476745906
        ],
        [
          0.20734172651314106,
          3869.316044832392
        ],
        [
          0.2227085403329602,
          3808.4112876277572
        ],
        [
          0.23652668251392925,
          3747.498411473015
        ],
        [
          0.2509342757842928,
          3686.5316658786373
        ],
        [
          0.2662616810675521,
          3625.4647058049
        ],
        [
          0.2805971651008062,
          3564.5010155660293
        ],
        [
          0.29640585761779586,
          3502.826825458124
        ],
        [
          0.30827872735581296,
          3441.8809869670285
        ],
        [
          0.32220671035144866,
          3380.74171732123
        ],
        [
          0.33628478117781213,
          3319.7694569028727
        ],
        [
          0.3489206672619871,
          3258.8519561935204
        ],
        [
          0.3620864723909662,
          3196.751525970098
        ],
        [
          0.3745211233948358,
          3135.8566727382495
        ],
        [
          0.38662625195470535,
          3074.9469862221013
        ],
        [
          0.400477094836224,
          3013.7405554670763
        ],
        [
          0.4129385771841343,
          2952.652334855038
        ],
        [
          0.42639114230254854,
          2891.766920714829
        ],
        [
          0.43949154603042845,
          2829.1617854093984
        ],
        [
          0.4515765510822674,
          2767.9940741140226
        ],
        [
          0.465864241783949,
          2707.075735568865
        ],
        [
          0.4797570086405313,
          2643.460589489022
        ],
        [
          0.49600590289568897,
          2582.4991875548158
        ],
        [
          0.5130991460086279,
          2520.421832316709
        ],
        [
          0.526624658843653,
          2459.284622206777
        ],
        [
          0.5430261563680422,
          2396.4195104809887
        ],
        [
          0.5567051109518,
          2335.242106690082
        ],
        [
          0.5672674372293284,
          2274.24339948479
        ],
        [
          0.5796517794631216,
          2213.359773890511
        ],
        [
          0.5928402235386351,
          2152.446929066487
        ],
        [
          0.6080267642656806,
          2090.0717521501856
        ],
        [
          0.6226012149567973,
          2029.185828760445
        ],
        [
          0.6329187052199541,
          1968.2320911779445
        ],
        [
          0.6435959031891568,
          1907.1288572682406
        ],
        [
          0.6555853215778508,
          1845.7745255976822
        ],
        [
          0.6668435858414351,
          1784.7418458754303
        ],
        [
          0.6774713135200627,
          1723.5640227548458
        ],
        [
          0.6834454799666285,
          1661.6915280053915
        ],
        [
          0.6858385004632599,
          1600.3393743733245
        ],
        [
          0.6923727712166757,
          1539.236814781024
        ],
        [
          0.7019482071212064,
          1478.1897425408517
        ],
        [
          0.7137414213066026,
          1417.1492947168244
        ],
        [
          0.7247531725968129,
          1356.2632389776888
        ],
        [
          0.7379198162052933,
          1294.4986457175369
        ],
        [
          0.7504299303642774,
          1233.233045267797
        ],
        [
          0.7608941545401569,
          1172.194519067192
        ],
        [
          0.7715134974237717,
          1110.480306181073
        ],
        [
          0.7840705664348271,
          1049.5843034466316
        ],
        [
          0.7976581267529462,
          988.5415870030547
        ],
        [
          0.8119349172211112,
          927.3005556476232
        ],
        [
          0.823957874789856,
          866.2662250633696
        ],
        [
          0.8381826795289422,
          805.3721994489946
        ],
        [
          0.8413068541506832,
          744.3473081998379
        ],
        [
          0.844033589488821,
          682.9575489948916
        ],
        [
          0.8467603248269588,
          621.5672013860417
        ],
        [
          0.8590356647255866,
          560.6262381450643
        ],
        [
          0.8721444532484792,
          499.3364807805722
        ],
        [
          0.8877309486976317,
          438.2882329229478
        ],
        [
          0.9020689481693897,
          377.37186105061875
        ],
        [
          0.9159801615749998,
          316.40285333111353
        ],
        [
          0.9331547371995623,
          255.1949217640096
        ],
        [
          0.9426002087813958,
          194.31506726631895
        ],
        [
          0.9653213263068751,
          133.42382674609124
        ],
        [
          0.9876592587002729,
          72.50206038676038
        ],
        [
          0.9925308246026655,
          61.64123291320002
        ],
        [
          1,
          0
        ]
      ],
      "lastFilament": 0.9925308246026655,
      "analysisFirstFilamentPrintTime": 9.271501269246983,
      "filament": {
        "tool0": {
          "volume": 53.98354410408363,
          "length": 7637.10923536378
        }
      }
    },