{
  "Slug-no_support_PET.gcode": {
    "analysis": {
      "analysisPending": false,
      "estimatedPrintTime": 6954.58343538693,
      "printingArea": {
        "maxX": 192.1219940185547,
        "maxY": 123.75,
        "maxZ": 15.0,
        "minX": 57.87300109863281,
        "minY": -3.0,
        "minZ": 0.0
      },
      "dimensions": {
        "width": 134.24899291992188,
        "depth": 126.75,
        "height": 15.0
      },
      "filament": {
        "tool0": {
          "length": 6043.953569155536,
          "volume": 14.53741197567727
        }
      },
      "firstFilament": 0.005668697174638554,
      "lastFilament": 0.998537019476063,
      "progress": [
        [
          0,
          6954.58343538693
        ],
        [
          0.005668697174638554,
          6954.277491543338
        ],
        [
          0.00578426981718464,
          6954.277491543338
        ],
        [
          0.008376446461263516,
          6888.742977833398
        ],
        [
          0.012143915630976054,
          6823.208464123458
        ],
        [
          0.015176495343351066,
          6757.673950413518
        ],
        [
          0.017209214174014595,
          6692.139436703577
        ],
        [
          0.0189288754019134,
          6626.604922993637
        ],
        [
          0.024177564680469832,
          6561.070409283696
        ],
        [
          0.03317797075995562,
          6495.535895573756
        ],
        [
          0.03946001543068883,
          6430.001381863815
        ],
        [
          0.04690259514472199,
          6364.466868153875
        ],
        [
          0.054440683957903704,
          6298.932354443935
        ],
        [
          0.061840483554609894,
          6233.397840733995
        ],
        [
          0.06978199882304933,
          6167.863327024054
        ],
        [
          0.07982753311769722,
          6102.328813314114
        ],
        [
          0.08967657733857594,
          6036.794299604174
        ],
        [
          0.09959741919822433,
          5971.259785894234
        ],
        [
          0.1089258061772168,
          5905.725272184293
        ],
        [
          0.1181190544134904,
          5840.190758474353
        ],
        [
          0.12758755456744908,
          5774.656244764413
        ],
        [
          0.13656143034161583,
          5709.121731054473
        ],
        [
          0.14584256021425876,
          5643.587217344531
        ],
        [
          0.15525402021178147,
          5578.052703634591
        ],
        [
          0.1643073210874971,
          5512.518189924651
        ],
        [
          0.17405306293203981,
          5446.983676214711
        ],
        [
          0.18295000082078133,
          5381.44916250477
        ],
        [
          0.19260073100940017,
          5315.91464879483
        ],
        [
          0.20195133711909735,
          5250.38013508489
        ],
        [
          0.21123777305280408,
          5184.84562137495
        ],
        [
          0.22028726019713013,
          5119.311107665009
        ],
        [
          0.22907243917471515,
          5053.776593955069
        ],
        [
          0.23821146609949295,
          4988.242080245129
        ],
        [
          0.24677810168701236,
          4922.707566535189
        ],
        [
          0.25574584232807407,
          4857.173052825248
        ],
        [
          0.26563269223403246,
          4791.638539115308
        ],
        [
          0.2742303351158935,
          4726.104025405367
        ],
        [
          0.2844209570177549,
          4660.569511695427
        ],
        [
          0.2925574700302893,
          4595.034997985486
        ],
        [
          0.3019122215001926,
          4529.500484275546
        ],
        [
          0.3118794913941493,
          4463.965970565606
        ],
        [
          0.3201168195668961,
          4398.431456855666
        ],
        [
          0.3296204723754025,
          4332.896943145724
        ],
        [
          0.3399978013009467,
          4267.362429435784
        ],
        [
          0.347602215877426,
          4201.827915725844
        ],
        [
          0.35720154359948925,
          4136.293402015904
        ],
        [
          0.36695839500938426,
          4070.7588883059634
        ],
        [
          0.3766000054055497,
          4005.224374596023
        ],
        [
          0.38672712038905366,
          3939.689860886083
        ],
        [
          0.3959726001639241,
          3874.1553471761426
        ],
        [
          0.4058954317964714,
          3808.6208334662024
        ],
        [
          0.41537039871235165,
          3743.086319756262
        ],
        [
          0.4246878419404,
          3677.5518060463214
        ],
        [
          0.434197298253195,
          3612.017292336381
        ],
        [
          0.4434499080476199,
          3546.482778626441
        ],
        [
          0.45328900340400397,
          3480.9482649165006
        ],
        [
          0.4628823618073704,
          3415.4137512065604
        ],
        [
          0.47300516561626005,
          3349.87923749662
        ],
        [
          0.482361741044654,
          3284.34472378668
        ],
        [
          0.49243662448956105,
          3218.810210076739
        ],
        [
          0.5023992515800869,
          3153.275696366799
        ],
        [
          0.5123942124802204,
          3087.7411826568587
        ],
        [
          0.5225478577690434,
          3022.2066689469184
        ],
        [
          0.5320568166386136,
          2956.672155236978
        ],
        [
          0.5424082785164718,
          2891.137641527038
        ],
        [
          0.5520507179846784,
          2825.6031278170976
        ],
        [
          0.5620675663867001,
          2760.068614107157
        ],
        [
          0.5729133210155336,
          2694.5341003972167
        ],
        [
          0.5839303619280833,
          2628.9995866872764
        ],
        [
          0.5948737812433726,
          2563.465072977336
        ],
        [
          0.6061281025741194,
          2497.930559267396
        ],
        [
          0.6177094099179236,
          2432.3960455574556
        ],
        [
          0.6292180905509167,
          2366.8615318475154
        ],
        [
          0.6405392350881859,
          2301.3270181375747
        ],
        [
          0.6523198513506993,
          2235.792504427635
        ],
        [
          0.6636464677634405,
          2170.2579907176946
        ],
        [
          0.6752161680986676,
          2104.723477007754
        ],
        [
          0.6867603330150249,
          2039.188963297814
        ],
        [
          0.6979504841697813,
          1973.6544495878736
        ],
        [
          0.7089408289626037,
          1908.1199358779334
        ],
        [
          0.7206945832909816,
          1842.585422167993
        ],
        [
          0.7315207718196424,
          1777.0509084580526
        ],
        [
          0.7429931390972301,
          1711.5163947481124
        ],
        [
          0.7554907368609907,
          1645.981881038172
        ],
        [
          0.7672090069060042,
          1580.4473673282318
        ],
        [
          0.7755909252427399,
          1514.9128536182914
        ],
        [
          0.785296208371671,
          1449.378339908351
        ],
        [
          0.7963301623538616,
          1383.8438261984109
        ],
        [
          0.8071920009802948,
          1318.3093124884704
        ],
        [
          0.8182110316657434,
          1252.77479877853
        ],
        [
          0.8288690843844447,
          1187.2402850685899
        ],
        [
          0.8396551458263104,
          1121.7057713586496
        ],
        [
