{
    "Slug-no_support_PET.gcode": {
        "hash": "b00b7c3610bf39c08136d2fa9f1a46c50c8d84b3",
        "thumbnail": "/plugin/prusaslicerthumbnails/thumbnail/Kids/Articulated_Slug_2/Slug-no_support_PET.png?20200423003805",
        "analysis": {
            "lastFilament": 0.998537019476063,
            "printingArea": {
                "maxZ": 15.0,
                "maxX": 192.1219940185547,
                "maxY": 123.75,
                "minX": 57.87300109863281,
                "minY": -3.0,
                "minZ": 0.0
            },
            "dimensions": {
                "width": 134.24899291992188,
                "depth": 126.75,
                "height": 15.0
            },
            "compensatedPrintTime": 6672.6709904352465,
            "analysisPending": false,
            "analysisPrintTime": 6269.068781271352,
            "analysisLastFilamentPrintTime": 6264.376614912014,
            "firstFilament": 0.00579007332147318,
            "progress": [
                [
                    0,
                    6672.6709904352465
                ],
                [
                    0.00579007332147318,
                    6370.436116650445
                ],
                [
                    0.00853297526264588,
                    6309.594491351313
                ],
                [
                    0.01235018875483162,
                    6248.448301801979
                ],
                [
                    0.01562220447271101,
                    6187.564197813612
                ],
                [
                    0.01724834637436018,
                    6126.369630632294
                ],
                [
                    0.01897696158030417,
                    6064.989271016668
                ],
                [
                    0.02524889157213449,
                    6004.111012436197
                ],
                [
                    0.0336851970347741,
                    5943.255471962468
                ],
                [
                    0.03972415778302157,
                    5882.136809191122
                ],
                [
                    0.04784591331322226,
                    5821.26229413091
                ],
                [
                    0.05477115207353405,
                    5760.330639376825
                ],
                [
                    0.06290318809704587,
                    5699.438316534808
                ],
                [
                    0.07119208455075654,
                    5638.59578813481
                ],
                [
                    0.08145417246257113,
                    5577.745048531702
                ],
                [
                    0.09153751244229866,
                    5516.9059279140765
                ],
                [
                    0.10129270570811126,
                    5456.058327170894
                ],
                [
                    0.11084162585006829,
                    5395.206702082366
                ],
                [
                    0.12013104644312342,
                    5334.36457810713
                ],
                [
                    0.12973568022625045,
                    5273.51114034421
                ],
                [
                    0.13899144049443204,
                    5212.663642220191
                ],
                [
                    0.14834105171767975,
                    5151.806449621928
                ],
                [
                    0.15779247298758928,
                    5090.961634414061
                ],
                [
                    0.16713064301666816,
                    5030.082264630132
                ],
                [
                    0.17662484440390466,
                    4969.2372924931215
                ],
                [
                    0.18608704361035006,
                    4908.388210251439
                ],
                [
                    0.19557693382297223,
                    4847.506647342329
                ],
                [
                    0.20505289562530188,
                    4786.576390809016
                ],
                [
                    0.21457710942043057,
                    4725.719393158022
                ],
                [
                    0.22394827651674998,
                    4664.871239016688
                ],
                [
                    0.23249435111764716,
                    4604.021989011778
                ],
                [
                    0.24129246361907522,
                    4543.177389540844
                ],
                [
                    0.2506205189692512,
                    4482.277420729851
                ],
                [
                    0.25966022306349085,
                    4421.344537092925
                ],
                [
                    0.2704620368741397,
                    4360.505097638999
                ],
                [
                    0.27838066975424147,
                    4299.6586716033
                ],
                [
                    0.2878738762550285,
                    4238.719907513112
                ],
                [
                    0.2977796290035267,
                    4177.820794451172
                ],
                [
                    0.30598694476838134,
                    4116.970410385624
                ],
                [
                    0.31589518473300315,
                    4056.1286674470166
                ],
                [
                    0.32589777309591583,
                    3995.14803551093
                ],
                [
                    0.3341347696398461,
                    3934.2988090573217
                ],
                [
                    0.3440959044006978,
                    3873.4566496700004
                ],
                [
                    0.35267182559507887,
                    3812.591758450879
                ],
                [
                    0.361982967875614,
                    3751.7183536748635
                ],
                [
                    0.3722760630817702,
                    3690.7899845051043
                ],
                [
                    0.3820620978275162,
                    3629.8583580495347
                ],
                [
                    0.39207728808545544,
                    3568.954934833045
                ],
                [
                    0.4020853483238402,
                    3508.0923759365196
                ],
                [
                    0.41171866799959345,
                    3447.0991327232614
                ],
                [
                    0.4213722170331524,
                    3386.1849335808206
                ],
                [
                    0.43050941999943954,
                    3325.2701405434964
                ],
                [
                    0.44045629472118225,
                    3264.4320703661933
                ],
                [
                    0.44948704483737667,
                    3203.593855639878
                ],
                [
                    0.4595944279062996,
                    3142.7126766052143
                ],
                [
                    0.4695462770602896,
                    3081.873191766039
                ],
                [
                    0.4794515323655631,
                    3021.0327028004167
                ],
                [
                    0.4896365165775442,
                    2960.170032337668
                ],
                [
                    0.49964126052776403,
                    2899.296758151657
                ],
                [
                    0.5097328912279038,
                    2838.451672694339
                ],
                [
                    0.5198253510000848,
