{
    "1_Clamp_at_10.3_x_2_x_3_x_1_x_4_x_20_PET.gcode": {
        "thumbnail_src": "prusaslicerthumbnails",
        "hash": "9370a0c0ce2c9d3d91e14046c4b011b15fca6ba6",
        "thumbnail": "/plugin/prusaslicerthumbnails/thumbnail/Tablet_Wall_Bracket/1_Clamp_at_10.3_x_2_x_3_x_1_x_4_x_20_PET.png?20200423014637",
        "analysis": {
            "printingArea": {
                "maxZ": 20.0,
                "maxX": 138.75399780273438,
                "maxY": 114.90399932861328,
                "minX": 60.0,
                "minY": -3.0,
                "minZ": 0.0
            },
            "dimensions": {
                "width": 78.75399780273438,
                "depth": 117.90399932861328,
                "height": 20.0
            },
            "compensatedPrintTime": 1577.8571936637527,
            "analysisPending": false,
            "estimatedPrintTime": 1577.8571936637527,
            "analysisPrintTime": 1245.447391077924,
            "analysisLastFilamentPrintTime": 1239.7394078949796,
            "firstFilament": 0.05596086857960224,
            "progress": [
                [
                    0,
                    1577.8571936637527
                ],
                [
                    0.05596086857960224,
                    1275.6223198789514
                ],
                [
                    0.09402907398124527,
                    1214.6937889250655
                ],
                [
                    0.13172371735722427,
                    1153.568063609884
                ],
                [
                    0.17053904681019538,
                    1092.6916863562453
                ],
                [
                    0.20939269031708072,
                    1031.8074342547266
                ],
                [
                    0.24746728139437613,
                    970.2316064282257
                ],
                [
                    0.2847372773394721,
                    909.3715970064939
                ],
                [
                    0.33019690230874105,
                    848.4522163291035
                ],
                [
                    0.3859598149431196,
                    787.5978828989514
                ],
                [
                    0.4439194000019157,
                    726.6962081719846
                ],
                [
                    0.49895753844974955,
                    665.7797108861189
                ],
                [
                    0.5540307981136714,
                    604.8929560913496
                ],
                [
                    0.6094361129115169,
                    544.0422286296051
                ],
                [
                    0.6646690144667482,
                    483.17764452762265
                ],
                [
                    0.7203297562906887,
                    422.3253691993551
                ],
                [
                    0.7657063674764768,
                    361.4579712024164
                ],
                [
                    0.8039693359855173,
                    299.88214337591825
                ],
                [
                    0.8414277093623583,
                    239.02213395418985
                ],
                [
                    0.8793905511157372,
                    178.16876703810047
                ],
                [
                    0.9170053735460615,
                    116.93279598390446
                ],
                [
                    0.9544637469229026,
                    55.99038166576533
                ],
                [
                    0.9724011098304284,
                    27.973081241403634
                ],
                [
                    1,
                    0
                ]
            ],
            "lastFilament": 0.9724011098304284,
            "analysisFirstFilamentPrintTime": 9.275442806155525,
            "filament": {
                "tool0": {
                    "volume": 4.090077972958361,
                    "length": 578.6276684689801
                }
            }
        }
    },
    "1_Clamp_at_10.3_x_2_x_3_x_1_x_4_x_20.stl": {}
}