{
  "1_Clamp_at_10.3_x_2_x_3_x_1_x_4_x_20_PET.gcode": {
    "analysis": {
      "analysisPending": false,
      "estimatedPrintTime": 1382.8219449165315,
      "printingArea": {
        "maxX": 138.75399780273438,
        "maxY": 114.90399932861328,
        "maxZ": 20.0,
        "minX": 60.0,
        "minY": -3.0,
        "minZ": 0.0
      },
      "dimensions": {
        "width": 78.75399780273438,
        "depth": 117.90399932861328,
        "height": 20.0
      },
      "filament": {
        "tool0": {
          "length": 578.6276684689801,
          "volume": 1.391762643576109
        }
      },
      "firstFilament": 0.053626904128658594,
      "lastFilament": 0.9724011098304284,
      "progress": [
        [
          0,
          1382.8219449165315
        ],
        [
          0.053626904128658594,
          1382.5160010729394
        ],
        [
          0.05584911925568565,
          1382.5160010729394
        ],
        [
          0.09275832452642233,
          1316.981487362999
        ],
        [
          0.130057056011954,
          1251.4469736530586
        ],
        [
          0.16732705195704994,
          1185.9124599431184
        ],
        [
          0.20449806992953407,
          1120.377946233178
        ],
        [
          0.24176168019897765,
          1054.8434325232377
        ],
        [
          0.2790252904684212,
          989.3089188132974
        ],
        [
          0.32318223760460535,
          923.774405103357
        ],
        [
          0.3783736322680962,
          858.2398913934167
        ],
        [
          0.43386834652507494,
          792.7053776834764
        ],
        [
          0.4883764738937615,
          727.170863973536
        ],
        [
          0.5429356866676671,
          661.6363502635958
        ],
        [
          0.5975874917385321,
          596.1018365536554
        ],
        [
          0.6511952388402336,
          530.567322843715
        ],
        [
          0.7054064322910847,
          465.03280913377466
        ],
        [
          0.7533245423865186,
          399.49829542383435
        ],
        [
          0.7907765300877072,
          333.963781713894
        ],
        [
          0.828228517788896,
          268.4292680039537
        ],
        [
          0.8659199683270488,
          202.89475429401338
        ],
        [
          0.9036561185947682,
          137.36024058407307
        ],
        [
          0.9410474423772593,
          71.82572687413274
        ],
        [
          1,
          0
        ]
      ],
      "analysisPrintTime": 1261.0,
      "analysisFirstFilamentPrintTime": 1.0,
      "analysisLastFilamentPrintTime": 1259.2040896967303,
      "compensatedPrintTime": 1382.8219449165315
    }
  },
  "1_Clamp_at_10.3_x_2_x_3_x_1_x_4_x_20.stl": {}
}