{
  "Bill cipher_PET.gcode": {
    "analysis": {
      "analysisPending": false,
      "estimatedPrintTime": 3933.523845967229,
      "printingArea": {
        "maxX": 161.47900390625,
        "maxY": 147.3769989013672,
        "maxZ": 9.0,
        "minX": 60.0,
        "minY": -3.0,
        "minZ": 0.0
      },
      "dimensions": {
        "width": 101.47900390625,
        "depth": 150.3769989013672,
        "height": 9.0
      },
      "filament": {
        "tool0": {
          "length": 3319.736316697672,
          "volume": 7.984901593675619
        }
      },
      "firstFilament": 0.03501887720340763,
      "lastFilament": 0.98898488286913,
      "progress": [
        [
          0,
          3933.523845967229
        ],
        [
          0.03501887720340763,
          3933.1528482492467
        ],
        [
          0.03591022954884252,
          3933.1528482492467
        ],
        [
          0.04071789722809911,
          3856.1118326838982
        ],
        [
          0.042476269024481456,
          3779.0708171185497
        ],
        [
          0.044504864017540176,
          3702.029801553201
        ],
        [
          0.04771296405391145,
          3624.988785987852
        ],
        [
          0.053121270023410806,
          3547.9477704225037
        ],
        [
          0.06423884144685953,
          3470.906754857155
        ],
        [
          0.07689322725898909,
          3393.8657392918067
        ],
        [
          0.08933117837804609,
          3316.824723726458
        ],
        [
          0.10929183592969587,
          3239.783708161109
        ],
        [
          0.12187962645164926,
          3162.7426925957607
        ],
        [
          0.13529217402886137,
          3085.701677030412
        ],
        [
          0.1515939326567935,
          3008.6606614650636
        ],
        [
          0.16844766378599346,
          2931.6196458997147
        ],
        [
          0.18044634212561922,
          2854.578630334366
        ],
        [
          0.19183797878171602,
          2777.5376147690176
        ],
        [
          0.20459353820776707,
          2700.496599203669
        ],
        [
          0.2295385970933717,
          2623.45558363832
        ],
        [
          0.25134599326875295,
          2546.4145680729716
        ],
        [
          0.2806876219846421,
          2469.3735525076227
        ],
        [
          0.3074794194939782,
          2392.332536942274
        ],
        [
          0.32799589158286757,
          2315.2915213769256
        ],
        [
          0.35693794855769967,
          2238.250505811577
        ],
        [
          0.38564564133825796,
          2161.2094902462286
        ],
        [
          0.40503895824475306,
          2084.1684746808796
        ],
        [
          0.4334367267902607,
          2007.127459115531
        ],
        [
          0.4623646962998632,
          1930.0864435501826
        ],
        [
          0.4837328196958132,
          1853.0454279848339
        ],
        [
          0.5092157636174561,
          1776.0044124194853
        ],
        [
          0.5381911182373763,
          1698.9633968541366
        ],
        [
          0.5599229543719808,
          1621.922381288788
        ],
        [
          0.58511134220246,
          1544.8813657234393
        ],
        [
          0.6134220245992756,
          1467.8403501580908
        ],
        [
          0.6361348605853214,
          1390.7993345927423
        ],
        [
          0.6603717041734756,
          1313.7583190273936
        ],
        [
          0.6901103432731073,
          1236.717303462045
        ],
        [
          0.7142485746046545,
          1159.6762878966963
        ],
        [
          0.7390322679794477,
          1082.6352723313478
        ],
        [
          0.7690321655251551,
          1005.5942567659991
        ],
        [
          0.7936327218519638,
          928.5532412006505
        ],
        [
          0.8177402168957374,
          851.5122256353019
        ],
        [
          0.8468257098801797,
          774.4712100699533
        ],
        [
          0.8611321711601412,
          697.4301945046046
        ],
        [
          0.8754411937974171,
          620.389178939256
        ],
        [
          0.8894646250941299,
          543.3481633739074
        ],
        [
          0.903698087690629,
          466.3071478085588
        ],
        [
          0.9179943035413326,
          389.26613224321017
        ],
        [
          0.9323737635047564,
          312.22511667786154
        ],
        [
          0.946434334482529,
          235.18410111251293
        ],
        [
          0.960776654764893,
          158.14308554716433
        ],
        [
          0.9750895194381407,
          81.1020699818157
        ],
        [
          1,
          0
        ]
      ],
      "analysisPrintTime": 3084.0,
      "analysisFirstFilamentPrintTime": 24.0,
      "analysisLastFilamentPrintTime": 3082.3228812040857,
      "compensatedPrintTime": 3933.523845967229
    }
  },
  "grunklestan_v2.stl": {},
  "Dipper_v6.stl": {},
  "Mabel_v5.stl": {},
  "sixfingerstan_v3.stl": {},
  "Waddles_v3.stl": {},
  "Soos2_v6.stl": {}
}