{
  "LED Clip.stl": {},
  "LED Clip_PETG.gcode": {
    "analysis": {
      "analysisPending": false,
      "estimatedPrintTime": 1188.1799722599012,
      "printingArea": {
        "maxX": 155.9040069580078,
        "maxY": 136.3780059814453,
        "maxZ": 2.0,
        "minX": 60.0,
        "minY": -3.0,
        "minZ": 0.0
      },
      "dimensions": {
        "width": 95.90400695800781,
        "depth": 139.3780059814453,
        "height": 2.0
      },
      "filament": {
        "tool0": {
          "length": 915.0373457297683,
          "volume": 2.2009227430022222
        }
      },
      "firstFilament": 0.024675322105796323,
      "lastFilament": 0.9909442369179144,
      "progress": [
        [
          0,
          1188.1799722599012
        ],
        [
          0.024675322105796323,
          1187.874028416309
        ],
        [
          0.025363852923486023,
          1187.874028416309
        ],
        [
          0.04618498527968597,
          1122.3395147063688
        ],
        [
          0.07510822596473456,
          1056.8050009964286
        ],
        [
          0.10211129665389851,
          991.2704872864882
        ],
        [
          0.12869986387666593,
          925.7359735765478
        ],
        [
          0.17705233625629174,
          860.2014598666076
        ],
        [
          0.228188609959163,
          794.6669461566672
        ],
        [
          0.27920419291525533,
          729.1324324467269
        ],
        [
          0.33322715185665897,
          663.5979187367866
        ],
        [
          0.383820317199025,
          598.0634050268462
        ],
        [
          0.43337573997277534,
          532.528891316906
        ],
        [
          0.48549237867612144,
          466.99437760696554
        ],
        [
          0.53286250751844,
          401.45986389702523
        ],
        [
          0.6055321868371901,
          335.9253501870849
        ],
        [
          0.6791802526195828,
          270.3908364771446
        ],
        [
          0.7533427379784102,
          204.85632276720426
        ],
        [
          0.8256315489569154,
          139.32180905726395
        ],
        [
          0.9002985612080154,
          73.78729534732364
        ],
        [
          0.9712122890879736,
          8.252781637383304
        ],
        [
          1,
          0
        ]
      ],
      "analysisPrintTime": 1104.0,
      "analysisFirstFilamentPrintTime": 24.0,
      "analysisLastFilamentPrintTime": 1104.0,
      "compensatedPrintTime": 1188.1799722599012
    }
  }
}