{
    "Washer.stl": {
        "hash": "fafd5a027354313bbf413d9285177e0d3af44f73"
    },
    "Insert_1.stl": {
        "hash": "400d2370849892212381925c52842bb3ac1b3e69",
        "display": "Insert 1.stl"
    },
    "Left_PETG.gcode": {
        "hash": "4814c8aaa4df880236669a2359b53ffa6055f837",
        "analysis": {
            "analysisPending": false,
            "estimatedPrintTime": 3870.8813171442184,
            "printingArea": {
                "maxX": 187.73399353027344,
                "maxY": 129.03799438476562,
                "maxZ": 9.0,
                "minX": 60.0,
                "minY": -3.0,
                "minZ": 0.0
            },
            "dimensions": {
                "width": 127.73399353027344,
                "depth": 132.03799438476562,
                "height": 9.0
            },
            "filament": {
                "tool0": {
                    "length": 3985.495306554716,
                    "volume": 28.171806245975016
                }
            },
            "firstFilament": 0.01246758657312758,
            "lastFilament": 0.9955160305574938,
            "progress": [
                [
                    0,
                    3870.8813171442184
                ],
                [
                    0.01246758657312758,
                    3483.3378137445316
                ],
                [
                    0.02953503143912926,
                    3423.0110294663386
                ],
                [
                    0.03119463801359665,
                    3361.548912290722
                ],
                [
                    0.03337843381842026,
                    3301.2251995942324
                ],
                [
                    0.03584583946802617,
                    3240.6381705206213
                ],
                [
                    0.04142953053280021,
                    3180.324417667572
                ],
                [
                    0.06342298501317563,
                    3119.858130148149
                ],
                [
                    0.07611354760220101,
                    3059.0432223136822
                ],
                [
                    0.09558336344650507,
                    2998.68821266834
                ],
                [
                    0.1214334228334286,
                    2938.042585964722
                ],
                [
                    0.12817355748942696,
                    2877.556381236123
                ],
                [
                    0.15440942406175262,
                    2817.066446059371
                ],
                [
                    0.18088929289708924,
                    2756.7710971401025
                ],
                [
                    0.18428918815703965,
                    2695.5494505414704
                ],
                [
                    0.18804261775798595,
                    2635.116304890144
                ],
                [
                    0.19940070305902557,
                    2574.8247230454076
                ],
                [
                    0.2114912841315891,
                    2514.488522612993
                ],
                [
                    0.23216252995628986,
                    2454.111154451644
                ],
                [
                    0.23988307450675114,
                    2393.774857743074
                ],
                [
                    0.2604296297962459,
                    2333.3157901016534
                ],
                [
                    0.281393776133058,
                    2272.8763655730286
                ],
                [
                    0.288704064373567,
                    2212.408440783661
                ],
                [
                    0.3072071618331562,
                    2152.1194014437065
                ],
                [
                    0.3286509999936432,
                    2091.832820553991
                ],
                [
                    0.3500816356268731,
                    2031.2388256940114
                ],
                [
                    0.3701631685674231,
                    1970.406365064455
                ],
                [
                    0.39016401939695744,
                    1910.0665945624305
                ],
                [
                    0.4100944567477872,
                    1849.1359690758866
                ],
                [
                    0.4298874900186449,
                    1788.5222409247012
                ],
                [
                    0.4496702546571915,
                    1728.0221206962758
                ],
                [
                    0.46948529214014434,
                    1667.458338677949
                ],
                [
                    0.48912625185629977,
                    1606.3968205743874
                ],
                [
                    0.5089197741096485,
                    1545.4023892215823
                ],
                [
                    0.5296364953060125,
                    1484.8624264957302
                ],
                [
                    0.5503287673778265,
                    1424.4864367822768
                ],
                [
                    0.5708807014747223,
                    1363.919101924525
                ],
                [
                    0.5924502081353973,
                    1303.0534928889024
                ],
                [
                    0.6131459030846482,
                    1242.4986229280607
                ],
                [
                    0.6337222863060943,
                    1181.546305526331
                ],
                [
                    0.653905527604773,
                    1121.0346029577822
                ],
                [
                    0.6741386451175343,
                    1060.4043502710144
                ],
                [
                    0.694552686151967,
                    999.8159773065743
                ],
                [
                    0.7150381186300863,
                    938.7559623007186
                ],
                [
                    0.735710342419769,
                    878.4684412309705
                ],
                [
                    0.7562544527968087,
                    817.9017500896534
                ],
                [
                    0.7767970962263754,
                    757.5824885668771
                ],
                [
                    0.7977402163160744,
                    697.2520365572246
                ],
                [
                    0.8151323455561027,
                    636.9580215497617
                ],
                [
                    0.8323142123249992,
                    576.6427069282784
                ],
                [
                    0.8506877294244725,
                    516.3331610296194
                ],
                [
                    0.8684104108284195,
                    456.04424437507816
                ],
                [
                    0.8856563343036375,
                    395.64746197341793
                ],
                [
                    0.9026030004943613,
                    335.0535550638339
                ],
                [
                    0.9172372684851273,
                    274.69142927440026
                ],
                [
                    0.9337863919106648,
                    214.3992196109238
                ],
                [
                    0.9509614129246874,
                    154.11127728237958
                ],
                [
                    0.9695363908104543,
                    93.78902992486435
                ],
                [
                    0.9882766447781804,
                    33.45081467948161
                ],
                [
                    0.9955160305574938,
