{
  "Ikea_Lack_Grommet_-_45mm.3mf": {},
  "Ikea_Lack_Grommet_-_45mm.stl": {},
  "Ikea_Lack_Grommet_-_45mm_PETG.gcode": {
    "hash": "45868894ada13ba458cf4d616babf2c0328a2d4d",
    "analysis": {
      "analysisPending": false,
      "estimatedPrintTime": 2635.1610186222174,
      "printingArea": {
        "maxX": 162.25,
        "maxY": 132.1999969482422,
        "maxZ": 55.0,
        "minX": 60.0,
        "minY": -3.0,
        "minZ": 0.0
      },
      "dimensions": {
        "width": 102.25,
        "depth": 135.1999969482422,
        "height": 55.0
      },
      "filament": {
        "tool0": {
          "length": 6277.9170494773425,
          "volume": 15.100160094401913
        }
      },
      "firstFilament": 0.005375635647261222,
      "lastFilament": 0.9978415399894714,
      "progress": [
        [
          0,
          2635.1610186222174
        ],
        [
          0.005375635647261222,
          2634.9306575610467
        ],
        [
          0.009076907213137886,
          2634.9306575610467
        ],
        [
          0.009211498906442493,
          2601.6651237302867
        ],
        [
          0.013181519692175772,
          2601.6651237302867
        ],
        [
          0.01618551945338406,
          2568.399589899527
        ],
        [
          0.021673604289567515,
          2568.399589899527
        ],
        [
          0.025407221278512544,
          2535.134056068767
        ],
        [
          0.02919901661230537,
          2535.134056068767
        ],
        [
          0.03538806367055427,
          2501.8685222380077
        ],
        [
          0.03718269194240778,
          2501.8685222380077
        ],
        [
          0.046072473285177,
          2501.8685222380077
        ],
        [
          0.04637704126212275,
          2468.6029884072477
        ],
        [
          0.049773310684301075,
          2468.6029884072477
        ],
        [
          0.05237158161520886,
          2435.337454576488
        ],
        [
          0.056983517944654595,
          2435.337454576488
        ],
        [
          0.06007326563950049,
          2402.0719207457287
        ],
        [
          0.06333385795149273,
          2402.0719207457287
        ],
        [
          0.06903620408008206,
          2368.8063869149687
        ],
        [
          0.06976820922495808,
          2368.8063869149687
        ],
        [
          0.0768618427122397,
          2368.8063869149687
        ],
        [
          0.0779730925155079,
          2335.540853084209
        ],
        [
          0.08657784338519817,
          2335.540853084209
        ],
        [
          0.09030038912195201,
          2302.275319253449
        ],
        [
          0.09617922403547143,
          2302.275319253449
        ],
        [
          0.1023995310999072,
          2269.0097854226897
        ],
        [
          0.10583379011293763,
          2269.0097854226897
        ],
        [
          0.11476611979746121,
          2235.74425159193
        ],
        [
          0.11565333955639012,
          2235.74425159193
        ],
        [
          0.12530334688295408,
          2235.74425159193
        ],
        [
          0.1268913117805721,
          2202.47871776117
        ],
        [
          0.13501044713748434,
          2202.47871776117
        ],
        [
          0.13918908504783975,
          2169.2131839304107
        ],
        [
          0.14461378153814428,
          2169.2131839304107
        ],
        [
          0.1513598645399732,
          2135.9476500996507
        ],
        [
          0.1543818822214142,
          2135.9476500996507
        ],
        [
          0.16364678363842594,
          2102.682116268891
        ],
        [
          0.16413283331795658,
          2102.682116268891
        ],
        [
          0.17387965983034934,
          2102.682116268891
        ],
        [
          0.17600642566793842,
          2069.4165824381316
        ],
        [
          0.18361780300769018,
          2069.4165824381316
        ],
        [
          0.1883068039357216,
          2036.1510486073716
        ],
        [
          0.19341716369714698,
          2036.1510486073716
        ],
        [
          0.20055464802644077,
          2002.885514776612
        ],
        [
          0.20323823272423355,
          2002.885514776612
        ],
        [
          0.21298766423714188,
          1969.6199809458524
        ],
        [
          0.2130343371630459,
          1969.6199809458524
        ],
        [
          0.2228719045267311,
          1969.6199809458524
        ],
        [
          0.2253553383515774,
          1936.3544471150926
        ],
        [
          0.23274485648075285,
          1936.3544471150926
        ],
        [
          0.23793119542388244,
          1903.0889132843329
        ],
        [
          0.24267316469573053,
          1903.0889132843329
        ],
        [
          0.25040024747504896,
          1869.8233794535731
        ],
        [
          0.2526492312534937,
          1869.8233794535731
        ],
        [
          0.26270192824308997,
          1869.8233794535731
        ],
        [
          0.26304513706101673,
          1836.5578456228134
        ],
        [
          0.2726148235383505,
          1836.5578456228134
        ],
        [
          0.2755908195440164,
          1803.2923117920539
        ],
        [
          0.2826542784419926,
          1803.2923117920539
        ],
        [
          0.28817080120047106,
          1770.026777961294
        ],
        [
          0.2927740541948649,
          1770.026777961294
        ],
        [
          0.30104927249933516,
          1736.7612441305344
        ],
        [
          0.3028990399487683,
          1736.7612441305344
        ],
        [
          0.3135124632993417,
          1736.7612441305344
        ],
        [
          0.3143004759553025,
          1703.4957102997746
        ],
        [
          0.324163007907262,
          1703.4957102997746
        ],
        [
          0.3275890177519931,
          1670.2301764690149
        ],
        [
          0.33433141033642494,
          1670.2301764690149
        ],
        [
          0.340641589918648,
          1636.964642638255
        ],
        [
          0.34491487618106925,
          1636.964642638255
        ],
        [
          0.3542551055296563,
          1603.6991088074956
        ],
        [
          0.35563467038602853,
          1603.6991088074956
        ],
        [
          0.3661710291380162,
          1603.6991088074956
        ],
        [
          0.36756513858060036,
          1570.4335749767358
        ],
        [
          0.37669088955340524,
          1570.4335749767358
        ],
        [
          0.380844997042239,
          1537.168041145976
        ],
        [
          0.3872669745632554,
          1537.168041145976
        ],
        [
          0.39391428462886885,
          1503.9025073152163
        ],
        [
          0.39766874162193844,
          1503.9025073152163
        ],
        [
          0.4072570972696338,
          1470.6369734844566
        ],
        [
          0.4082825991392644,
          1470.6369734844566
        ],
        [
          0.41897764583932573,
          1470.6369734844566
        ],
        [
          0.420729074519296,
          1437.3714396536968
        ],
        [
          0.4296887567092331,
          1437.3714396536968
        ],
        [
          0.4342310092748872,
          1404.1059058229373
        ],
        [
          0.4403165075626421,
          1404.1059058229373
        ],
        [
          0.4475931423361428,
          1370.8403719921776
        ],
        [
          0.4509103934093487,
          1370.8403719921776
        ],
        [
          0.46066698867367484,
          1337.5748381614178
        ],
        [
          0.46122662961777044,
