{
  "End-caps.3mf": {},
  "y_end_caps.stl": {},
  "End-caps.gcode": {
    "analysis": {
      "analysisPending": false,
      "estimatedPrintTime": 2009.6519057545302,
      "printingArea": {
        "maxX": 149.42599487304688,
        "maxY": 126.97699737548828,
        "maxZ": 7.400000095367432,
        "minX": 60.0,
        "minY": -3.0,
        "minZ": 0.0
      },
      "dimensions": {
        "width": 89.42599487304688,
        "depth": 129.97699737548828,
        "height": 7.400000095367432
      },
      "filament": {
        "tool0": {
          "length": 1705.1084508473286,
          "volume": 4.10126645242244
        }
      },
      "firstFilament": 0.023122308733494933,
      "lastFilament": 0.9897986688707235,
      "progress": [
        [
          0,
          2009.6519057545302
        ],
        [
          0.023122308733494933,
          2009.2809080365478
        ],
        [
          0.02476665626470324,
          2009.2809080365478
        ],
        [
          0.029146108296998922,
          1932.239892471199
        ],
        [
          0.03658141887289735,
          1932.239892471199
        ],
        [
          0.039734856206542414,
          1932.239892471199
        ],
        [
          0.04724069402672886,
          1932.239892471199
        ],
        [
          0.05676766876541576,
          1932.239892471199
        ],
        [
          0.06110267897254365,
          1855.1988769058505
        ],
        [
          0.07864850477411477,
          1855.1988769058505
        ],
        [
          0.08473123806229778,
          1855.1988769058505
        ],
        [
          0.087452816790508,
          1855.1988769058505
        ],
        [
          0.09759907870164174,
          1778.1578613405018
        ],
        [
          0.09782611846065112,
          1778.1578613405018
        ],
        [
          0.11648298989141703,
          1778.1578613405018
        ],
        [
          0.13476597031479304,
          1778.1578613405018
        ],
        [
          0.1448900113133429,
          1778.1578613405018
        ],
        [
          0.16635831124928868,
          1701.1168457751533
        ],
        [
          0.17515102974607294,
          1701.1168457751533
        ],
        [
          0.2022924252773508,
          1701.1168457751533
        ],
        [
          0.21212856053894408,
          1701.1168457751533
        ],
        [
          0.23489630079773077,
          1701.1168457751533
        ],
        [
          0.2493939970687718,
          1624.0758302098045
        ],
        [
          0.25269042114426105,
          1624.0758302098045
        ],
        [
          0.27126517181112997,
          1624.0758302098045
        ],
        [
          0.2809892363831697,
          1624.0758302098045
        ],
        [
          0.30378402818771066,
          1624.0758302098045
        ],
        [
          0.3078765406096839,
          1547.034814644456
        ],
        [
          0.3120830559744788,
          1547.034814644456
        ],
        [
          0.31335061411839493,
          1547.034814644456
        ],
        [
          0.3146413593015291,
          1547.034814644456
        ],
        [
          0.3158953916725681,
          1547.034814644456
        ],
        [
          0.31606929446670295,
          1469.9937990791075
        ],
        [
          0.3214052118667402,
          1469.9937990791075
        ],
        [
          0.3245818362396033,
          1469.9937990791075
        ],
        [
          0.3258783781825419,
          1469.9937990791075
        ],
        [
          0.3270956977414858,
          1392.9527835137587
        ],
        [
          0.3271613943526034,
          1392.9527835137587
        ],
        [
          0.33144616597475896,
          1392.9527835137587
        ],
        [
          0.33517541478231716,
          1392.9527835137587
        ],
        [
          0.3386785899575001,
          1392.9527835137587
        ],
        [
          0.34180497574539087,
          1315.9117679484102
        ],
        [
          0.34263970915723807,
          1315.9117679484102
        ],
        [
          0.34625495502197456,
          1315.9117679484102
        ],
        [
          0.349987102209435,
          1315.9117679484102
        ],
        [
          0.35385160874576477,
          1315.9117679484102
        ],
        [
          0.35583699897880416,
          1238.8707523830615
        ],
        [
          0.35721856006554203,
          1238.8707523830615
        ],
        [
          0.36181635671714035,
          1238.8707523830615
        ],
        [
          0.3647456526716783,
          1238.8707523830615
        ],
        [
          0.3692265480005526,
          1238.8707523830615
        ],
        [
          0.3700574169058635,
          1161.829736817713
        ],
        [
          0.37232298386278684,
          1161.829736817713
        ],
        [
          0.37673528420064134,
          1161.829736817713
        ],
        [
          0.38023169648938565,
          1161.829736817713
        ],
        [
          0.38411069492522665,
          1161.829736817713
        ],
        [
          0.384396668408915,
          1084.7887212523642
        ],
        [
          0.38758392017475296,
          1084.7887212523642
        ],
        [
          0.39197013509348727,
          1084.7887212523642
        ],
        [
          0.396280026008129,
          1084.7887212523642
        ],
        [
          0.4002334161947943,
          1007.7477056870157
        ],
        [
          0.4008285502013891,
          1007.7477056870157
        ],
        [
          0.4054157194600125,
          1007.7477056870157
        ],
        [
          0.4111206972342693,
          1007.7477056870157
        ],
        [
          0.4144915130605829,
          1007.7477056870157
        ],
        [
          0.41683243789496466,
          930.7066901216671
        ],
        [
          0.41844586937388234,
          930.7066901216671
        ],
        [
          0.423775023887481,
          930.7066901216671
        ],
        [
          0.42717095900628077,
          930.7066901216671
        ],
        [
          0.440510269443057,
          930.7066901216671
        ],
        [
          0.4454655329492658,
          853.6656745563184
        ],
        [
          0.45274626326371104,
          853.6656745563184
        ],
        [
          0.46459484030409803,
          853.6656745563184
        ],
        [
          0.4779573377800922,
          853.6656745563184
        ],
        [
          0.4914203124260309,
          853.6656745563184
        ],
        [
          0.494795958885515,
          776.6246589909698
        ],
        [
          0.5037432576437524,
          776.6246589909698
        ],
        [
          0.5171501969449144,
          776.6246589909698
        ],
        [
          0.5307252422804066,
          776.6246589909698
        ],
        [
          0.5450248825914608,
          776.6246589909698
        ],
        [
          0.5461253008276807,
          699.5836434256212
        ],
        [
          0.5563517512494432,
          699.5836434256212
        ],
        [
          0.5685094888127367,
          699.5836434256212
        ],
        [
          0.5813792617053488,
          699.5836434256212
        ],
        [
          0.5922733056312623,
          622.5426278602725
        ],
        [
          0.5939244160489092,
          622.5426278602725
        ],
        [
          0.6065700475624142,
          622.5426278602725
        ],
        [
          0.6190813874737817,
          622.5426278602725
        ],
        [
          0.631964686139271,
          622.5426278602725
        ],
        [
          0.6406627242259152,
          545.5016122949239
        ],
        [
          0.644703065809648,
