{
    "Classic_PETG.gcode": {
        "hash": "fb08bde1b29fc63b9496a14152955beb75582b20",
        "analysis": {
            "analysisPending": false,
            "estimatedPrintTime": 3348.7213104076136,
            "printingArea": {
                "maxX": 171.6739959716797,
                "maxY": 141.51400756835938,
                "maxZ": 10.0,
                "minX": 60.0,
                "minY": -3.0,
                "minZ": 0.0
            },
            "dimensions": {
                "width": 111.67399597167969,
                "depth": 144.51400756835938,
                "height": 10.0
            },
            "filament": {
                "tool0": {
                    "length": 3131.1129104364663,
                    "volume": 7.5312091333184465
                }
            },
            "firstFilament": 0.010785955575431447,
            "lastFilament": 0.9971043149044371,
            "progress": [
                [
                    0,
                    3348.7213104076136
                ],
                [
                    0.010785955575431447,
                    3262.9687601328687
                ],
                [
                    0.010989657447205802,
                    3262.9687601328687
                ],
                [
                    0.015257153125857905,
                    3190.6020261575272
                ],
                [
                    0.027143859764138988,
                    3118.235292182186
                ],
                [
                    0.0319440241304769,
                    3045.8685582068447
                ],
                [
                    0.054478836370618,
                    2973.501824231503
                ],
                [
                    0.0746927350429852,
                    2901.1350902561617
                ],
                [
                    0.0936873492357375,
                    2828.76835628082
                ],
                [
                    0.1102258339630726,
                    2756.4016223054787
                ],
                [
                    0.1340288074250503,
                    2684.034888330137
                ],
                [
                    0.15854854221457884,
                    2611.668154354796
                ],
                [
                    0.17206105905071414,
                    2539.3014203794546
                ],
                [
                    0.19850747404410848,
                    2466.934686404113
                ],
                [
                    0.21193657847585343,
                    2394.5679524287716
                ],
                [
                    0.23650226325657245,
                    2322.20121845343
                ],
                [
                    0.2608057111448923,
                    2249.8344844780886
                ],
                [
                    0.28341749693715507,
                    2177.467750502747
                ],
                [
                    0.2994657508667573,
                    2105.101016527406
                ],
                [
                    0.32306297373123877,
                    2032.7342825520645
                ],
                [
                    0.3464965912130739,
                    1960.367548576723
                ],
                [
                    0.3690911091742523,
                    1888.0008146013815
                ],
                [
                    0.39433872694525046,
                    1815.63408062604
                ],
                [
                    0.4169838776992693,
                    1743.2673466506988
                ],
                [
                    0.4402969130386173,
                    1670.9006126753573
                ],
                [
                    0.46594344697517354,
                    1598.5338787000157
                ],
                [
                    0.4906300065734828,
                    1526.1671447246745
                ],
                [
                    0.5148582369602998,
                    1453.800410749333
                ],
                [
                    0.5398008872738427,
                    1381.4336767739915
                ],
                [
                    0.5647903656038853,
                    1309.0669427986502
                ],
                [
                    0.5898895970975996,
                    1236.7002088233087
                ],
                [
                    0.6145951805776119,
                    1164.3334748479672
                ],
                [
                    0.6404931224277517,
                    1091.9667408726257
                ],
                [
                    0.6701250132435485,
                    1019.6000068972844
                ],
                [
                    0.6985402536556584,
                    947.2332729219429
                ],
                [
                    0.7257048933521192,
                    874.8665389466015
                ],
                [
                    0.7520468233336982,
                    802.49980497126
                ],
                [
                    0.7761682273078749,
                    730.1330709959186
                ],
                [
                    0.8005278688159946,
                    657.7663370205772
                ],
                [
                    0.8258348996329269,
                    585.3996030452357
                ],
                [
                    0.8509408626540129,
                    513.0328690698943
                ],
                [
                    0.8626739148631539,
                    440.6661350945529
                ],
                [
                    0.8842118757020544,
                    368.29940111921144
                ],
                [
                    0.9082685984784407,
                    295.93266714387
                ],
                [
                    0.9348519854200971,
                    223.56593316852857
                ],
                [
                    0.9568034961797118,
                    151.19919919318713
                ],
                [
                    0.9752563687565815,
                    78.8324652178457
                ],
                [
                    0.9940045505125034,
                    6.465731242504262
                ],
                [
                    1,
                    0
                ]
            ],
            "analysisPrintTime": 2720.0,
            "analysisFirstFilamentPrintTime": 20.0,
            "analysisLastFilamentPrintTime": 2720.0,
            "compensatedPrintTime": 3348.7213104076136
        },
        "thumbnail": "plugin/prusaslicerthumbnails/thumbnail/Fidget_Spinner/Classic_PETG.png?20201211151422",
        "thumbnail_src": "prusaslicerthumbnails",
        "DisplayLayerProgress": {
            "totalLayerCountWithoutOffset": "50"
        },
        "history": [
            {
                "timestamp": 1607974829.7693584,
                "printTime": 1086.0112170749926,
                "success": true,
                "printerProfile": "_default"
            }
        ],
        "statistics": {
            "averagePrintTime": {
                "_default": 1086.0112170749926
            },
            "lastPrintTime": {
                "_default": 1086.0112170749926
            }
        }
    },
    "3x1_with_nuts.stl": {
        "hash": "812fa7da012df06f617634d1f375f5745ee6ae87",
        "display": "3x1 with nuts.stl"
    },
    "3x1_with_nuts_PETG.gcode": {
        "hash": "38a2ff7967fc5c641fb0541cf89b7d502ec56df5",
        "display": "3x1 with nuts_PETG.gcode",
        "thumbnail": "plugin/prusaslicerthumbnails/thumbnail/Fidget_Spinner/3x1_with_nuts_PETG.png?20201211151419",
        "thumbnail_src": "prusaslicerthumbnails",
        "analysis": {
            "analysisPending": false,