{
  "Bearing Holders.3mf": {
    "hash": "b687e6ffdc3501718da287abacd6db98dbb12eac"
  },
  "y_bearing_holder.stl": {
    "hash": "435294cd0e41a06de007eebde1c60be46f80ac87"
  },
  "Bearing Holders.gcode": {
    "hash": "3348a18dd6172868b416aee886f1fde81593d4ce",
    "thumbnail": "plugin/prusaslicerthumbnails/thumbnail/Bear 2.1 Upgrade/Y-Axis/Y Bearing Holders/Bearing Holders.png?20220409153457",
    "thumbnail_src": "prusaslicerthumbnails",
    "analysis": {
      "analysisPending": false,
      "estimatedPrintTime": 6394.058776947409,
      "printingArea": {
        "maxX": 139.7790069580078,
        "maxY": 138.99099731445312,
        "maxZ": 22.0,
        "minX": 60.0,
        "minY": -3.0,
        "minZ": 0.0
      },
      "dimensions": {
        "width": 79.77900695800781,
        "depth": 141.99099731445312,
        "height": 22.0
      },
      "filament": {
        "tool0": {
          "length": 6362.4125054795,
          "volume": 15.303395483277956
        }
      },
      "firstFilament": 0.004800725714800199,
      "lastFilament": 0.9981848975320722,
      "progress": [
        [
          0,
          6394.058776947409
        ],
        [
          0.004800725714800199,
          6393.617645261601
        ],
        [
          0.005107183930989143,
          6329.1019396469665
        ],
        [
          0.009655302457611427,
          6329.1019396469665
        ],
        [
          0.011670384142995713,
          6264.586234032332
        ],
        [
          0.01985828855657161,
          6264.586234032332
        ],
        [
          0.02281890595775837,
          6200.070528417698
        ],
        [
          0.032262201844525114,
          6200.070528417698
        ],
        [
          0.035673333208756826,
          6135.554822803064
        ],
        [
          0.044892391376360925,
          6135.554822803064
        ],
        [
          0.04832424774190918,
          6071.039117188429
        ],
        [
          0.05768192559045019,
          6071.039117188429
        ],
        [
          0.06158179325622047,
          6006.523411573795
        ],
        [
          0.07093318565354254,
          6006.523411573795
        ],
        [
          0.07474013056750829,
          5942.00770595916
        ],
        [
          0.08392334467545837,
          5942.00770595916
        ],
        [
          0.08774099184420235,
          5877.492000344527
        ],
        [
          0.09686101168584295,
          5877.492000344527
        ],
        [
          0.10073930496499683,
          5812.976294729892
        ],
        [
          0.10909114074144542,
          5812.976294729892
        ],
        [
          0.112809070075986,
          5748.460589115258
        ],
        [
          0.12078972447639644,
          5748.460589115258
        ],
        [
          0.12475941161381508,
          5683.944883500623
        ],
        [
          0.13243836435571577,
          5683.944883500623
        ],
        [
          0.13643693059332962,
          5619.429177885989
        ],
        [
          0.1442274925636317,
          5619.429177885989
        ],
        [
          0.14809491371094738,
          5554.913472271355
        ],
        [
          0.1553931719614515,
          5554.913472271355
        ],
        [
          0.15919128326829873,
          5490.397766656721
        ],
        [
          0.1664801982805044,
          5490.397766656721
        ],
        [
          0.17049745099471514,
          5425.882061042086
        ],
        [
          0.17749128955374996,
          5425.882061042086
        ],
        [
          0.18141816767205574,
          5361.366355427452
        ],
        [
          0.18854043328842918,
          5361.366355427452
        ],
        [
          0.19265570506624355,
          5296.850649812817
        ],
        [
          0.19968810571789197,
          5296.850649812817
        ],
        [
          0.2040281248460489,
          5232.334944198183
        ],
        [
          0.21130158104579716,
          5232.334944198183
        ],
        [
          0.2155430714791705,
          5167.819238583549
        ],
        [
          0.22264189406126786,
          5167.819238583549
        ],
        [
          0.22716758881597388,
          5103.303532968915
        ],
        [
          0.23413271815187348,
          5103.303532968915
        ],
        [
          0.23855869507237612,
          5038.78782735428
        ],
        [
          0.24504239282031592,
          5038.78782735428
        ],
        [
          0.249561802123803,
          4974.272121739646
        ],
        [
          0.2563252873895162,
          4974.272121739646
        ],
        [
          0.26092929546886917,
          4909.756416125011
        ],
        [
          0.2677755108627886,
          4909.756416125011
        ],
        [
          0.27239820541873844,
          4845.2407105103775
        ],
        [
          0.27887374906779966,
          4845.2407105103775
        ],
        [
          0.28396309590749175,
          4780.725004895743
        ],
        [
          0.2901688747853179,
          4780.725004895743
        ],
        [
          0.2950433271441458,
          4716.2092992811085
        ],
        [
          0.30135918635683356,
          4716.2092992811085
        ],
        [
          0.30609382989530476,
          4651.693593666474
        ],
        [
          0.3120137056811985,
          4651.693593666474
        ],
        [
          0.31668362605982053,
          4587.17788805184
        ],
        [
          0.32248764569081356,
          4587.17788805184
        ],
        [
          0.32732455521938775,
          4522.662182437206
        ],
        [
          0.3328462391767078,
          4522.662182437206
        ],
        [
          0.33740624909752814,
          4458.1464768225715
        ],
        [
          0.3421405528818794,
          4458.1464768225715
        ],
        [
          0.3465972775502369,
          4393.630771207937
        ],
        [
          0.3510174786507005,
          4393.630771207937
        ],
        [
          0.35517793772646733,
          4329.1150655933025
        ],
        [
          0.3595622947672769,
          4329.1150655933025
        ],
        [
          0.36289885010218104,
          4264.599359978668
        ],
        [
          0.3664669478698266,
          4264.599359978668
        ],
        [
          0.37003402637511235,
          4200.083654364034
        ],
        [
          0.374147429505267,
          4200.083654364034
        ],
        [
          0.37793076150789673,
          4135.5679487494
        ],
        [
          0.3817149428958263,
          4135.5679487494
        ],
        [
          0.38566339540074845,
          4071.052243134766
        ],
        [
          0.38995771759977305,
          4071.052243134766
        ],
        [
          0.39419122381132776,
          4006.5365375201313
        ],
        [
          0.3980562666798038,
          4006.5365375201313
        ],
        [
          0.40284679977100574,
          3942.0208319054973
        ],
        [
          0.4067077655900425,
          3942.0208319054973
        ],
        [
          0.4101758057693647,
          3877.505126290863
        ],
        [
          0.41345290413327873,
          3877.505126290863
        ],
        [
          0.41720973531455285,
          3812.9894206762283
        ],
        [
          0.42042143101037777,
          3812.9894206762283
        ],
        [
          0.42500165630133474,
          3748.4737150615942
        ],
        [
          0.4282738282305096,
          3748.4737150615942
        ],
        [
          0.4316603274210454,
          3683.9580094469597
        ],
        [
          0.4347430864283518,
          3683.9580094469597
        ],
        [
          0.43888638792106155,
