{
    "left_eye_thick.stl": {
        "hash": "9824071621cc80a03977f4a6a38005ef842b5495"
    },
    "right_eye_thick.stl": {
        "hash": "22d6872719a1a5c8515dfb20199941f2a373fe3d"
    },
    "Thick_PET.gcode": {
        "hash": "fd346b7a5e739f3f740bd1c353b28394415a9236",
        "analysis": {
            "analysisPending": false,
            "estimatedPrintTime": 1571.2865616322133,
            "printingArea": {
                "maxX": 176.95899963378906,
                "maxY": 147.3090057373047,
                "maxZ": 8.600000381469727,
                "minX": 60.0,
                "minY": -3.0,
                "minZ": 0.0
            },
            "dimensions": {
                "width": 116.95899963378906,
                "depth": 150.3090057373047,
                "height": 8.600000381469727
            },
            "filament": {
                "tool0": {
                    "length": 1832.6657565683126,
                    "volume": 12.95435087397133
                }
            },
            "firstFilament": 0.02171574637396192,
            "lastFilament": 0.9944796574316109,
            "progress": [
                [
                    0,
                    1571.2865616322133
                ],
                [
                    0.02171574637396192,
                    1268.1821348906133
                ],
                [
                    0.03747227298547014,
                    1208.1982477685774
                ],
                [
                    0.07230035906965745,
                    1147.6263250238137
                ],
                [
                    0.12169813988037866,
                    1087.6306001152968
                ],
                [
                    0.1703723837650137,
                    1027.6552886304278
                ],
                [
                    0.21810397341290955,
                    967.6814398104985
                ],
                [
                    0.26594929843906223,
                    907.6944437503106
                ],
                [
                    0.31451044951819895,
                    847.7167270862429
                ],
                [
                    0.36378035834997596,
                    787.7274496032
                ],
                [
                    0.41115917555344794,
                    727.7359006952446
                ],
                [
                    0.460576876119683,
                    667.7636178327942
                ],
                [
                    0.5106024505154718,
                    607.7809327864595
                ],
                [
                    0.5605175023967964,
                    547.7993146768927
                ],
                [
                    0.6098285358851183,
                    487.79473708931164
                ],
                [
                    0.6592333849961831,
                    427.8192438141694
                ],
                [
                    0.708399197041081,
                    367.83070184514605
                ],
                [
                    0.7576954513559571,
                    307.8353107152698
                ],
                [
                    0.80739074335387,
                    247.84073661025462
                ],
                [
                    0.8570744690421297,
                    187.85479444490034
                ],
                [
                    0.907482374229234,
                    127.87470663453115
                ],
                [
                    0.9518886498518228,
                    67.81238039917996
                ],
                [
                    0.9938550767103359,
                    7.73940785034536
                ],
                [
                    0.9944796574316109,
                    7.141607200168073
                ],
                [
                    1,
                    0
                ]
            ],
            "analysisPrintTime": 1276.9414714565607,
            "analysisFirstFilamentPrintTime": 9.275442806155525,
            "analysisLastFilamentPrintTime": 1270.898927467833,
            "compensatedPrintTime": 1571.2865616322133
        },
        "thumbnail": "plugin/prusaslicerthumbnails/thumbnail/Oculus_Quest_Lens_Protector/Thick_PET.png?20200924120858",
        "thumbnail_src": "prusaslicerthumbnails",
        "history": [
            {
                "timestamp": 1600962110.0231724,
                "printTime": 1411.1030754372478,
                "success": true,
                "printerProfile": "_default"
            }
        ],
        "statistics": {
            "averagePrintTime": {
                "_default": 1411.1030754372478
            },
            "lastPrintTime": {
                "_default": 1411.1030754372478
            }
        }
    }
}