{
  "LED Clip.stl": {},
  "LED Clip_PETG.gcode": {
    "analysis": {
      "analysisPending": false,
      "estimatedPrintTime": 1393.3237812317411,
      "printingArea": {
        "maxX": 155.9040069580078,
        "maxY": 136.3780059814453,
        "maxZ": 2.0,
        "minX": 60.0,
        "minY": -3.0,
        "minZ": 0.0
      },
      "dimensions": {
        "width": 95.90400695800781,
        "depth": 139.3780059814453,
        "height": 2.0
      },
      "filament": {
        "tool0": {
          "length": 915.0373457297683,
          "volume": 2.2009227430022222
        }
      },
      "firstFilament": 0.024675322105796323,
      "lastFilament": 0.9909442369179144,
      "progress": [
        [
          0,
          1393.3237812317411
        ],
        [
          0.024675322105796323,
          1392.9527835137587
        ],
        [
          0.025363852923486023,
          1392.9527835137587
        ],
        [
          0.04618498527968597,
          1315.9117679484102
        ],
        [
          0.07510822596473456,
          1238.8707523830615
        ],
        [
          0.10211129665389851,
          1161.829736817713
        ],
        [
          0.12869986387666593,
          1084.7887212523642
        ],
        [
          0.17705233625629174,
          1007.7477056870157
        ],
        [
          0.228188609959163,
          930.7066901216671
        ],
        [
          0.27920419291525533,
          853.6656745563184
        ],
        [
          0.33322715185665897,
          776.6246589909698
        ],
        [
          0.383820317199025,
          699.5836434256212
        ],
        [
          0.43337573997277534,
          622.5426278602725
        ],
        [
          0.48549237867612144,
          545.5016122949239
        ],
        [
          0.53286250751844,
          468.46059672957534
        ],
        [
          0.6055321868371901,
          391.4195811642267
        ],
        [
          0.6791802526195828,
          314.3785655988781
        ],
        [
          0.7533427379784102,
          237.33755003352948
        ],
        [
          0.8256315489569154,
          160.29653446818085
        ],
        [
          0.9002985612080154,
          83.25551890283224
        ],
        [
          0.9712122890879736,
          6.21450333748362
        ],
        [
          1,
          0
        ]
      ],
      "analysisPrintTime": 1104.0,
      "analysisFirstFilamentPrintTime": 24.0,
      "analysisLastFilamentPrintTime": 1104.0,
      "compensatedPrintTime": 1393.3237812317411
    }
  }
}