{
  "Z-end-caps.3mf": {},
  "Z-end-caps.gcode": {
    "analysis": {
      "analysisPending": false,
      "estimatedPrintTime": 2086.6929213198787,
      "printingArea": {
        "maxX": 149.77699279785156,
        "maxY": 127.3270034790039,
        "maxZ": 8.399999618530273,
        "minX": 60.0,
        "minY": -3.0,
        "minZ": 0.0
      },
      "dimensions": {
        "width": 89.77699279785156,
        "depth": 130.3270034790039,
        "height": 8.399999618530273
      },
      "filament": {
        "tool0": {
          "length": 1927.3342395164073,
          "volume": 4.6357821141556865
        }
      },
      "firstFilament": 0.03221374655537362,
      "lastFilament": 0.9859432618448554,
      "progress": [
        [
          0,
          2086.6929213198787
        ],
        [
          0.03221374655537362,
          2086.3219236018963
        ],
        [
          0.03419066256639642,
          2086.3219236018963
        ],
        [
          0.035796157993530094,
          2086.3219236018963
        ],
        [
          0.03763329206437957,
          2086.3219236018963
        ],
        [
          0.03802201898371873,
          2009.2809080365478
        ],
        [
          0.03871560365829306,
          2009.2809080365478
        ],
        [
          0.03978992771276808,
          2009.2809080365478
        ],
        [
          0.040917502030166274,
          2009.2809080365478
        ],
        [
          0.042914386889785265,
          1932.239892471199
        ],
        [
          0.04300358108018158,
          1932.239892471199
        ],
        [
          0.04477148980923093,
          1932.239892471199
        ],
        [
          0.046273147223664414,
          1932.239892471199
        ],
        [
          0.04737942143589334,
          1932.239892471199
        ],
        [
          0.047922574117709706,
          1855.1988769058505
        ],
        [
          0.04847238308239147,
          1855.1988769058505
        ],
        [
          0.04967717028102826,
          1855.1988769058505
        ],
        [
          0.05278299186602234,
          1855.1988769058505
        ],
        [
          0.05737449578657294,
          1855.1988769058505
        ],
        [
          0.05776721647563135,
          1778.1578613405018
        ],
        [
          0.06192739326650425,
          1778.1578613405018
        ],
        [
          0.06692626169841713,
          1778.1578613405018
        ],
        [
          0.07157900342132939,
          1778.1578613405018
        ],
        [
          0.0750948520308319,
          1701.1168457751533
        ],
        [
          0.07648468389312672,
          1701.1168457751533
        ],
        [
          0.08167791578470919,
          1701.1168457751533
        ],
        [
          0.08694969181410334,
          1701.1168457751533
        ],
        [
          0.09143868897852683,
          1701.1168457751533
        ],
        [
          0.09243713140833633,
          1624.0758302098045
        ],
        [
          0.09599691148475045,
          1624.0758302098045
        ],
        [
          0.10081606027929763,
          1624.0758302098045
        ],
        [
          0.10614508034133419,
          1624.0758302098045
        ],
        [
          0.10971417921375987,
          1547.034814644456
        ],
        [
          0.11068999028182702,
          1547.034814644456
        ],
        [
          0.11572214012806688,
          1547.034814644456
        ],
        [
          0.1207769213360491,
          1547.034814644456
        ],
        [
          0.13446490142045076,
          1547.034814644456
        ],
        [
          0.13849727758030805,
          1469.9937990791075
        ],
        [
          0.14396075455622562,
          1469.9937990791075
        ],
        [
          0.15745037741123846,
          1469.9937990791075
        ],
        [
          0.17138730247480596,
          1469.9937990791075
        ],
        [
          0.17824593633931068,
          1392.9527835137587
        ],
        [
          0.19407324573665083,
          1392.9527835137587
        ],
        [
          0.1990348389845175,
          1392.9527835137587
        ],
        [
          0.22153840009585046,
          1392.9527835137587
        ],
        [
          0.22597148448420465,
          1315.9117679484102
        ],
        [
          0.24024654871733428,
          1315.9117679484102
        ],
        [
          0.2492551619473621,
          1315.9117679484102
        ],
        [
          0.2654086292051067,
          1315.9117679484102
        ],
        [
          0.2838079263016361,
          1315.9117679484102
        ],
        [
          0.2844216355818257,
          1238.8707523830615
        ],
        [
          0.3013019689284716,
          1238.8707523830615
        ],
        [
          0.31281334451588855,
          1238.8707523830615
        ],
        [
          0.3222466285927287,
          1238.8707523830615
        ],
        [
          0.324835922627368,
          1161.829736817713
        ],
        [
          0.32530718745423803,
          1161.829736817713
        ],
        [
          0.32899743067481396,
          1161.829736817713
        ],
        [
          0.33383921083110346,
          1161.829736817713
        ],
        [
          0.3388234354407125,
          1161.829736817713
        ],
        [
          0.339503707549556,
          1084.7887212523642
        ],
        [
          0.3406552444852696,
          1084.7887212523642
        ],
        [
          0.34413381791072595,
          1084.7887212523642
        ],
        [
          0.34991546520760947,
          1084.7887212523642
        ],
        [
          0.35570643130050456,
          1007.7477056870157
        ],
        [
          0.3563773846133365,
          1007.7477056870157
        ],
        [
          0.3637072833047113,
          1007.7477056870157
        ],
        [
          0.3699495453758803,
          1007.7477056870157
        ],
        [
          0.3772461626529281,
          1007.7477056870157
        ],
        [
          0.37927766018344716,
          930.7066901216671
        ],
        [
          0.3827535710957573,
          930.7066901216671
        ],
        [
          0.3906279537255215,
          930.7066901216671
        ],
        [
          0.3971031856969794,
          930.7066901216671
        ],
        [
          0.4046234540783045,
          930.7066901216671
        ],
        [
          0.4048990241889319,
          853.6656745563184
        ],
        [
          0.41145945658106686,
          853.6656745563184
        ],
        [
          0.41842325971484484,
          853.6656745563184
        ],
        [
          0.4242741323535285,
          853.6656745563184
        ],
        [
          0.42933956361409537,
          776.6246589909698
        ],
        [
          0.43142564266411065,
          776.6246589909698
        ],
        [
          0.4362860604124233,
          776.6246589909698
        ],
        [
          0.44588442030432524,
          776.6246589909698
        ],
        [
          0.4503694236990295,
          776.6246589909698
        ],
        [
          0.45372685277633557,
          699.5836434256212
        ],
        [
          0.4595364564612538,
          699.5836434256212
        ],
        [
          0.47097727545029755,
          699.5836434256212
        ],
        [
          0.4864810895003794,
          699.5836434256212
        ],
        [
          0.4975065564386224,
          622.5426278602725
        ],
        [
          0.5011115992385212,
          622.5426278602725
        ],
        [
          0.5167112637618648,
          622.5426278602725
        ],
        [
          0.5323854786533009,
          622.5426278602725
        ],
        [
          0.5478040922827057,
