{
  "finger_saver_nail_holder_with_divot_PET.gcode": {
    "analysis": {
      "analysisPending": false,
      "estimatedPrintTime": 988.4389753465266,
      "printingArea": {
        "maxX": 139.75399780273438,
        "maxY": 129.7570037841797,
        "maxZ": 10.0,
        "minX": 60.0,
        "minY": -3.0,
        "minZ": 0.0
      },
      "dimensions": {
        "width": 79.75399780273438,
        "depth": 132.7570037841797,
        "height": 10.0
      },
      "filament": {
        "tool0": {
          "length": 655.3155933097005,
          "volume": 1.5762187192578905
        }
      },
      "firstFilament": 0.0725487690416283,
      "lastFilament": 0.961861662047176,
      "progress": [
        [
          0,
          988.4389753465266
        ],
        [
          0.0725487690416283,
          988.1330315029344
        ],
        [
          0.07561569951131812,
          988.1330315029344
        ],
        [
          0.11856153910556674,
          922.598517792994
        ],
        [
          0.21500240154756606,
          857.0640040830536
        ],
        [
          0.29424025169981094,
          791.5294903731134
        ],
        [
          0.36080057460881215,
          725.994976663173
        ],
        [
          0.42752393836174796,
          660.4604629532328
        ],
        [
          0.49095123316162637,
          594.9259492432924
        ],
        [
          0.5536822994928108,
          529.3914355333521
        ],
        [
          0.6159594953665555,
          463.85692182341177
        ],
        [
          0.6841942918078586,
          398.32240811347145
        ],
        [
          0.7521426651449521,
          332.78789440353114
        ],
        [
          0.8435557004807501,
          267.25338069359077
        ],
        [
          0.8790765719120285,
          201.71886698365046
        ],
        [
          0.9082608829763327,
          136.18435327371014
        ],
        [
          0.9353080370323041,
          70.64983956376982
        ],
        [
          1,
          0
        ]
      ],
      "analysisPrintTime": 906.0,
      "analysisFirstFilamentPrintTime": 6.0,
      "analysisLastFilamentPrintTime": 903.1275082951493,
      "compensatedPrintTime": 988.4389753465266
    }
  },
  "finger_saver_nail_holder_with_divot.stl": {}
}