{
    "finger_saver_nail_holder_with_divot_PET.gcode": {
        "hash": "ac554a4952d0f6720bd9ae067fbfee470fbca298",
        "thumbnail": "/plugin/prusaslicerthumbnails/thumbnail/Finger_Saver/finger_saver_nail_holder_with_divot_PET.png?20200422232611",
        "analysis": {
            "lastFilament": 0.961861662047176,
            "printingArea": {
                "maxZ": 10.0,
                "maxX": 139.75399780273438,
                "maxY": 129.7570037841797,
                "minX": 60.0,
                "minY": -3.0,
                "minZ": 0.0
            },
            "dimensions": {
                "width": 79.75399780273438,
                "depth": 132.7570037841797,
                "height": 10.0
            },
            "compensatedPrintTime": 1231.1204696117309,
            "analysisPending": false,
            "analysisPrintTime": 903.3608779138139,
            "analysisLastFilamentPrintTime": 897.7786779827285,
            "firstFilament": 0.07576992733666171,
            "progress": [
                [
                    0,
                    1231.1204696117309
                ],
                [
                    0.07576992733666171,
                    928.8855958269295
                ],
                [
                    0.12035058187955247,
                    867.4771587652258
                ],
                [
                    0.22539735697572455,
                    806.626967110213
                ],
                [
                    0.2982942402516998,
                    745.6340535651641
                ],
                [
                    0.3696929103671944,
                    684.7281594256602
                ],
                [
                    0.43326561997382534,
                    623.7328759396596
                ],
                [
                    0.5007733423813657,
                    562.0172802106363
                ],
                [
                    0.5620899192286846,
                    501.17208738159536
                ],
                [
                    0.6263808898504871,
                    440.2794303836239
                ],
                [
                    0.6898169976689565,
                    378.94039021175666
                ],
                [
                    0.7661641777233329,
                    318.0480251925614
                ],
                [
                    0.8575287414568801,
                    256.22178947741577
                ],
                [
                    0.8862768081009267,
                    194.14112601395541
                ],
                [
                    0.9133415881940803,
                    133.17237490292314
                ],
                [
                    0.9421160938939,
                    71.46644758189005
                ],
                [
                    0.961861662047176,
                    27.973081241403634
                ],
                [
                    1,
                    0
                ]
            ],
            "analysisFirstFilamentPrintTime": 9.275442806155638,
            "estimatedPrintTime": 1231.1204696117309,
            "filament": {
                "tool0": {
                    "volume": 4.632152970880331,
                    "length": 655.3155933097005
                }
            }
        }
    },
    "finger_saver_nail_holder_with_divot.stl": {}
}