{
    "finger_saver_nail_holder_with_divot.gcode": {
        "analysis": {
            "analysisFirstFilamentPrintTime": 11.182865898421369,
            "printingArea": {
                "maxZ": 38.79999923706055,
                "maxX": 164.379,
                "maxY": 158.615,
                "minX": 60.0,
                "minY": -3.0,
                "minZ": 0.0
            },
            "dimensions": {
                "width": 104.37899999999999,
                "depth": 161.615,
                "height": 38.79999923706055
            },
            "compensatedPrintTime": 7602.707715341858,
            "analysisPending": false,
            "analysisPrintTime": 7602.707715341858,
            "analysisLastFilamentPrintTime": 7600.960189033676,
            "firstFilament": 0.00033645021866801,
            "progress": [
                [
                    0,
                    7602.707715341858
                ],
                [
                    0.00029999733992506,
                    7597.525057429611
                ],
                [
                    0.00033645021866801,
                    7591.524849443436
                ],
                [
                    0.00637580553472925,
                    7531.459614435904
                ],
                [
                    0.01429691756427776,
                    7471.280873859051
                ],
                [
                    0.02475051945352209,
                    7410.874547808942
                ],
                [
                    0.02711010444242366,
                    7350.8613410877
                ],
                [
                    0.0293583603692184,
                    7290.7461155111905
                ],
                [
                    0.03778094578471718,
                    7230.6413909237735
                ],
                [
                    0.04568186094901622,
                    7170.628877267181
                ],
                [
                    0.05380543423752893,
                    7110.6003303890875
                ],
                [
                    0.06472849009220608,
                    7050.599967828846
                ],
                [
                    0.07273285261509996,
                    6990.563543157262
                ],
                [
                    0.07879289740288017,
                    6929.379836948239
                ],
                [
                    0.08711942455682659,
                    6869.258523587624
                ],
                [
                    0.09522280098008983,
                    6809.172897552167
                ],
                [
                    0.10645127284585654,
                    6748.9005219908595
                ],
                [
                    0.11442952722586697,
                    6688.622923345842
                ],
                [
                    0.12159005486650858,
                    6627.565788484311
                ],
                [
                    0.13403132386018252,
                    6567.28284365492
                ],
                [
                    0.1472159360163309,
                    6507.153725199454
                ],
                [
                    0.16086064261499158,
                    6447.076513169608
                ],
                [
                    0.1737531391347269,
                    6387.003422827245
                ],
                [
                    0.18610623157036046,
                    6326.9478580926725
                ],
                [
                    0.1984016890490626,
                    6266.940038435983
                ],
                [
                    0.2103488737538288,
                    6206.930405885958
                ],
                [
                    0.22312265211441476,
                    6146.923275672055
                ],
                [
                    0.23551466046113878,
                    6086.918930797148
                ],
                [
                    0.24753622874279932,
                    6026.713639334104
                ],
                [
                    0.26015335824608454,
                    5966.685366329378
                ],
                [
                    0.2733788567392013,
                    5906.623537136837
                ],
                [
                    0.28666199018924954,
                    5846.574103014799
                ],
                [
                    0.29486782875816864,
                    5786.569120158999
                ],
                [
                    0.30563325054260604,
                    5726.530969819188
                ],
                [
                    0.3188183553052239,
                    5666.51050284111
                ],
                [
                    0.3306749004196022,
                    5606.36345981251
                ],
                [
                    0.3417516494927631,
                    5545.328105356259
                ],
                [
                    0.35256633192415043,
                    5485.285620809439
                ],
                [
                    0.36571252077567784,
                    5424.439006784771
                ],
                [
                    0.37578977132222474,
                    5364.408957211523
                ],
                [
                    0.38839606348318095,
                    5304.397245519682
                ],
                [
                    0.4011131920997745,
                    5244.387465869992
                ],
                [
                    0.4138091386381796,
                    5184.218900543783
                ],
                [
                    0.4240455010743747,
                    5123.662557883899
                ],
                [
                    0.42788733892999964,
                    5063.378072414349
                ],
                [
                    0.43014495437971484,
                    5003.184826794415
                ],
                [
                    0.43846951110778326,
                    4942.748506646981
                ],
                [
                    0.44412709640998255,
                    4882.743494530739
                ],
                [
                    0.45385853721494096,
                    4822.177477059404
                ],
                [
                    0.4594752361801718,
                    4761.7737134204035
                ],
                [
                    0.4681643216956697,
                    4701.521577647438
                ],
                [
                    0.4740086048498092,
                    4641.514625252423
                ],
                [
                    0.48342083666253205,
                    4581.438473115075
                ],
                [
                    0.48901980179486093,
                    4521.148706694357
                ],
                [
                    0.497575883563594,
                    4461.044482935847
                ],
                [
                    0.5022339703391793,
                    4400.796936370052
                ],
                [
                    0.507957072301822,
                    4340.796636546787
                ],
                [
                    0.5171811284431961,
                    4280.225558797034
                ],
                [
                    0.5264864646520375,
                    4219.588224621471
                ],
                [
                    0.535891307367718,
                    4159.488635341464
                ],
                [
                    0.5456611714772972,
                    4099.467277960241
                ],
                [
                    0.5545330139929794,
                    4039.3412705411956
                ],
