{
  "y-idler_slide.STL": {},
  "y_belt_holder_with_tensioner_PET.gcode": {
    "analysis": {
      "analysisPending": false,
      "estimatedPrintTime": 11635.81935098075,
      "printingArea": {
        "maxX": 162.84300231933594,
        "maxY": 135.60400390625,
        "maxZ": 40.599998474121094,
        "minX": 60.0,
        "minY": -3.0,
        "minZ": 0.0
      },
      "dimensions": {
        "width": 102.84300231933594,
        "depth": 138.60400390625,
        "height": 40.599998474121094
      },
      "filament": {
        "tool0": {
          "length": 7805.243043398368,
          "volume": 18.7738096254146
        }
      },
      "firstFilament": 0.005460751642571506,
      "lastFilament": 0.9982943582961545,
      "progress": [
        [
          0,
          11635.81935098075
        ],
        [
          0.005460751642571506,
          11635.448353262767
        ],
        [
          0.005595082972241597,
          11635.448353262767
        ],
        [
          0.006880770633976421,
          11558.40733769742
        ],
        [
          0.011099391114820908,
          11481.36632213207
        ],
        [
          0.012637552294300093,
          11404.325306566721
        ],
        [
          0.01729115959159421,
          11327.284291001373
        ],
        [
          0.023283069260809575,
          11250.243275436025
        ],
        [
          0.028697566213107307,
          11173.202259870675
        ],
        [
          0.03513082271868495,
          11096.161244305327
        ],
        [
          0.04063744359577795,
          11019.12022873998
        ],
        [
          0.04915100479641865,
          10942.07921317463
        ],
        [
          0.057388001494797405,
          10865.038197609281
        ],
        [
          0.06708471912706607,
          10787.997182043933
        ],
        [
          0.07503397310636671,
          10710.956166478583
        ],
        [
          0.0842681438358976,
          10633.915150913235
        ],
        [
          0.0934038306207206,
          10556.874135347887
        ],
        [
          0.10259984123077563,
          10479.833119782537
        ],
        [
          0.11186542660411748,
          10402.79210421719
        ],
        [
          0.11944560670060861,
          10325.751088651841
        ],
        [
          0.12623271158678065,
          10248.710073086493
        ],
        [
          0.13413898724970189,
          10171.669057521143
        ],
        [
          0.14254153719368554,
          10094.628041955795
        ],
        [
          0.14986461830340495,
          10017.587026390447
        ],
        [
          0.15720350309896788,
          9940.546010825097
        ],
        [
          0.16477905772643164,
          9863.50499525975
        ],
        [
          0.1736784601351061,
          9786.463979694401
        ],
        [
          0.18167897972946018,
          9709.422964129051
        ],
        [
          0.1890722137860948,
          9632.381948563703
        ],
        [
          0.19686535818572146,
          9555.340932998355
        ],
        [
          0.2066599815790696,
          9478.299917433005
        ],
        [
          0.21453580623756063,
          9401.258901867657
        ],
        [
          0.22255714044253788,
          9324.21788630231
        ],
        [
          0.2320407010437949,
          9247.176870736961
        ],
        [
          0.24154893081319792,
          9170.135855171611
        ],
        [
          0.24933051154025612,
          9093.094839606263
        ],
        [
          0.2578672000860337,
          9016.053824040915
        ],
        [
          0.26647789613624934,
          8939.012808475565
        ],
        [
          0.27414075649160485,
          8861.971792910217
        ],
        [
          0.28193120270096556,
          8784.930777344869
        ],
        [
          0.2909926892534744,
          8707.88976177952
        ],
        [
          0.3006362139919282,
          8630.848746214171
        ],
        [
          0.30759581032724614,
          8553.807730648823
        ],
        [
          0.31721158225153573,
          8476.766715083473
        ],
        [
          0.32469636204933716,
          8399.725699518125
        ],
        [
          0.33166771478509977,
          8322.684683952777
        ],
        [
          0.3403450946804601,
          8245.643668387429
        ],
        [
          0.3482839413544491,
          8168.60265282208
        ],
        [
          0.35629486825411477,
          8091.561637256731
        ],
        [
          0.3653176165035193,
          8014.520621691382
        ],
        [
          0.37296081861550845,
          7937.479606126034
        ],
        [
          0.3812205572032718,
          7860.438590560685
        ],
        [
          0.3898503333132254,
          7783.397574995336
        ],
        [
          0.39758141933673474,
          7706.356559429988
        ],
        [
          0.404842634798213,
          7629.315543864639
        ],
        [
          0.41309119516916015,
          7552.274528299291
        ],
        [
          0.4207247608873423,
          7475.233512733942
        ],
        [
          0.42814131501698993,
          7398.192497168593
        ],
        [
          0.4348010267770329,
          7321.151481603245
        ],
        [
          0.4426126730527691,
          7244.110466037896
        ],
        [
          0.4500425254058705,
          7167.069450472548
        ],
        [
          0.45721971151335133,
          7090.028434907199
        ],
        [
          0.4643614356916223,
          7012.98741934185
        ],
        [
          0.471760258856665,
          6935.946403776502
        ],
        [
          0.4789925651367221,
          6858.905388211153
        ],
        [
          0.4865569415473697,
          6781.864372645804
        ],
        [
          0.4944131079624944,
          6704.823357080456
        ],
        [
          0.5031136152029916,
          6627.782341515107
        ],
        [
          0.5113055135783534,
          6550.741325949759
        ],
        [
          0.5193746442966136,
          6473.70031038441
        ],
        [
          0.5268467040545898,
          6396.659294819061
        ],
        [
          0.5342143053036977,
          6319.618279253713
        ],
        [
          0.5416591904311381,
          6242.577263688364
        ],
        [
          0.5494816294679381,
          6165.536248123016
        ],
        [
          0.5573761487304147,
          6088.495232557667
        ],
        [
          0.5657474767584636,
          6011.454216992318
        ],
        [
          0.5740584809612804,
          5934.41320142697
        ],
        [
          0.5820210331640348,
          5857.372185861621
        ],
        [
          0.5896626934530148,
          5780.331170296273
        ],
        [
          0.5968558759742153,
          5703.290154730924
        ],
        [
          0.605287142371744,
          5626.249139165575
        ],
        [
          0.6132319636098933,
          5549.208123600227
        ],
        [
          0.6209403077440181,
          5472.167108034878
        ],
        [
          0.6288384888361415,
          5395.126092469529
        ],
        [
          0.635431902206792,
          5318.085076904181
        ],
        [
          0.6422249816571244,
          5241.044061338832
        ],
        [
          0.6492418181716562,
          5164.003045773484
        ],
        [
          0.6563290003609793,
          5086.962030208135
        ],
        [
          0.6638035655813453,
          5009.921014642786
        ],
        [
          0.6711935232640855,
          4932.879999077438
        ],
        [
          0.6792776867566848,
          4855.838983512089
        ],
        [
