{
  "build_helper_y.stl": {
    "hash": "418e84a99e8241b0c4e89c3ec306bf7378592eb2"
  },
  "build_helper_z_96mm.stl": {
    "hash": "e7c35c4db5a014e22cb3ef8fee9342a664ee72d6"
  },
  "Build Helpers.3mf": {
    "hash": "fe4d040aa4635688c45f1058ba649efecc5043fe"
  },
  "Build Helpers.gcode": {
    "hash": "020a1bbd0fff29080d44ef65629d963559ca3708",
    "analysis": {
      "analysisPending": false,
      "estimatedPrintTime": 5890.823797389672,
      "printingArea": {
        "maxX": 176.1300048828125,
        "maxY": 145.10800170898438,
        "maxZ": 12.0,
        "minX": 60.0,
        "minY": -3.0,
        "minZ": 0.0
      },
      "dimensions": {
        "width": 116.1300048828125,
        "depth": 148.10800170898438,
        "height": 12.0
      },
      "filament": {
        "tool0": {
          "length": 8456.59842594713,
          "volume": 20.340502921506424
        }
      },
      "firstFilament": 0.00780923243941737,
      "lastFilament": 0.9972738357091065,
      "progress": [
        [
          0,
          5890.823797389672
        ],
        [
          0.00780923243941737,
          5890.388679510957
        ],
        [
          0.008910550679374107,
          5827.127913926952
        ],
        [
          0.010352897808807103,
          5827.127913926952
        ],
        [
          0.010443028680858734,
          5763.867148342944
        ],
        [
          0.011411429202200004,
          5763.867148342944
        ],
        [
          0.011574474937034979,
          5700.606382758939
        ],
        [
          0.012405147384229933,
          5700.606382758939
        ],
        [
          0.012527431685356165,
          5637.345617174931
        ],
        [
          0.013612546622472159,
          5637.345617174931
        ],
        [
          0.014250804848433293,
          5574.084851590926
        ],
        [
          0.015038437272457525,
          5574.084851590926
        ],
        [
          0.015135910266108868,
          5510.824086006918
        ],
        [
          0.015350857205355596,
          5510.824086006918
        ],
        [
          0.015506054465377086,
          5447.5633204229125
        ],
        [
          0.016193175776467335,
          5447.5633204229125
        ],
        [
          0.0178137592371485,
          5384.302554838905
        ],
        [
          0.020109564708396248,
          5384.302554838905
        ],
        [
          0.022177511233446048,
          5321.041789254899
        ],
        [
          0.024254572116343767,
          5321.041789254899
        ],
        [
          0.02662278609716108,
          5257.781023670894
        ],
        [
          0.028484393687598294,
          5257.781023670894
        ],
        [
          0.03091463593710283,
          5194.520258086886
        ],
        [
          0.032583829306306225,
          5194.520258086886
        ],
        [
          0.03471912080878786,
          5131.259492502881
        ],
        [
          0.03586297271870155,
          5131.259492502881
        ],
        [
          0.03891678895096779,
          5067.998726918873
        ],
        [
          0.03989506335997764,
          5067.998726918873
        ],
        [
          0.043821073002968246,
          5004.737961334868
        ],
        [
          0.04438742907257358,
          5004.737961334868
        ],
        [
          0.048307362476998905,
          4941.47719575086
        ],
        [
          0.04852205623963875,
          4941.47719575086
        ],
        [
          0.051950573850097166,
          4878.2164301668545
        ],
        [
          0.05198146139613734,
          4878.2164301668545
        ],
        [
          0.06169508827255576,
          4878.2164301668545
        ],
        [
          0.06200067243706789,
          4814.955664582847
        ],
        [
          0.07373161051715879,
          4814.955664582847
        ],
        [
          0.07562765012613258,
          4751.694898998841
        ],
        [
          0.08454756833996149,
          4751.694898998841
        ],
        [
          0.08634385636582197,
          4688.434133414836
        ],
        [
          0.0998414608087676,
          4688.434133414836
        ],
        [
          0.10228891906754042,
          4625.173367830828
        ],
        [
          0.11283195250811938,
          4625.173367830828
        ],
        [
          0.11794510726080128,
          4561.912602246823
        ],
        [
          0.12638019227244232,
          4561.912602246823
        ],
        [
          0.1318169067287253,
          4498.651836662815
        ],
        [
          0.14019249523774802,
          4498.651836662815
        ],
        [
          0.14627329098195052,
          4435.39107107881
        ],
        [
          0.15348578615893618,
          4435.39107107881
        ],
        [
          0.15984051899179,
          4372.130305494802
        ],
        [
          0.1687510696711641,
          4372.130305494802
        ],
        [
          0.1771438741894551,
          4308.869539910796
        ],
        [
          0.17994198204876585,
          4308.869539910796
        ],
        [
          0.18668103697087354,
          4245.608774326789
        ],
        [
          0.1911090958253203,
          4245.608774326789
        ],
        [
          0.19954240860071315,
          4182.348008742783
        ],
        [
          0.2023992534328216,
          4182.348008742783
        ],
        [
          0.21192882091603346,
          4119.087243158776
        ],
        [
          0.21702045565713002,
          4119.087243158776
        ],
        [
          0.22660394975760872,
          4055.8264775747703
        ],
        [
          0.22834352622352658,
          4055.8264775747703
        ],
        [
          0.24197531426812213,
          3992.5657119907637
        ],
        [
          0.24419263499123503,
          3992.5657119907637
        ],
        [
          0.25583825255480513,
          3929.3049464067576
        ],
        [
          0.2561190254118424,
          3929.3049464067576
        ],
        [
          0.2704911018549744,
          3929.3049464067576
        ],
        [
          0.2710273299083602,
          3866.044180822751
        ],
        [
          0.28287574193404647,
          3866.044180822751
        ],
        [
          0.28355855924281964,
          3802.7834152387445
        ],
        [
          0.2968085569642302,
          3802.7834152387445
        ],
        [
          0.2975627700761454,
          3739.522649654738
        ],
        [
          0.30687485885404164,
          3739.522649654738
        ],
        [
          0.31055731260120734,
          3676.2618840707314
        ],
        [
          0.3216294851501793,
          3676.2618840707314
        ],
        [
          0.32389085860289046,
          3613.0011184867253
        ],
        [
          0.3328378667136562,
          3613.0011184867253
        ],
        [
          0.3407493825022558,
          3549.7403529027188
        ],
        [
          0.3497508235835022,
          3549.7403529027188
        ],
        [
          0.353187442845381,
          3486.479587318712
        ],
        [
          0.363058292394676,
          3486.479587318712
        ],
        [
          0.37205998665252926,
          3423.2188217347057
        ],
        [
          0.37770430592645926,
          3423.2188217347057
        ],
        [
          0.3846861572145712,
          3359.958056150699
        ],
        [
          0.3917386447760045,
          3359.958056150699
        ],
        [
          0.40136138125055065,
          3296.697290566693
        ],
        [
          0.4059256491195024,
          3296.697290566693
        ],
        [
          0.41388805340608614,
          3233.4365249826865
        ],
        [
          0.41893538224097754,
