{
  "Bill cipher_PET.gcode": {
    "analysis": {
      "analysisPending": false,
      "estimatedPrintTime": 3348.9871052758645,
      "printingArea": {
        "maxX": 161.47900390625,
        "maxY": 147.3769989013672,
        "maxZ": 9.0,
        "minX": 60.0,
        "minY": -3.0,
        "minZ": 0.0
      },
      "dimensions": {
        "width": 101.47900390625,
        "depth": 150.3769989013672,
        "height": 9.0
      },
      "filament": {
        "tool0": {
          "length": 3319.736316697672,
          "volume": 7.984901593675619
        }
      },
      "firstFilament": 0.03501887720340763,
      "lastFilament": 0.98898488286913,
      "progress": [
        [
          0,
          3348.9871052758645
        ],
        [
          0.03501887720340763,
          3348.6811614322723
        ],
        [
          0.03591022954884252,
          3348.6811614322723
        ],
        [
          0.04071789722809911,
          3283.1466477223316
        ],
        [
          0.042476269024481456,
          3217.6121340123914
        ],
        [
          0.044504864017540176,
          3152.077620302451
        ],
        [
          0.04771296405391145,
          3086.543106592511
        ],
        [
          0.053121270023410806,
          3021.0085928825706
        ],
        [
          0.06423884144685953,
          2955.4740791726304
        ],
        [
          0.07689322725898909,
          2889.93956546269
        ],
        [
          0.08933117837804609,
          2824.4050517527494
        ],
        [
          0.10929183592969587,
          2758.870538042809
        ],
        [
          0.12187962645164926,
          2693.336024332869
        ],
        [
          0.13529217402886137,
          2627.8015106229286
        ],
        [
          0.1515939326567935,
          2562.2669969129884
        ],
        [
          0.16844766378599346,
          2496.732483203048
        ],
        [
          0.18044634212561922,
          2431.197969493108
        ],
        [
          0.19183797878171602,
          2365.663455783167
        ],
        [
          0.20459353820776707,
          2300.128942073227
        ],
        [
          0.2295385970933717,
          2234.5944283632866
        ],
        [
          0.25134599326875295,
          2169.059914653346
        ],
        [
          0.2806876219846421,
          2103.5254009434057
        ],
        [
          0.3074794194939782,
          2037.9908872334656
        ],
        [
          0.32799589158286757,
          1972.4563735235254
        ],
        [
          0.35693794855769967,
          1906.9218598135851
        ],
        [
          0.38564564133825796,
          1841.3873461036446
        ],
        [
          0.40503895824475306,
          1775.8528323937044
        ],
        [
          0.4334367267902607,
          1710.3183186837641
        ],
        [
          0.4623646962998632,
          1644.7838049738236
        ],
        [
          0.4837328196958132,
          1579.2492912638834
        ],
        [
          0.5092157636174561,
          1513.7147775539431
        ],
        [
          0.5381911182373763,
          1448.1802638440029
        ],
        [
          0.5599229543719808,
          1382.6457501340624
        ],
        [
          0.58511134220246,
          1317.1112364241221
        ],
        [
          0.6134220245992756,
          1251.5767227141819
        ],
        [
          0.6361348605853214,
          1186.0422090042414
        ],
        [
          0.6603717041734756,
          1120.5076952943011
        ],
        [
          0.6901103432731073,
          1054.9731815843609
        ],
        [
          0.7142485746046545,
          989.4386678744205
        ],
        [
          0.7390322679794477,
          923.9041541644801
        ],
        [
          0.7690321655251551,
          858.3696404545399
        ],
        [
          0.7936327218519638,
          792.8351267445995
        ],
        [
          0.8177402168957374,
          727.3006130346592
        ],
        [
          0.8468257098801797,
          661.7660993247189
        ],
        [
          0.8611321711601412,
          596.2315856147785
        ],
        [
          0.8754411937974171,
          530.6970719048383
        ],
        [
          0.8894646250941299,
          465.1625581948979
        ],
        [
          0.903698087690629,
          399.6280444849575
        ],
        [
          0.9179943035413326,
          334.0935307750172
        ],
        [
          0.9323737635047564,
          268.5590170650769
        ],
        [
          0.946434334482529,
          203.02450335513657
        ],
        [
          0.960776654764893,
          137.48998964519626
        ],
        [
          0.9750895194381407,
          71.95547593525595
        ],
        [
          1,
          0
        ]
      ],
      "analysisPrintTime": 3084.0,
      "analysisFirstFilamentPrintTime": 24.0,
      "analysisLastFilamentPrintTime": 3082.3228812040857,
      "compensatedPrintTime": 3348.9871052758645
    }
  },
  "grunklestan_v2.stl": {},
  "Dipper_v6.stl": {},
  "Mabel_v5.stl": {},
  "sixfingerstan_v3.stl": {},
  "Waddles_v3.stl": {},
  "Soos2_v6.stl": {}
}