{
  "Lever.stl": {
    "hash": "21ccc67e3412d1732f33050060ea25242b104bcf"
  },
  "Lever_PETG.gcode": {
    "hash": "8a5af2d3e86ff1ce51f1793796c7b6a9755fca59",
    "analysis": {
      "analysisPending": false,
      "estimatedPrintTime": 2113.5504090018994,
      "printingArea": {
        "maxX": 136.25399780273438,
        "maxY": 116.25299835205078,
        "maxZ": 16.600000381469727,
        "minX": 60.0,
        "minY": -3.0,
        "minZ": 0.0
      },
      "dimensions": {
        "width": 76.25399780273438,
        "depth": 119.25299835205078,
        "height": 16.600000381469727
      },
      "filament": {
        "tool0": {
          "length": 912.4121166528203,
          "volume": 6.449461206126331
        }
      },
      "firstFilament": 0.01809317304816579,
      "lastFilament": 0.9914808992698174,
      "progress": [
        [
          0,
          2113.5504090018994
        ],
        [
          0.01809317304816579,
          1731.2690745239106
        ],
        [
          0.05022558338013991,
          1670.9620874335183
        ],
        [
          0.08806505263004326,
          1610.114225230551
        ],
        [
          0.12255997928353114,
          1549.7995652117756
        ],
        [
          0.15799954773906003,
          1489.4811101040125
        ],
        [
          0.19379016551291497,
          1428.9340993166736
        ],
        [
          0.22976497020183967,
          1368.569460638858
        ],
        [
          0.2651397996921708,
          1308.2197138508018
        ],
        [
          0.3006550489098323,
          1247.8817184367165
        ],
        [
          0.3346265929432704,
          1187.386739279739
        ],
        [
          0.3715888948055643,
          1127.019046427822
        ],
        [
          0.40415259430005324,
          1066.6817274762698
        ],
        [
          0.4389566267169503,
          1006.350004948073
        ],
        [
          0.47128963665939644,
          946.0291109097833
        ],
        [
          0.5024856115370306,
          885.6984084540485
        ],
        [
          0.5350192210899488,
          825.3484714625286
        ],
        [
          0.5677379293743481,
          765.0179692159576
        ],
        [
          0.6020240500696628,
          704.6814053884179
        ],
        [
          0.6402875139507911,
          644.3602795481879
        ],
        [
          0.6711789421470723,
          584.0491498470528
        ],
        [
          0.7072403693950645,
          523.6923728548903
        ],
        [
          0.7432379694942701,
          463.3791748646012
        ],
        [
          0.7794854072901546,
          402.86883835848914
        ],
        [
          0.8153161449861039,
          342.4438044048019
        ],
        [
          0.8555773986242514,
          282.00621366921666
        ],
        [
          0.8976467842058808,
          221.09625966586054
        ],
        [
          0.9302706635835114,
          160.77932386467623
        ],
        [
          0.9588287535834384,
          100.46771264673619
        ],
        [
          0.9807752627854898,
          40.13176443603239
        ],
        [
          0.9914808992698174,
          6.952755169803277
        ],
        [
          1,
          0
        ]
      ],
      "analysisPrintTime": 1730.5758919543243,
      "analysisFirstFilamentPrintTime": 9.275442806155525,
      "analysisLastFilamentPrintTime": 1724.8548006659275,
      "compensatedPrintTime": 2113.5504090018994
    },
    "thumbnail": "plugin/prusaslicerthumbnails/thumbnail/Scooter/Lever_PETG.png?20201010192636",
    "thumbnail_src": "prusaslicerthumbnails",
    "history": [
      {
        "timestamp": 1602356496.6033337,
        "printTime": 2086.619699208997,
        "success": true,
        "printerProfile": "_default"
      }
    ],
    "statistics": {
      "averagePrintTime": {
        "_default": 2086.619699208997
      },
      "lastPrintTime": {
        "_default": 2086.619699208997
      }
    }
  },
  "Lever.3mf": {}
}