{
  "Center_drill_jig_3mm.stl": {},
  "8x_Center_drill_jig_3mm_PET.gcode": {
    "analysis": {
      "analysisPending": false,
      "estimatedPrintTime": 9642.132240842204,
      "printingArea": {
        "maxX": 170.4010009765625,
        "maxY": 136.31900024414062,
        "maxZ": 20.0,
        "minX": 60.0,
        "minY": -3.0,
        "minZ": 0.0
      },
      "dimensions": {
        "width": 110.4010009765625,
        "depth": 139.31900024414062,
        "height": 20.0
      },
      "filament": {
        "tool0": {
          "length": 8789.891938727349,
          "volume": 21.142167766986645
        }
      },
      "firstFilament": 0.0033533634324564533,
      "lastFilament": 0.9988949509831474,
      "progress": [
        [
          0,
          9642.132240842204
        ],
        [
          0.0033533634324564533,
          9641.826296998612
        ],
        [
          0.003439846608376758,
          9641.826296998612
        ],
        [
          0.005019622499075921,
          9576.29178328867
        ],
        [
          0.006695807898656111,
          9510.757269578731
        ],
        [
          0.00903755392325282,
          9445.22275586879
        ],
        [
          0.011000610345397923,
          9379.68824215885
        ],
        [
          0.012710669356206582,
          9314.15372844891
        ],
        [
          0.014460433698858136,
          9248.61921473897
        ],
        [
          0.016140341473298597,
          9183.084701029029
        ],
        [
          0.02080633836064874,
          9117.55018731909
        ],
        [
          0.026218051011673245,
          9052.015673609149
        ],
        [
          0.030896952131872327,
          8986.48115989921
        ],
        [
          0.03580738496838028,
          8920.946646189268
        ],
        [
          0.04076198998656347,
          8855.412132479327
        ],
        [
          0.04592554431356988,
          8789.877618769387
        ],
        [
          0.051195310403256034,
          8724.343105059446
        ],
        [
          0.05666298275634662,
          8658.808591349507
        ],
        [
          0.06312912012612398,
          8593.274077639566
        ],
        [
          0.06934399719283305,
          8527.739563929626
        ],
        [
          0.07538392264110934,
          8462.205050219685
        ],
        [
          0.08185589173150114,
          8396.670536509746
        ],
        [
          0.08803974900770792,
          8331.136022799805
        ],
        [
          0.09434867807921983,
          8265.601509089865
        ],
        [
          0.10055375289213017,
          8200.066995379924
        ],
        [
          0.10659467097370254,
          8134.532481669983
        ],
        [
          0.11299914099996142,
          8068.997967960043
        ],
        [
          0.11903422736091936,
          8003.463454250103
        ],
        [
          0.12521535489556196,
          7937.928940540162
        ],
        [
          0.13142415208333255,
          7872.394426830222
        ],
        [
          0.13782341078478705,
          7806.859913120282
        ],
        [
          0.14385266542513056,
          7741.325399410342
        ],
        [
          0.1501645723965307,
          7675.790885700401
        ],
        [
          0.15636058943061437,
          7610.25637199046
        ],
        [
          0.16243513296509118,
          7544.72185828052
        ],
        [
          0.1687686297106809,
          7479.18734457058
        ],
        [
          0.17486960210666563,
          7413.652830860639
        ],
        [
          0.18096089632801368,
          7348.118317150699
        ],
        [
          0.18707092650282509,
          7282.583803440759
        ],
        [
          0.19344499713439176,
          7217.049289730819
        ],
        [
          0.19973829223149053,
          7151.514776020878
        ],
        [
          0.20597761289311536,
          7085.980262310938
        ],
        [
          0.21203701876982708,
          7020.445748600998
        ],
        [
          0.21809977478391304,
          6954.911234891058
        ],
        [
          0.22419876191330565,
          6889.376721181117
        ],
        [
          0.23035941638621674,
          6823.842207471177
        ],
        [
          0.23674254479661005,
          6758.307693761237
        ],
        [
          0.24316885275538253,
          6692.773180051296
        ],
        [
          0.24938186863466144,
          6627.238666341355
        ],
        [
          0.25565394619505666,
          6561.704152631415
        ],
        [
          0.26204042474282424,
          6496.169638921475
        ],
        [
          0.2684941541964007,
          6430.635125211535
        ],
        [
          0.27478571218523135,
          6365.100611501594
        ],
        [
          0.2807539198778664,
          6299.566097791654
        ],
        [
          0.2871585139832873,
          6234.031584081714
        ],
        [
          0.29336073497547144,
          6168.497070371774
        ],
        [
          0.29945575157167975,
          6102.962556661833
        ],
        [
          0.3056011443076637,
          6037.428042951893
        ],
        [
          0.3117110504033131,
          5971.893529241953
        ],
        [
          0.3175713092250003,
          5906.359015532013
        ],
        [
          0.3236905212578004,
          5840.824501822072
        ],
        [
          0.32990961701601773,
          5775.289988112131
        ],
        [
          0.33583737490183785,
          5709.755474402191
        ],
        [
          0.3420423256355862,
          5644.220960692251
        ],
        [
          0.3483410802158134,
          5578.68644698231
        ],
        [
          0.3544248056082789,
          5513.15193327237
        ],
        [
          0.361025320710512,
          5447.61741956243
        ],
        [
          0.36713770838940163,
          5382.08290585249
        ],
        [
          0.3737372308583387,
          5316.548392142549
        ],
        [
          0.3800730851080066,
          5251.013878432609
        ],
        [
          0.38710365858576307,
          5185.479364722669
        ],
        [
          0.3942229486643561,
          5119.944851012729
        ],
        [
          0.4012331731595431,
          5054.410337302788
        ],
        [
          0.4083405516385832,
          4923.341309882907
        ],
        [
          0.41525052017086694,
          4857.806796172967
        ],
        [
          0.41841801301863385,
          4792.272282463026
        ],
        [
          0.42134181439221496,
          4726.737768753086
        ],
        [
          0.4235794579998861,
          4661.203255043146
        ],
        [
          0.4264559852127418,
          4595.668741333206
        ],
        [
          0.4292068202344823,
          4530.134227623265
        ],
        [
          0.4346127011648924,
          4464.599713913325
        ],
        [
          0.4398267557108365,
          4399.065200203385
        ],
        [
          0.4450064403289041,
          4333.530686493445
        ],
        [
          0.4502235968538984,
          4267.996172783504
        ],
        [
          0.45545043155352943,
          4202.461659073564
        ],
        [
          0.4605789955568493,
          4136.927145363624
        ],
        [
          0.4659510028760309,
          4071.392631653683
        ],
        [
          0.4710638088257756,
          4005.858117943743
        ],
        [
          0.47599322577407094,
          3940.3236042338026
        ],
        [
          0.4808374003380661,
          3874.7890905238623
        ],
        [
          0.4871148133024277,
          3809.2545768139216
        ],
        [
