{
    "8x_Center_drill_jig_3mm_PET.gcode": {
        "hash": "9ce4f59327be470a6968f26aae0161950ade95c0",
        "thumbnail": "/plugin/prusaslicerthumbnails/thumbnail/Drill_Jigs/8x_Center_drill_jig_3mm_PET.png?20200422232428",
        "analysis": {
            "lastFilament": 0.9988949509831474,
            "printingArea": {
                "maxZ": 20.0,
                "maxX": 170.4010009765625,
                "maxY": 136.31900024414062,
                "minX": 60.0,
                "minY": -3.0,
                "minZ": 0.0
            },
            "dimensions": {
                "width": 110.4010009765625,
                "depth": 139.31900024414062,
                "height": 20.0
            },
            "compensatedPrintTime": 9133.768728637107,
            "analysisPending": false,
            "analysisPrintTime": 8698.253310609141,
            "analysisLastFilamentPrintTime": 8691.57489118872,
            "firstFilament": 0.00344418937904707,
            "progress": [
                [
                    0,
                    9133.768728637107
                ],
                [
                    0.00344418937904707,
                    8831.533854852307
                ],
                [
                    0.00506131309751096,
                    8770.680311033131
                ],
                [
                    0.0070948464836772,
                    8709.194827026216
                ],
                [
                    0.00926201312732718,
                    8648.348539193961
                ],
                [
                    0.01105272359344172,
                    8587.45594083206
                ],
                [
                    0.01284467485117635,
                    8526.200587384279
                ],
                [
                    0.01452631973388494,
                    8465.00186816851
                ],
                [
                    0.01636194685664675,
                    8403.544575512677
                ],
                [
                    0.02169871569381779,
                    8342.69258102073
                ],
                [
                    0.02655306474909766,
                    8281.844199784944
                ],
                [
                    0.03127688252594402,
                    8220.958869030994
                ],
                [
                    0.03627640420077448,
                    8160.056654952197
                ],
                [
                    0.04173464653755237,
                    8099.200874402241
                ],
                [
                    0.04667237678970233,
                    8038.359928077554
                ],
                [
                    0.05166271660654411,
                    7977.481008483857
                ],
                [
                    0.05778813259744464,
                    7916.642125515291
                ],
                [
                    0.06425116798817178,
                    7855.623770607365
                ],
                [
                    0.07057846077566103,
                    7794.755630538342
                ],
                [
                    0.07686158138147506,
                    7733.871181019591
                ],
                [
                    0.08315438016192579,
                    7672.923240115969
                ],
                [
                    0.08933985046723869,
                    7612.054557603029
                ],
                [
                    0.09589644154612066,
                    7551.201418774468
                ],
                [
                    0.10193165198624062,
                    7490.356352913843
                ],
                [
                    0.10843017401730234,
                    7429.4795160236545
                ],
                [
                    0.11452767219675083,
                    7368.6151864773265
                ],
                [
                    0.12087829186669778,
                    7307.763140619376
                ],
                [
                    0.12702194749441365,
                    7246.9214928504725
                ],
                [
                    0.1335414389038549,
                    7186.043550718518
                ],
                [
                    0.13970817325570445,
                    7125.201616153827
                ],
                [
                    0.14592937835967595,
                    7064.34537923187
                ],
                [
                    0.15234203761062742,
                    7003.489685535914
                ],
                [
                    0.15855430901493428,
                    6942.598632630123
                ],
                [
                    0.16467761566008066,
                    6881.739697884314
                ],
                [
                    0.17089323720176178,
                    6820.853504847372
                ],
                [
                    0.17730912251092548,
                    6760.0098425219985
                ],
                [
                    0.1836115994660129,
                    6698.909948095399
                ],
                [
                    0.18989124585529069,
                    6637.862503702269
                ],
                [
                    0.1960205083002135,
                    6576.98413276617
                ],
                [
                    0.20220113951820806,
                    6515.980854413091
                ],
                [
                    0.20866032845491292,
                    6454.9201011564255
                ],
                [
                    0.21498613229245805,
                    6393.834526986524
                ],
                [
                    0.22106402596430913,
                    6332.933137793597
                ],
                [
                    0.2271972589424162,
                    6272.075921932043
                ],
                [
                    0.23357257036560297,
                    6211.186852428331
                ],
                [
                    0.24006513659688827,
                    6150.336829085055
                ],
                [
                    0.24630830371253537,
                    6089.352874258877
                ],
                [
                    0.25256698072343364,
                    6028.497475073737
                ],
                [
                    0.25900929489410524,
                    5967.656859150784
                ],
                [
                    0.2654641410601398,
                    5906.769627028611
                ],
                [
                    0.2718854858524319,
                    5845.898517096811
                ],
                [
                    0.27830360458651177,
                    5784.956551889053
                ],
                [
                    0.28462853986992287,
                    5724.004273327252
                ],
                [
                    0.2906639984683668,
                    5663.098008525265
                ],
                [
                    0.29705544018261476,
                    5602.256215932734
                ],
                [
                    0.30323383797569314,
                    5541.409784826225
                ],
                [
                    0.30944722609245806,
                    5480.553281843894
                ],
                [
                    0.3153424752378318,
                    5419.652483115685
                ],
                [
                    0.3216385000764948,
                    5358.813642597838
                ],
                [
                    0.32775485828856865,
                    5297.928934347108
                ],
                [
                    0.33367467510802024,
