{
  "Gingerbread_man_fortnite_PET.gcode": {
    "analysis": {
      "analysisPending": false,
      "estimatedPrintTime": 9636.003293199043,
      "printingArea": {
        "maxX": 171.23899841308594,
        "maxY": 161.4770050048828,
        "maxZ": 11.0,
        "minX": 60.0,
        "minY": -3.0,
        "minZ": 0.0
      },
      "dimensions": {
        "width": 111.23899841308594,
        "depth": 164.4770050048828,
        "height": 11.0
      },
      "filament": {
        "tool0": {
          "length": 6273.889908336103,
          "volume": 15.090473684805191
        }
      },
      "firstFilament": 0.006523108605596596,
      "lastFilament": 0.9985202518089075,
      "progress": [
        [
          0,
          9636.003293199043
        ],
        [
          0.006523108605596596,
          9635.63229548106
        ],
        [
          0.006640072144856239,
          9635.63229548106
        ],
        [
          0.009782145759056452,
          9558.591279915712
        ],
        [
          0.01611025919590168,
          9481.550264350364
        ],
        [
          0.021275449638386325,
          9404.509248785014
        ],
        [
          0.02387079841627676,
          9327.468233219666
        ],
        [
          0.02451216806771199,
          9250.427217654318
        ],
        [
          0.025339806770191986,
          9173.38620208897
        ],
        [
          0.027810640560807447,
          9096.34518652362
        ],
        [
          0.030377965076063218,
          9019.304170958272
        ],
        [
          0.03234335527951936,
          8942.263155392924
        ],
        [
          0.04121815260704513,
          8865.222139827574
        ],
        [
          0.04914314558419848,
          8788.181124262226
        ],
        [
          0.054289876931534545,
          8711.140108696878
        ],
        [
          0.05697601089556482,
          8634.099093131528
        ],
        [
          0.06110866667942022,
          8557.05807756618
        ],
        [
          0.07207185890807404,
          8480.017062000832
        ],
        [
          0.07470865674507084,
          8402.976046435484
        ],
        [
          0.07831002620855891,
          8325.935030870134
        ],
        [
          0.08319413497491744,
          8248.894015304786
        ],
        [
          0.09340218240203842,
          8171.852999739437
        ],
        [
          0.10019177321759816,
          8094.811984174089
        ],
        [
          0.10531702489057952,
          8017.77096860874
        ],
        [
          0.1076240761642403,
          7940.729953043391
        ],
        [
          0.1138961410758162,
          7863.688937478043
        ],
        [
          0.12320925800814281,
          7786.647921912694
        ],
        [
          0.1292975710180124,
          7709.606906347346
        ],
        [
          0.13854540987749536,
          7632.565890781997
        ],
        [
          0.14459109915856733,
          7555.524875216648
        ],
        [
          0.14553972883924846,
          7478.4838596513
        ],
        [
          0.1497418579448449,
          7401.442844085951
        ],
        [
          0.15308765284550307,
          7324.401828520602
        ],
        [
          0.1630602629045017,
          7247.360812955254
        ],
        [
          0.16793933737218336,
          7170.319797389905
        ],
        [
          0.17244755183733443,
          7093.278781824557
        ],
        [
          0.1786321877618884,
          7016.237766259208
        ],
        [
          0.189610315076617,
          6939.196750693859
        ],
        [
          0.19293513373278814,
          6862.155735128511
        ],
        [
          0.1977175496658736,
          6785.114719563162
        ],
        [
          0.20554336695909228,
          6708.073703997814
        ],
        [
          0.21541797600384754,
          6631.032688432465
        ],
        [
          0.22028513596466057,
          6553.991672867116
        ],
        [
          0.22258799198942394,
          6476.950657301768
        ],
        [
          0.232136378479917,
          6399.909641736419
        ],
        [
          0.23917617393971796,
          6322.86862617107
        ],
        [
          0.24168963145913105,
          6245.827610605722
        ],
        [
          0.24857420270972805,
          6168.786595040373
        ],
        [
          0.2576659783102276,
          6091.745579475025
        ],
        [
          0.2678226758908443,
          6014.704563909676
        ],
        [
          0.2739336432447599,
          5937.663548344327
        ],
        [
          0.27921697189619543,
          5860.622532778979
        ],
        [
          0.283800365221588,
          5783.58151721363
        ],
        [
          0.29393692560749723,
          5706.540501648282
        ],
        [
          0.30346584614310634,
          5629.499486082933
        ],
        [
          0.3084538292721646,
          5552.458470517584
        ],
        [
          0.31607894585813145,
          5475.417454952236
        ],
        [
          0.3269797127831919,
          5398.376439386887
        ],
        [
          0.333374278962572,
          5321.335423821539
        ],
        [
          0.3394120811757168,
          5244.294408256191
        ],
        [
          0.3484452911016086,
          5167.253392690842
        ],
        [
          0.35921231349181976,
          5090.212377125493
        ],
        [
          0.3648458615212107,
          5013.171361560145
        ],
        [
          0.3719566405923557,
          4936.130345994796
        ],
        [
          0.38224641146799815,
          4859.089330429447
        ],
        [
          0.3903471014689748,
          4782.048314864099
        ],
        [
          0.3956547625640153,
          4705.00729929875
        ],
        [
          0.4032476596384501,
          4627.966283733402
        ],
        [
          0.41488225950064456,
          4550.925268168053
        ],
        [
          0.4243281141080851,
          4473.884252602704
        ],
        [
          0.4343735536879426,
          4396.843237037356
        ],
        [
          0.444462959476245,
          4319.802221472007
        ],
        [
          0.45439428828609313,
          4242.761205906659
        ],
        [
          0.46494634612280134,
          4165.72019034131
        ],
        [
          0.47417941770616545,
          4088.679174775961
        ],
        [
          0.48427654275243903,
          4011.6381592106127
        ],
        [
          0.4934550761001369,
          3934.5971436452637
        ],
        [
          0.5034095626838987,
          3857.556128079915
        ],
        [
          0.51282185530016,
          3780.5151125145667
        ],
        [
          0.5228406130970301,
          3703.474096949218
        ],
        [
          0.5322732107179547,
          3626.433081383869
        ],
        [
          0.5421553712107253,
          3549.3920658185207
        ],
        [
          0.551950102716474,
          3472.351050253172
        ],
        [
          0.5614155910887544,
          3395.3100346878236
        ],
        [
          0.5713900470572678,
          3318.269019122475
        ],
        [
          0.5806754753468716,
          3241.228003557126
        ],
        [
          0.5908486183031662,
          3164.1869879917776
        ],
        [
          0.600109546339209,
          3087.145972426429
        ],
        [
          0.6102054967157914,
          3010.1049568610806
        ],
        [
          0.6196701460382922,
          2933.0639412957316
        ],
        [
          0.6297325344236953,
          2856.022925730383
        ],
        [
          0.6390709906593622,
          2778.9819101650346
        ],
