{
  "z_leadscrew_cap.stl": {},
  "Z-leadscrew-cap.gcode": {
    "analysis": {
      "analysisPending": false,
      "estimatedPrintTime": 545.8726100129063,
      "printingArea": {
        "maxX": 140.88800048828125,
        "maxY": 120.79000091552734,
        "maxZ": 4.599999904632568,
        "minX": 60.0,
        "minY": -3.0,
        "minZ": 0.0
      },
      "dimensions": {
        "width": 80.88800048828125,
        "depth": 123.79000091552734,
        "height": 4.599999904632568
      },
      "filament": {
        "tool0": {
          "length": 298.64085628674366,
          "volume": 0.7183154388818399
        }
      },
      "firstFilament": 0.034919185490590345,
      "lastFilament": 0.9837709953236116,
      "progress": [
        [
          0,
          545.8726100129063
        ],
        [
          0.034919185490590345,
          545.5016122949239
        ],
        [
          0.036002963864830546,
          545.5016122949239
        ],
        [
          0.03678697375257878,
          545.5016122949239
        ],
        [
          0.03874699847194936,
          545.5016122949239
        ],
        [
          0.041549449502076855,
          545.5016122949239
        ],
        [
          0.049747733289059834,
          545.5016122949239
        ],
        [
          0.07269770116002718,
          545.5016122949239
        ],
        [
          0.08107123421603624,
          545.5016122949239
        ],
        [
          0.09801045961426713,
          468.46059672957534
        ],
        [
          0.10440859520800859,
          468.46059672957534
        ],
        [
          0.11137859683751933,
          468.46059672957534
        ],
        [
          0.12192891028774701,
          468.46059672957534
        ],
        [
          0.1301471786404961,
          468.46059672957534
        ],
        [
          0.14149533744707934,
          468.46059672957534
        ],
        [
          0.14964904027966094,
          468.46059672957534
        ],
        [
          0.1557950628898912,
          468.46059672957534
        ],
        [
          0.16670509852390922,
          468.46059672957534
        ],
        [
          0.17575042044451825,
          468.46059672957534
        ],
        [
          0.1868710626562255,
          468.46059672957534
        ],
        [
          0.19632376226360565,
          468.46059672957534
        ],
        [
          0.20745823994392024,
          468.46059672957534
        ],
        [
          0.21559964458218422,
          468.46059672957534
        ],
        [
          0.22535364995034604,
          391.4195811642267
        ],
        [
          0.2262129862782897,
          391.4195811642267
        ],
        [
          0.2348878250950804,
          391.4195811642267
        ],
        [
          0.24498003080697678,
          391.4195811642267
        ],
        [
          0.2539884581446329,
          391.4195811642267
        ],
        [
          0.2620652972627294,
          391.4195811642267
        ],
        [
          0.27282314274206687,
          391.4195811642267
        ],
        [
          0.2804910668991025,
          391.4195811642267
        ],
        [
          0.2905848098852886,
          391.4195811642267
        ],
        [
          0.2986109189518249,
          391.4195811642267
        ],
        [
          0.30847868261742467,
          391.4195811642267
        ],
        [
          0.3169967194566658,
          391.4195811642267
        ],
        [
          0.32717962435165454,
          391.4195811642267
        ],
        [
          0.3354747564188888,
          391.4195811642267
        ],
        [
          0.3461818718466661,
          391.4195811642267
        ],
        [
          0.3473840203412134,
          314.3785655988781
        ],
        [
          0.3547075950573557,
          314.3785655988781
        ],
        [
          0.36530402673627443,
          314.3785655988781
        ],
        [
          0.3729212208417499,
          314.3785655988781
        ],
        [
          0.3835068916006407,
          314.3785655988781
        ],
        [
          0.39134391592954365,
          314.3785655988781
        ],
        [
          0.4013208260697123,
          314.3785655988781
        ],
        [
          0.40980811742315937,
          314.3785655988781
        ],
        [
          0.41975120752895456,
          314.3785655988781
        ],
        [
          0.4281047560191975,
          314.3785655988781
        ],
        [
          0.43803554793067506,
          314.3785655988781
        ],
        [
          0.4474329056636259,
          314.3785655988781
        ],
        [
          0.45672419147058735,
          314.3785655988781
        ],
        [
          0.46627988845537754,
          314.3785655988781
        ],
        [
          0.46902392306249635,
          237.33755003352948
        ],
        [
          0.47547432598208766,
          237.33755003352948
        ],
        [
          0.48590473203771856,
          237.33755003352948
        ],
        [
          0.4941475967791029,
          237.33755003352948
        ],
        [
          0.5050361105730651,
          237.33755003352948
        ],
        [
          0.513126785159769,
          237.33755003352948
        ],
        [
          0.524082939022478,
          237.33755003352948
        ],
        [
          0.5366486190665055,
          237.33755003352948
        ],
        [
          0.5478000067640069,
          237.33755003352948
        ],
        [
          0.5603149567564742,
          237.33755003352948
        ],
        [
          0.5716923237745618,
          237.33755003352948
        ],
        [
          0.5846330987452767,
          237.33755003352948
        ],
        [
          0.5959643475346732,
          237.33755003352948
        ],
        [
          0.6083317191953291,
          237.33755003352948
        ],
        [
          0.6150834278757021,
          160.29653446818085
        ],
        [
          0.6207836409419187,
          160.29653446818085
        ],
        [
          0.6326437120869728,
          160.29653446818085
        ],
        [
          0.6447635825869866,
          160.29653446818085
        ],
        [
          0.657449170025611,
          160.29653446818085
        ],
        [
          0.6683976375168715,
          160.29653446818085
        ],
        [
          0.6762561836858303,
          160.29653446818085
        ],
        [
          0.6859732944710393,
          160.29653446818085
        ],
        [
          0.6940793418006401,
          160.29653446818085
        ],
        [
          0.7035089822936748,
          160.29653446818085
        ],
        [
          0.7110231790217402,
          160.29653446818085
        ],
        [
          0.7208586599272562,
          160.29653446818085
        ],
        [
          0.7286157459930945,
          160.29653446818085
        ],
        [
          0.7377179470624226,
          160.29653446818085
        ],
        [
          0.7433090136540702,
          83.25551890283224
        ],
        [
          0.74522138287046,
          83.25551890283224
        ],
        [
          0.7549461800271176,
          83.25551890283224
        ],
        [
          0.7625449268411165,
          83.25551890283224
        ],
        [
          0.7723665722780253,
          83.25551890283224
        ],
        [
          0.7794318849134976,
          83.25551890283224
        ],
        [
          0.7890767438070905,
          83.25551890283224
        ],
        [
          0.7971474338280282,
          83.25551890283224
        ],
        [
          0.8057008279759325,
          83.25551890283224
        ],
        [
          0.8134456158474532,
          83.25551890283224
        ],
        [
          0.8228614208718805,
          83.25551890283224
        ],
