{
  "y_motor_endstop_mount.stl": {},
  "y_motor_mount.stl": {},
  "Motor-Stuff.3mf": {},
  "Motor-Stuff.gcode": {
    "analysis": {
      "analysisPending": false,
      "estimatedPrintTime": 10638.245649073575,
      "printingArea": {
        "maxX": 159.3769989013672,
        "maxY": 146.4770050048828,
        "maxZ": 24.399999618530273,
        "minX": 60.0,
        "minY": -3.0,
        "minZ": 0.0
      },
      "dimensions": {
        "width": 99.37699890136719,
        "depth": 149.4770050048828,
        "height": 24.399999618530273
      },
      "filament": {
        "tool0": {
          "length": 8692.434590688907,
          "volume": 20.907755374124772
        }
      },
      "firstFilament": 0.005197627226103704,
      "lastFilament": 0.998279831731235,
      "progress": [
        [
          0,
          10638.245649073575
        ],
        [
          0.005197627226103704,
          10637.874651355593
        ],
        [
          0.0059916888112212605,
          10560.833635790244
        ],
        [
          0.010421305273125762,
          10560.833635790244
        ],
        [
          0.010469173656563236,
          10483.792620224896
        ],
        [
          0.012468248526785373,
          10406.751604659547
        ],
        [
          0.012821562785490539,
          10406.751604659547
        ],
        [
          0.015708156560874827,
          10329.710589094198
        ],
        [
          0.021148544874411434,
          10329.710589094198
        ],
        [
          0.022418848029442637,
          10252.66957352885
        ],
        [
          0.029489692097206685,
          10175.6285579635
        ],
        [
          0.030744201942056137,
          10175.6285579635
        ],
        [
          0.036244995596597177,
          10098.587542398152
        ],
        [
          0.04017362220871559,
          10098.587542398152
        ],
        [
          0.043399039473669215,
          10021.546526832804
        ],
        [
          0.050340117889733714,
          10021.546526832804
        ],
        [
          0.051036651714038185,
          9944.505511267454
        ],
        [
          0.05729698961597996,
          9867.464495702106
        ],
        [
          0.05972671711950863,
          9867.464495702106
        ],
        [
          0.0657902085058861,
          9790.423480136758
        ],
        [
          0.07225618507545213,
          9790.423480136758
        ],
        [
          0.0747917440389616,
          9713.38246457141
        ],
        [
          0.0835824307402292,
          9636.34144900606
        ],
        [
          0.08409726008862815,
          9636.34144900606
        ],
        [
          0.0924667375791721,
          9559.300433440712
        ],
        [
          0.09755104373428097,
          9559.300433440712
        ],
        [
          0.10138100286217112,
          9482.259417875364
        ],
        [
          0.10892808849984882,
          9482.259417875364
        ],
        [
          0.11077753396742117,
          9405.218402310014
        ],
        [
          0.11869796043238501,
          9328.177386744666
        ],
        [
          0.12087939104903563,
          9328.177386744666
        ],
        [
          0.12661301391553445,
          9251.136371179318
        ],
        [
          0.13215890805379038,
          9251.136371179318
        ],
        [
          0.13535615786862604,
          9174.095355613968
        ],
        [
          0.14325281295950187,
          9174.095355613968
        ],
        [
          0.14332689498148846,
          9097.05434004862
        ],
        [
          0.1505740705433436,
          9020.013324483272
        ],
        [
          0.15365783646955367,
          9020.013324483272
        ],
        [
          0.1571108727822814,
          8942.972308917924
        ],
        [
          0.1635213285397652,
          8942.972308917924
        ],
        [
          0.16620146955937154,
          8865.931293352574
        ],
        [
          0.17452942855407685,
          8788.890277787226
        ],
        [
          0.17574844415542507,
          8788.890277787226
        ],
        [
          0.18249707213195523,
          8711.849262221878
        ],
        [
          0.1884736189035177,
          8711.849262221878
        ],
        [
          0.19296510606510328,
          8634.808246656528
        ],
        [
          0.20096759261595995,
          8634.808246656528
        ],
        [
          0.2018412720225092,
          8557.76723109118
        ],
        [
          0.21056324968360463,
          8480.726215525832
        ],
        [
          0.2134977118424264,
          8480.726215525832
        ],
        [
          0.21914699517620206,
          8403.685199960482
        ],
        [
          0.22561720500416732,
          8403.685199960482
        ],
        [
          0.2284233668699662,
          8326.644184395134
        ],
        [
          0.2373732892140972,
          8249.603168829786
        ],
        [
          0.23785555503634823,
          8249.603168829786
        ],
        [
          0.246097546322023,
          8172.562153264437
        ],
        [
          0.2508339112002411,
          8172.562153264437
        ],
        [
          0.25461681603284747,
          8095.521137699088
        ],
        [
          0.26339252351208703,
          8095.521137699088
        ],
        [
          0.26434028494062284,
          8018.48012213374
        ],
        [
          0.2732418504484242,
          7941.439106568391
        ],
        [
          0.274858955156931,
          7941.439106568391
        ],
        [
          0.2805720630019566,
          7864.398091003042
        ],
        [
          0.2865562622021638,
          7864.398091003042
        ],
        [
          0.2902571069488774,
          7787.357075437694
        ],
        [
          0.2984132933431523,
          7787.357075437694
        ],
        [
          0.2988945822596189,
          7710.316059872345
        ],
        [
          0.3069317489658231,
          7633.275044306997
        ],
        [
          0.31025469399158984,
          7633.275044306997
        ],
        [
          0.31544597133009467,
          7556.234028741648
        ],
        [
          0.3219686084351581,
          7556.234028741648
        ],
        [
          0.32455919975785763,
          7479.193013176299
        ],
        [
          0.33352410132401666,
          7402.151997610951
        ],
        [
          0.33387660149456816,
          7402.151997610951
        ],
        [
          0.340860012494625,
          7325.110982045602
        ],
        [
          0.34619880260658004,
          7325.110982045602
        ],
        [
          0.34994881827777696,
          7248.069966480254
        ],
        [
          0.3584055660183974,
          7248.069966480254
        ],
        [
          0.3592258412420641,
          7171.028950914905
        ],
        [
          0.3681278952027576,
          7093.987935349556
        ],
        [
          0.370451465611044,
          7093.987935349556
        ],
        [
          0.3767951661399245,
          7016.946919784208
        ],
        [
          0.38201803009879287,
          7016.946919784208
        ],
        [
          0.3850951205021426,
          6939.905904218859
        ],
        [
          0.3937674387858624,
          6862.86488865351
        ],
        [
          0.39414289624234816,
          6862.86488865351
        ],
        [
          0.40124695510678315,
          6785.823873088162
        ],
        [
          0.4050790308638729,
          6785.823873088162
        ],
        [
          0.4084767091821491,
          6708.782857522813
        ],
        [
          0.4158346007329073,
          6708.782857522813
        ],
        [
          0.4169163610715419,
