{
  "Dennys_Lamp_Wedge_PET.gcode": {
    "analysis": {
      "analysisPending": false,
      "estimatedPrintTime": 5090.678841326141,
      "printingArea": {
        "maxX": 182.83700561523438,
        "maxY": 117.83699798583984,
        "maxZ": 26.200000762939453,
        "minX": 60.0,
        "minY": -3.0,
        "minZ": 0.0
      },
      "dimensions": {
        "width": 122.83700561523438,
        "depth": 120.83699798583984,
        "height": 26.200000762939453
      },
      "filament": {
        "tool0": {
          "length": 3891.219886405859,
          "volume": 9.359480665986291
        }
      },
      "firstFilament": 0.010551025860848861,
      "lastFilament": 0.9969480591216043,
      "progress": [
        [
          0,
          5090.678841326141
        ],
        [
          0.010551025860848861,
          5090.307843608159
        ],
        [
          0.010796677630406324,
          5090.307843608159
        ],
        [
          0.016265253086618015,
          5013.26682804281
        ],
        [
          0.01807658193915954,
          4936.225812477461
        ],
        [
          0.0197054367042568,
          4859.184796912113
        ],
        [
          0.020729691639969097,
          4782.143781346764
        ],
        [
          0.022411841544726092,
          4705.102765781416
        ],
        [
          0.03074529546860722,
          4628.061750216067
        ],
        [
          0.03980899869021018,
          4551.020734650718
        ],
        [
          0.045280044782035234,
          4473.97971908537
        ],
        [
          0.05510858619994713,
          4396.938703520021
        ],
        [
          0.06384122424935913,
          4319.897687954672
        ],
        [
          0.06977710278444163,
          4242.856672389324
        ],
        [
          0.08617577019418136,
          4165.815656823975
        ],
        [
          0.11038941099694029,
          4088.774641258626
        ],
        [
          0.1372201608101426,
          4011.7336256932776
        ],
        [
          0.1605454316359243,
          3934.692610127929
        ],
        [
          0.1833772812349225,
          3857.6515945625806
        ],
        [
          0.2100767344126717,
          3780.6105789972316
        ],
        [
          0.2351335678554777,
          3703.569563431883
        ],
        [
          0.25808471385980697,
          3626.5285478665346
        ],
        [
          0.2858264223184515,
          3549.487532301186
        ],
        [
          0.30861662405996726,
          3472.4465167358376
        ],
        [
          0.3336565160014245,
          3395.4055011704886
        ],
        [
          0.3633030845179737,
          3318.36448560514
        ],
        [
          0.3892895828472946,
          3241.3234700397916
        ],
        [
          0.41199543003001116,
          3164.282454474443
        ],
        [
          0.43303677470520907,
          3087.241438909094
        ],
        [
          0.4561809832353256,
          3010.2004233437456
        ],
        [
          0.48108110779065527,
          2933.159407778397
        ],
        [
          0.5074325542948647,
          2856.1183922130485
        ],
        [
          0.5141837425823578,
          2779.0773766476996
        ],
        [
          0.5221458952683445,
          2702.036361082351
        ],
        [
          0.529287796930694,
          2624.9953455170025
        ],
        [
          0.5416374455180729,
          2547.954329951654
        ],
        [
          0.5539553287904226,
          2470.9133143863055
        ],
        [
          0.5627659683356281,
          2393.8722988209565
        ],
        [
          0.5747273741837637,
          2316.831283255608
        ],
        [
          0.5847073302699805,
          2239.7902676902595
        ],
        [
          0.598053350905435,
          2162.749252124911
        ],
        [
          0.6180185572970399,
          2085.708236559562
        ],
        [
          0.6369288022817379,
          2008.6672209942135
        ],
        [
          0.655885636395145,
          1931.626205428865
        ],
        [
          0.6715406424852618,
          1854.5851898635165
        ],
        [
          0.6821163747022443,
          1777.5441742981677
        ],
        [
          0.6923088054512104,
          1700.5031587328192
        ],
        [
          0.7021655827047036,
          1623.4621431674705
        ],
        [
          0.7125655468451925,
          1546.421127602122
        ],
        [
          0.7226386811888275,
          1469.3801120367732
        ],
        [
          0.733754070813358,
          1392.3390964714247
        ],
        [
          0.7454553540262008,
          1315.2980809060762
        ],
        [
          0.7576564115288329,
          1238.2570653407276
        ],
        [
          0.7698797047519852,
          1161.216049775379
        ],
        [
          0.7826906563031738,
          1084.1750342100304
        ],
        [
          0.7959339690867013,
          1007.1340186446818
        ],
        [
          0.8092457537715135,
          930.0930030793331
        ],
        [
          0.8222483560567103,
          853.0519875139845
        ],
        [
          0.8363228612501628,
          776.0109719486359
        ],
        [
          0.8516263311872921,
          698.9699563832872
        ],
        [
          0.8671729822583657,
          621.9289408179386
        ],
        [
          0.8837152994816253,
          544.88792525259
        ],
        [
          0.9006938603646164,
          467.8469096872414
        ],
        [
          0.9175298302779218,
          390.8058941218928
        ],
        [
          0.9332067191406141,
          313.76487855654415
        ],
        [
          0.9484039517463688,
          236.72386299119552
        ],
        [
          0.9651340372762442,
          159.6828474258469
        ],
        [
          0.9836295684258416,
          82.64183186049829
        ],
        [
          1,
          0
        ]
      ],
      "analysisPrintTime": 3967.0,
      "analysisFirstFilamentPrintTime": 7.0,
      "analysisLastFilamentPrintTime": 3966.522056890478,
      "compensatedPrintTime": 5090.678841326141
    }
  },
  "Dennys_Lamp_Wedge.stl": {}
}