{
  "Part_Part_Whole_PET.gcode": {
    "hash": "eb40cdc0fb3c99b431e2666f0bdff6064bffd922",
    "analysis": {
      "analysisPending": false,
      "estimatedPrintTime": 2910.251161919987,
      "printingArea": {
        "maxX": 185.21800231933594,
        "maxY": 156.98800659179688,
        "maxZ": 1.0,
        "minX": 60.0,
        "minY": -3.0,
        "minZ": 0.0
      },
      "dimensions": {
        "width": 125.21800231933594,
        "depth": 159.98800659179688,
        "height": 1.0
      },
      "filament": {
        "tool0": {
          "length": 3557.4602662711404,
          "volume": 25.14620483539876
        }
      },
      "firstFilament": 0.05078491225965712,
      "lastFilament": 0.9864404157998907,
      "progress": [
        [
          0,
          2910.251161919987
        ],
        [
          0.05078491225965712,
          2610.128217000036
        ],
        [
          0.0838307758841114,
          2550.354763903755
        ],
        [
          0.1303399445052985,
          2489.6093491112106
        ],
        [
          0.1340822066562075,
          2429.845566359701
        ],
        [
          0.1377944802027861,
          2369.898191754139
        ],
        [
          0.14065286769974777,
          2309.5077118066556
        ],
        [
          0.14753761991495865,
          2249.7390908916964
        ],
        [
          0.1547475117350144,
          2188.683964450961
        ],
        [
          0.1577779391199765,
          2128.702828464336
        ],
        [
          0.16205368275844653,
          2068.352868096086
        ],
        [
          0.1672622298263502,
          2007.4731381733948
        ],
        [
          0.17546332393690398,
          1947.3183962481723
        ],
        [
          0.18528695937648956,
          1886.7210887244405
        ],
        [
          0.19366167172264012,
          1826.5434750637903
        ],
        [
          0.19846458345828585,
          1765.8527010087357
        ],
        [
          0.20105307351627436,
          1704.379144175011
        ],
        [
          0.2031364923434358,
          1643.6310695423754
        ],
        [
          0.20484742113786236,
          1581.9952408295885
        ],
        [
          0.21731005375851914,
          1521.6024927141484
        ],
        [
          0.2289298487627333,
          1461.6309780909337
        ],
        [
          0.24021819077171727,
          1401.8440638933523
        ],
        [
          0.32212653928349333,
          1341.8789926017798
        ],
        [
          0.346264209074236,
          1281.8832918573435
        ],
        [
          0.3691739244350305,
          1222.0962241447482
        ],
        [
          0.38628636907448854,
          1162.332204686582
        ],
        [
          0.41027093914838675,
          1102.1178660364924
        ],
        [
          0.46923169195705633,
          1042.1098718476176
        ],
        [
          0.5192810942368216,
          982.2628710009639
        ],
        [
          0.5468927070870964,
          922.2032363295845
        ],
        [
          0.5697866389719275,
          862.3878601505733
        ],
        [
          0.5845615508212143,
          802.6226485177668
        ],
        [
          0.6217979273139365,
          742.8558154519797
        ],
        [
          0.6921417229873701,
          683.0688306496727
        ],
        [
          0.7164403842329389,
          622.8900287208834
        ],
        [
          0.7421264130156856,
          562.3944459902124
        ],
        [
          0.764441091332662,
          502.6307320375677
        ],
        [
          0.7866863223553997,
          442.83238610061346
        ],
        [
          0.8698715540726103,
          382.15616379556513
        ],
        [
          0.8871797138140138,
          321.3543839191132
        ],
        [
          0.8984001868763554,
          261.32927437644696
        ],
        [
          0.9152853494619413,
          201.2561006830826
        ],
        [
          0.9385612414650853,
          141.16205902959246
        ],
        [
          0.9493082102485266,
          81.3133313260502
        ],
        [
          0.9776790082926383,
          21.102865732884922
        ],
        [
          0.9864404157998907,
          7.4469292037189
        ],
        [
          1,
          0
        ]
      ],
      "analysisPrintTime": 2628.8074546688404,
      "analysisFirstFilamentPrintTime": 9.275442806155752,
      "analysisLastFilamentPrintTime": 2622.2489366727764,
      "compensatedPrintTime": 2910.251161919987
    },
    "thumbnail": "plugin/prusaslicerthumbnails/thumbnail/Stencils/Part_Part_Whole_PET.png?20200911201926",
    "thumbnail_src": "prusaslicerthumbnails",
    "history": [
      {
        "timestamp": 1599854908.7013018,
        "printTime": 2927.67481755279,
        "success": true,
        "printerProfile": "_default"
      }
    ],
    "statistics": {
      "averagePrintTime": {
        "_default": 2927.67481755279
      },
      "lastPrintTime": {
        "_default": 2927.67481755279
      }
    }
  },
  "Part_Part_Whole.stl": {}
}