{
  "Dennys_Lamp_Wedge_PET.gcode": {
    "analysis": {
      "analysisPending": false,
      "estimatedPrintTime": 4333.31460084931,
      "printingArea": {
        "maxX": 182.83700561523438,
        "maxY": 117.83699798583984,
        "maxZ": 26.200000762939453,
        "minX": 60.0,
        "minY": -3.0,
        "minZ": 0.0
      },
      "dimensions": {
        "width": 122.83700561523438,
        "depth": 120.83699798583984,
        "height": 26.200000762939453
      },
      "filament": {
        "tool0": {
          "length": 3891.219886405859,
          "volume": 9.359480665986291
        }
      },
      "firstFilament": 0.010551025860848861,
      "lastFilament": 0.9969480591216043,
      "progress": [
        [
          0,
          4333.31460084931
        ],
        [
          0.010551025860848861,
          4333.008657005718
        ],
        [
          0.010796677630406324,
          4333.008657005718
        ],
        [
          0.016265253086618015,
          4267.474143295778
        ],
        [
          0.01807658193915954,
          4201.939629585838
        ],
        [
          0.0197054367042568,
          4136.4051158758975
        ],
        [
          0.020729691639969097,
          4070.8706021659573
        ],
        [
          0.022411841544726092,
          4005.336088456017
        ],
        [
          0.03074529546860722,
          3939.8015747460768
        ],
        [
          0.03980899869021018,
          3874.2670610361365
        ],
        [
          0.045280044782035234,
          3808.7325473261963
        ],
        [
          0.05510858619994713,
          3743.1980336162555
        ],
        [
          0.06384122424935913,
          3677.6635199063153
        ],
        [
          0.06977710278444163,
          3612.129006196375
        ],
        [
          0.08617577019418136,
          3546.594492486435
        ],
        [
          0.11038941099694029,
          3481.0599787764945
        ],
        [
          0.1372201608101426,
          3415.5254650665543
        ],
        [
          0.1605454316359243,
          3349.9909513566136
        ],
        [
          0.1833772812349225,
          3284.4564376466733
        ],
        [
          0.2100767344126717,
          3218.921923936733
        ],
        [
          0.2351335678554777,
          3153.387410226793
        ],
        [
          0.25808471385980697,
          3087.8528965168525
        ],
        [
          0.2858264223184515,
          3022.3183828069123
        ],
        [
          0.30861662405996726,
          2956.783869096972
        ],
        [
          0.3336565160014245,
          2891.2493553870313
        ],
        [
          0.3633030845179737,
          2825.714841677091
        ],
        [
          0.3892895828472946,
          2760.180327967151
        ],
        [
          0.41199543003001116,
          2694.6458142572105
        ],
        [
          0.43303677470520907,
          2629.1113005472703
        ],
        [
          0.4561809832353256,
          2563.57678683733
        ],
        [
          0.48108110779065527,
          2498.0422731273898
        ],
        [
          0.5074325542948647,
          2432.507759417449
        ],
        [
          0.5141837425823578,
          2366.973245707509
        ],
        [
          0.5221458952683445,
          2301.4387319975685
        ],
        [
          0.529287796930694,
          2235.9042182876283
        ],
        [
          0.5416374455180729,
          2170.369704577688
        ],
        [
          0.5539553287904226,
          2104.8351908677478
        ],
        [
          0.5627659683356281,
          2039.3006771578075
        ],
        [
          0.5747273741837637,
          1973.7661634478673
        ],
        [
          0.5847073302699805,
          1908.231649737927
        ],
        [
          0.598053350905435,
          1842.6971360279865
        ],
        [
          0.6180185572970399,
          1777.1626223180463
        ],
        [
          0.6369288022817379,
          1711.628108608106
        ],
        [
          0.655885636395145,
          1646.0935948981655
        ],
        [
          0.6715406424852618,
          1580.5590811882253
        ],
        [
          0.6821163747022443,
          1515.024567478285
        ],
        [
          0.6923088054512104,
          1449.4900537683445
        ],
        [
          0.7021655827047036,
          1383.9555400584043
        ],
        [
          0.7125655468451925,
          1318.421026348464
        ],
        [
          0.7226386811888275,
          1252.8865126385238
        ],
        [
          0.733754070813358,
          1187.3519989285833
        ],
        [
          0.7454553540262008,
          1121.8174852186432
        ],
        [
          0.7576564115288329,
          1056.2829715087028
        ],
        [
          0.7698797047519852,
          990.7484577987625
        ],
        [
          0.7826906563031738,
          925.2139440888221
        ],
        [
          0.7959339690867013,
          859.6794303788819
        ],
        [
          0.8092457537715135,
          794.1449166689415
        ],
        [
          0.8222483560567103,
          728.6104029590012
        ],
        [
          0.8363228612501628,
          663.0758892490609
        ],
        [
          0.8516263311872921,
          597.5413755391205
        ],
        [
          0.8671729822583657,
          532.0068618291803
        ],
        [
          0.8837152994816253,
          466.4723481192398
        ],
        [
          0.9006938603646164,
          400.9378344092995
        ],
        [
          0.9175298302779218,
          335.4033206993592
        ],
        [
          0.9332067191406141,
          269.8688069894189
        ],
        [
          0.9484039517463688,
          204.33429327947857
        ],
        [
          0.9651340372762442,
          138.79977956953823
        ],
        [
          0.9836295684258416,
          73.26526585959792
        ],
        [
          1,
          0
        ]
      ],
      "analysisPrintTime": 3967.0,
      "analysisFirstFilamentPrintTime": 7.0,
      "analysisLastFilamentPrintTime": 3966.522056890478,
      "compensatedPrintTime": 4333.31460084931
    }
  },
  "Dennys_Lamp_Wedge.stl": {}
}