{
    "Dennys_Lamp_Wedge_PET.gcode": {
        "thumbnail_src": "prusaslicerthumbnails",
        "hash": "2907f920db835a9f142f62f73aedf9e79fa32386",
        "thumbnail": "/plugin/prusaslicerthumbnails/thumbnail/Dennys_Lamp_Wedge/Dennys_Lamp_Wedge_PET.png?20200422231955",
        "analysis": {
            "printingArea": {
                "maxZ": 26.200000762939453,
                "maxX": 182.83700561523438,
                "maxY": 117.83699798583984,
                "minX": 60.0,
                "minY": -3.0,
                "minZ": 0.0
            },
            "dimensions": {
                "width": 122.83700561523438,
                "depth": 120.83699798583984,
                "height": 26.200000762939453
            },
            "compensatedPrintTime": 4315.476406046846,
            "analysisPending": false,
            "estimatedPrintTime": 4315.476406046846,
            "analysisPrintTime": 3945.4187579321283,
            "analysisLastFilamentPrintTime": 3939.6503176717883,
            "firstFilament": 0.01080903080847315,
            "progress": [
                [
                    0,
                    4315.476406046846
                ],
                [
                    0.01080903080847315,
                    4013.2415322620445
                ],
                [
                    0.01647349237403023,
                    3947.935996607891
                ],
                [
                    0.01835011659635355,
                    3886.979498709946
                ],
                [
                    0.01980955634796291,
                    3825.8972520441157
                ],
                [
                    0.02083381128367521,
                    3764.7110098687385
                ],
                [
                    0.02255760904591465,
                    3703.090540397806
                ],
                [
                    0.03152178094709346,
                    3642.0037579950304
                ],
                [
                    0.04043865782367356,
                    3581.0209072803746
                ],
                [
                    0.04619453290692516,
                    3520.09562945594
                ],
                [
                    0.05558294823771327,
                    3459.055205617721
                ],
                [
                    0.06479665433584197,
                    3397.438494627662
                ],
                [
                    0.07041276203296605,
                    3336.597414307772
                ],
                [
                    0.09097515634711584,
                    3275.749176739913
                ],
                [
                    0.1148471435393408,
                    3213.9663875990586
                ],
                [
                    0.13816641425006151,
                    3153.1262935578443
                ],
                [
                    0.16168262991396187,
                    3092.2585079826463
                ],
                [
                    0.18651887089128885,
                    3031.4148796218215
                ],
                [
                    0.21518883244466924,
                    2970.570030565074
                ],
                [
                    0.23833621750628864,
                    2909.7193843303667
                ],
                [
                    0.2621252619314935,
                    2848.8706791154736
                ],
                [
                    0.28707374035525624,
                    2787.9055329302464
                ],
                [
                    0.309442169302776,
                    2726.8832017979503
                ],
                [
                    0.33434476449371914,
                    2666.0422932091196
                ],
                [
                    0.3641085117279308,
                    2603.424875420515
                ],
                [
                    0.39095549714659233,
                    2541.5758483540676
                ],
                [
                    0.4170069378977503,
                    2480.734959333127
                ],
                [
                    0.43916536281813406,
                    2419.883319466404
                ],
                [
                    0.46100260510878033,
                    2359.0341906627664
                ],
                [
                    0.48764064534414014,
                    2298.180806812635
                ],
                [
                    0.5113725122022929,
                    2237.154404097449
                ],
                [
                    0.5156954186297925,
                    2176.298381682475
                ],
                [
                    0.526670334972306,
                    2115.2982351914325
                ],
                [
                    0.5323425613926479,
                    2054.4290670995374
                ],
                [
                    0.5448690369003547,
                    1993.5434009308083
                ],
                [
                    0.5552647656655063,
                    1932.7024555582436
                ],
                [
                    0.5685049019175309,
                    1871.5714530506239
                ],
                [
                    0.5769534168714059,
                    1810.7320102403924
                ],
                [
                    0.5879999816467069,
                    1749.890470059811
                ],
                [
                    0.6034022770083709,
                    1688.8502336862946
                ],
                [
                    0.6228504146608929,
                    1627.990809126065
                ],
                [
                    0.641897956396105,
                    1567.1429033737818
                ],
                [
                    0.6617403369029312,
                    1505.3761749209716
                ],
                [
                    0.6743299900927512,
                    1444.522488356119
                ],
                [
                    0.6848848983809925,
                    1383.6797649938032
                ],
                [
                    0.694822853661782,
                    1322.8048956330754
                ],
                [
                    0.7051148157311723,
                    1260.6173604866444
                ],
                [
                    0.7152341862555718,
                    1199.6510500829522
                ],
                [
                    0.7258688607793302,
                    1137.716909111518
                ],
                [
                    0.7367636579383816,
                    1076.7637514229802
                ],
                [
                    0.7490317755505194,
                    1015.9112999517446
                ],
                [
                    0.7612790692339159,
                    954.6531268979583
                ],
                [
                    0.7738874286648085,
                    893.8123598844585
                ],
                [
                    0.7869821503635893,
                    832.7115305126408
                ],
                [
                    0.8004164079852355,
                    771.8656866596903
                ],
                [
                    0.8136244259742863,
                    710.905614843338
                ],
                [
                    0.8270735074096127,
                    649.6869761461229
                ],
                [
                    0.8417579066516216,
                    588.6084619309624
                ],
                [
                    0.8575173853333893,
                    527.7683935430255
                ],
                [
                    0.8731935683001921,
                    466.929252280643
