{
  "Center_drill_jig_3mm.stl": {},
  "8x_Center_drill_jig_3mm_PET.gcode": {
    "analysis": {
      "analysisPending": false,
      "estimatedPrintTime": 11331.614789161713,
      "printingArea": {
        "maxX": 170.4010009765625,
        "maxY": 136.31900024414062,
        "maxZ": 20.0,
        "minX": 60.0,
        "minY": -3.0,
        "minZ": 0.0
      },
      "dimensions": {
        "width": 110.4010009765625,
        "depth": 139.31900024414062,
        "height": 20.0
      },
      "filament": {
        "tool0": {
          "length": 8789.891938727349,
          "volume": 21.142167766986645
        }
      },
      "firstFilament": 0.0033533634324564533,
      "lastFilament": 0.9988949509831474,
      "progress": [
        [
          0,
          11331.614789161713
        ],
        [
          0.0033533634324564533,
          11331.24379144373
        ],
        [
          0.003439846608376758,
          11331.24379144373
        ],
        [
          0.005019622499075921,
          11254.202775878382
        ],
        [
          0.006695807898656111,
          11177.161760313033
        ],
        [
          0.00903755392325282,
          11100.120744747685
        ],
        [
          0.011000610345397923,
          11023.079729182336
        ],
        [
          0.012710669356206582,
          10946.038713616987
        ],
        [
          0.014460433698858136,
          10868.997698051639
        ],
        [
          0.016140341473298597,
          10791.95668248629
        ],
        [
          0.02080633836064874,
          10714.915666920942
        ],
        [
          0.026218051011673245,
          10637.874651355593
        ],
        [
          0.030896952131872327,
          10560.833635790244
        ],
        [
          0.03580738496838028,
          10483.792620224896
        ],
        [
          0.04076198998656347,
          10406.751604659547
        ],
        [
          0.04592554431356988,
          10329.710589094198
        ],
        [
          0.051195310403256034,
          10252.66957352885
        ],
        [
          0.05666298275634662,
          10175.6285579635
        ],
        [
          0.06312912012612398,
          10098.587542398152
        ],
        [
          0.06934399719283305,
          10021.546526832804
        ],
        [
          0.07538392264110934,
          9944.505511267454
        ],
        [
          0.08185589173150114,
          9867.464495702106
        ],
        [
          0.08803974900770792,
          9790.423480136758
        ],
        [
          0.09434867807921983,
          9713.38246457141
        ],
        [
          0.10055375289213017,
          9636.34144900606
        ],
        [
          0.10659467097370254,
          9559.300433440712
        ],
        [
          0.11299914099996142,
          9482.259417875364
        ],
        [
          0.11903422736091936,
          9405.218402310014
        ],
        [
          0.12521535489556196,
          9328.177386744666
        ],
        [
          0.13142415208333255,
          9251.136371179318
        ],
        [
          0.13782341078478705,
          9174.095355613968
        ],
        [
          0.14385266542513056,
          9097.05434004862
        ],
        [
          0.1501645723965307,
          9020.013324483272
        ],
        [
          0.15636058943061437,
          8942.972308917924
        ],
        [
          0.16243513296509118,
          8865.931293352574
        ],
        [
          0.1687686297106809,
          8788.890277787226
        ],
        [
          0.17486960210666563,
          8711.849262221878
        ],
        [
          0.18096089632801368,
          8634.808246656528
        ],
        [
          0.18707092650282509,
          8557.76723109118
        ],
        [
          0.19344499713439176,
          8480.726215525832
        ],
        [
          0.19973829223149053,
          8403.685199960482
        ],
        [
          0.20597761289311536,
          8326.644184395134
        ],
        [
          0.21203701876982708,
          8249.603168829786
        ],
        [
          0.21809977478391304,
          8172.562153264437
        ],
        [
          0.22419876191330565,
          8095.521137699088
        ],
        [
          0.23035941638621674,
          8018.48012213374
        ],
        [
          0.23674254479661005,
          7941.439106568391
        ],
        [
          0.24316885275538253,
          7864.398091003042
        ],
        [
          0.24938186863466144,
          7787.357075437694
        ],
        [
          0.25565394619505666,
          7710.316059872345
        ],
        [
          0.26204042474282424,
          7633.275044306997
        ],
        [
          0.2684941541964007,
          7556.234028741648
        ],
        [
          0.27478571218523135,
          7479.193013176299
        ],
        [
          0.2807539198778664,
          7402.151997610951
        ],
        [
          0.2871585139832873,
          7325.110982045602
        ],
        [
          0.29336073497547144,
          7248.069966480254
        ],
        [
          0.29945575157167975,
          7171.028950914905
        ],
        [
          0.3056011443076637,
          7093.987935349556
        ],
        [
          0.3117110504033131,
          7016.946919784208
        ],
        [
          0.3175713092250003,
          6939.905904218859
        ],
        [
          0.3236905212578004,
          6862.86488865351
        ],
        [
          0.32990961701601773,
          6785.823873088162
        ],
        [
          0.33583737490183785,
          6708.782857522813
        ],
        [
          0.3420423256355862,
          6631.741841957465
        ],
        [
          0.3483410802158134,
          6554.700826392116
        ],
        [
          0.3544248056082789,
          6477.659810826767
        ],
        [
          0.361025320710512,
          6400.618795261419
        ],
        [
          0.36713770838940163,
          6323.57777969607
        ],
        [
          0.3737372308583387,
          6246.536764130722
        ],
        [
          0.3800730851080066,
          6169.495748565373
        ],
        [
          0.38710365858576307,
          6092.454733000024
        ],
        [
          0.3942229486643561,
          6015.413717434676
        ],
        [
          0.4012331731595431,
          5938.372701869327
        ],
        [
          0.4083405516385832,
          5784.29067073863
        ],
        [
          0.41525052017086694,
          5707.249655173281
        ],
        [
          0.41841801301863385,
          5630.208639607933
        ],
        [
          0.42134181439221496,
          5553.167624042584
        ],
        [
          0.4235794579998861,
          5476.126608477235
        ],
        [
          0.4264559852127418,
          5399.085592911887
        ],
        [
          0.4292068202344823,
          5322.044577346538
        ],
        [
          0.4346127011648924,
          5245.00356178119
        ],
        [
          0.4398267557108365,
          5167.962546215841
        ],
        [
          0.4450064403289041,
          5090.921530650492
        ],
        [
          0.4502235968538984,
          5013.880515085144
        ],
        [
          0.45545043155352943,
          4936.839499519795
        ],
        [
          0.4605789955568493,
          4859.798483954447
        ],
        [
          0.4659510028760309,
          4782.757468389098
        ],
        [
          0.4710638088257756,
          4705.716452823749
        ],
        [
          0.47599322577407094,
          4628.675437258401
        ],
        [
          0.4808374003380661,
          4551.634421693052
        ],
        [
          0.4871148133024277,
          4474.593406127704
        ],
        [
