{
  "y-idler_slide.STL": {},
  "y_belt_holder_with_tensioner_PET.gcode": {
    "analysis": {
      "analysisPending": false,
      "estimatedPrintTime": 9900.902168534107,
      "printingArea": {
        "maxX": 162.84300231933594,
        "maxY": 135.60400390625,
        "maxZ": 40.599998474121094,
        "minX": 60.0,
        "minY": -3.0,
        "minZ": 0.0
      },
      "dimensions": {
        "width": 102.84300231933594,
        "depth": 138.60400390625,
        "height": 40.599998474121094
      },
      "filament": {
        "tool0": {
          "length": 7805.243043398368,
          "volume": 18.7738096254146
        }
      },
      "firstFilament": 0.005460751642571506,
      "lastFilament": 0.9982943582961545,
      "progress": [
        [
          0,
          9900.902168534107
        ],
        [
          0.005460751642571506,
          9900.596224690515
        ],
        [
          0.005595082972241597,
          9900.596224690515
        ],
        [
          0.006880770633976421,
          9835.061710980575
        ],
        [
          0.011099391114820908,
          9769.527197270634
        ],
        [
          0.012637552294300093,
          9703.992683560693
        ],
        [
          0.01729115959159421,
          9638.458169850754
        ],
        [
          0.023283069260809575,
          9572.923656140812
        ],
        [
          0.028697566213107307,
          9507.389142430873
        ],
        [
          0.03513082271868495,
          9441.854628720932
        ],
        [
          0.04063744359577795,
          9376.320115010993
        ],
        [
          0.04915100479641865,
          9310.785601301051
        ],
        [
          0.057388001494797405,
          9245.251087591112
        ],
        [
          0.06708471912706607,
          9179.716573881171
        ],
        [
          0.07503397310636671,
          9114.182060171232
        ],
        [
          0.0842681438358976,
          9048.64754646129
        ],
        [
          0.0934038306207206,
          8983.113032751351
        ],
        [
          0.10259984123077563,
          8917.57851904141
        ],
        [
          0.11186542660411748,
          8852.04400533147
        ],
        [
          0.11944560670060861,
          8786.50949162153
        ],
        [
          0.12623271158678065,
          8720.974977911588
        ],
        [
          0.13413898724970189,
          8655.440464201649
        ],
        [
          0.14254153719368554,
          8589.905950491708
        ],
        [
          0.14986461830340495,
          8524.371436781768
        ],
        [
          0.15720350309896788,
          8458.836923071827
        ],
        [
          0.16477905772643164,
          8393.302409361888
        ],
        [
          0.1736784601351061,
          8327.767895651947
        ],
        [
          0.18167897972946018,
          8262.233381942007
        ],
        [
          0.1890722137860948,
          8196.698868232066
        ],
        [
          0.19686535818572146,
          8131.164354522125
        ],
        [
          0.2066599815790696,
          8065.629840812185
        ],
        [
          0.21453580623756063,
          8000.0953271022445
        ],
        [
          0.22255714044253788,
          7934.560813392304
        ],
        [
          0.2320407010437949,
          7869.026299682364
        ],
        [
          0.24154893081319792,
          7803.491785972424
        ],
        [
          0.24933051154025612,
          7737.9572722624835
        ],
        [
          0.2578672000860337,
          7672.422758552543
        ],
        [
          0.26647789613624934,
          7606.888244842603
        ],
        [
          0.27414075649160485,
          7541.353731132663
        ],
        [
          0.28193120270096556,
          7475.819217422722
        ],
        [
          0.2909926892534744,
          7410.284703712781
        ],
        [
          0.3006362139919282,
          7344.750190002841
        ],
        [
          0.30759581032724614,
          7279.215676292901
        ],
        [
          0.31721158225153573,
          7213.6811625829605
        ],
        [
          0.32469636204933716,
          7148.14664887302
        ],
        [
          0.33166771478509977,
          7082.61213516308
        ],
        [
          0.3403450946804601,
          7017.07762145314
        ],
        [
          0.3482839413544491,
          6951.5431077431995
        ],
        [
          0.35629486825411477,
          6886.008594033259
        ],
        [
          0.3653176165035193,
          6820.474080323319
        ],
        [
          0.37296081861550845,
          6754.939566613379
        ],
        [
          0.3812205572032718,
          6689.405052903438
        ],
        [
          0.3898503333132254,
          6623.870539193498
        ],
        [
          0.39758141933673474,
          6558.336025483557
        ],
        [
          0.404842634798213,
          6492.801511773617
        ],
        [
          0.41309119516916015,
          6427.2669980636765
        ],
        [
          0.4207247608873423,
          6361.732484353736
        ],
        [
          0.42814131501698993,
          6296.197970643796
        ],
        [
          0.4348010267770329,
          6230.663456933856
        ],
        [
          0.4426126730527691,
          6165.1289432239155
        ],
        [
          0.4500425254058705,
          6099.594429513975
        ],
        [
          0.45721971151335133,
          6034.059915804035
        ],
        [
          0.4643614356916223,
          5968.525402094095
        ],
        [
          0.471760258856665,
          5902.9908883841545
        ],
        [
          0.4789925651367221,
          5837.456374674214
        ],
        [
          0.4865569415473697,
          5771.921860964274
        ],
        [
          0.4944131079624944,
          5706.387347254334
        ],
        [
          0.5031136152029916,
          5640.8528335443925
        ],
        [
          0.5113055135783534,
          5575.318319834452
        ],
        [
          0.5193746442966136,
          5509.783806124512
        ],
        [
          0.5268467040545898,
          5444.249292414572
        ],
        [
          0.5342143053036977,
          5378.7147787046315
        ],
        [
          0.5416591904311381,
          5313.180264994691
        ],
        [
          0.5494816294679381,
          5247.645751284751
        ],
        [
          0.5573761487304147,
          5182.111237574811
        ],
        [
          0.5657474767584636,
          5116.5767238648705
        ],
        [
          0.5740584809612804,
          5051.04221015493
        ],
        [
          0.5820210331640348,
          4985.50769644499
        ],
        [
          0.5896626934530148,
          4919.97318273505
        ],
        [
          0.5968558759742153,
          4854.438669025109
        ],
        [
          0.605287142371744,
          4788.904155315168
        ],
        [
          0.6132319636098933,
          4723.369641605228
        ],
        [
          0.6209403077440181,
          4657.835127895288
        ],
        [
          0.6288384888361415,
          4592.3006141853475
        ],
        [
          0.635431902206792,
          4526.766100475407
        ],
        [
          0.6422249816571244,
          4461.231586765467
        ],
        [
          0.6492418181716562,
          4395.697073055527
        ],
        [
          0.6563290003609793,
          4330.1625593455865
        ],
        [
          0.6638035655813453,
          4264.628045635646
        ],
        [
          0.6711935232640855,
          4199.093531925706
        ],
        [
          0.6792776867566848,
          4133.559018215766
        ],
        [
