{
    "y-idler_slide.STL": {},
    "belt-holder_mk2_mk25.STL": {},
    "y_belt_holder_with_tensioner_PET.gcode": {
        "thumbnail_src": "prusaslicerthumbnails",
        "hash": "e7d7e08a150d5841fe35fcdee46065e7e04051ff",
        "thumbnail": "/plugin/prusaslicerthumbnails/thumbnail/Y-belt_holder_and_tensioner/y_belt_holder_with_tensioner_PET.png?20200423015015",
        "analysis": {
            "printingArea": {
                "maxZ": 40.599998474121094,
                "maxX": 162.84300231933594,
                "maxY": 135.60400390625,
                "minX": 60.0,
                "minY": -3.0,
                "minZ": 0.0
            },
            "dimensions": {
                "width": 102.84300231933594,
                "depth": 138.60400390625,
                "height": 40.599998474121094
            },
            "compensatedPrintTime": 9380.40829682601,
            "analysisPending": false,
            "estimatedPrintTime": 9380.40829682601,
            "analysisPrintTime": 8940.638023113988,
            "analysisLastFilamentPrintTime": 8934.817215732532,
            "firstFilament": 0.00560182844790652,
            "progress": [
                [
                    0,
                    9380.40829682601
                ],
                [
                    0.00560182844790652,
                    9078.17342304121
                ],
                [
                    0.00693858899681864,
                    9016.762695855034
                ],
                [
                    0.01111904935818726,
                    8955.111772265005
                ],
                [
                    0.01289041126779673,
                    8894.211479684667
                ],
                [
                    0.01779148115805555,
                    8833.241091267548
                ],
                [
                    0.02375390346222139,
                    8772.224763835546
                ],
                [
                    0.0295918235584003,
                    8711.204955431253
                ],
                [
                    0.03565658436479686,
                    8650.240401655145
                ],
                [
                    0.04162999215790272,
                    8589.347881054962
                ],
                [
                    0.05060687117278574,
                    8528.331745724612
                ],
                [
                    0.05906569765660248,
                    8467.491870960495
                ],
                [
                    0.06871924424461562,
                    8406.47693348769
                ],
                [
                    0.07701328839433202,
                    8345.622691809827
                ],
                [
                    0.08552762050647729,
                    8284.775191513862
                ],
                [
                    0.09433586262973719,
                    8223.510429631886
                ],
                [
                    0.1035800552088274,
                    8162.594551095237
                ],
                [
                    0.11290114621049777,
                    8101.74057431582
                ],
                [
                    0.12120791040003948,
                    8040.762632578636
                ],
                [
                    0.12875648312484353,
                    7979.916557126942
                ],
                [
                    0.1363954452235576,
                    7918.925663138464
                ],
                [
                    0.14556505211458134,
                    7858.077349201314
                ],
                [
                    0.15180480983251368,
                    7797.0731371388165
                ],
                [
                    0.1601919415464061,
                    7735.880677393513
                ],
                [
                    0.16824700312970797,
                    7675.013795252471
                ],
                [
                    0.1756535354097963,
                    7614.092523150519
                ],
                [
                    0.18448143577642256,
                    7553.229195133529
                ],
                [
                    0.1922163763574547,
                    7492.382713353921
                ],
                [
                    0.20028801253810471,
                    7431.538938385237
                ],
                [
                    0.20953856513710759,
                    7370.6817099367045
                ],
                [
                    0.21889858716975838,
                    7309.794720987226
                ],
                [
                    0.2276318581491995,
                    7248.950993599217
                ],
                [
                    0.23580718192721323,
                    7188.110990712409
                ],
                [
                    0.24482973744874162,
                    7127.224175680888
                ],
                [
                    0.2543435563265527,
                    7066.349373668447
                ],
                [
                    0.26247281814216883,
                    7005.327967997353
                ],
                [
                    0.26964325877398476,
                    6944.470163400839
                ],
                [
                    0.27867545068932015,
                    6883.537512265376
                ],
                [
                    0.2879774616312526,
                    6822.69244020738
                ],
                [
                    0.2962582075575153,
                    6761.844154594357
                ],
                [
                    0.30496796573606727,
                    6700.995079050153
                ],
                [
                    0.3144199189656372,
                    6640.113000810533
                ],
                [
                    0.32304718961320095,
                    6579.2616927788395
                ],
                [
                    0.3292445471983823,
                    6518.375955884671
                ],
                [
                    0.33756672961801526,
                    6457.534792809653
                ],
                [
                    0.3450705894755547,
                    6396.677158617573
                ],
                [
                    0.35369978740187985,
                    6335.837089177621
                ],
                [
                    0.36278864131280064,
                    6274.983865432283
                ],
                [
                    0.3702233118628055,
                    6214.033378163135
                ],
                [
                    0.37883863338204854,
                    6153.046749835226
                ],
                [
                    0.3883561140895063,
                    6092.0073202258445
                ],
                [
                    0.3959361014581213,
                    6031.158309501684
                ],
                [
                    0.40318883689304935,
                    5970.315971566164
                ],
                [
                    0.4117411363967943,
                    5909.466033966675
                ],
                [
                    0.4194404223207404,
                    5848.622632506412
                ],
                [
                    0.4266029611096346,
                    5787.5703902437
                ],
                [
                    0.43382563099588467,
                    5726.731567459069
                ],
                [
                    0.44175291399730526,
                    5665.839584328443
                ],
                [
                    0.44923576651634534,
                    5604.9771096802015
                ],
                [
