{
  "top_nobutton.stl": {},
  "Case_nobutton_PET.gcode": {
    "analysis": {
      "analysisPending": false,
      "estimatedPrintTime": 8524.441800325712,
      "printingArea": {
        "maxX": 177.39199829101562,
        "maxY": 150.34300231933594,
        "maxZ": 26.100000381469727,
        "minX": 60.0,
        "minY": -3.0,
        "minZ": 0.0
      },
      "dimensions": {
        "width": 117.39199829101562,
        "depth": 153.34300231933594,
        "height": 26.100000381469727
      },
      "filament": {
        "tool0": {
          "length": 14562.360111683607,
          "volume": 35.026580839748725
        }
      },
      "firstFilament": 0.01044026477049154,
      "lastFilament": 0.9967995883638097,
      "progress": [
        [
          0,
          8524.441800325712
        ],
        [
          0.01044026477049154,
          8524.13585648212
        ],
        [
          0.010700524589698715,
          8524.13585648212
        ],
        [
          0.016136855590899942,
          8458.60134277218
        ],
        [
          0.01938132843034204,
          8393.06682906224
        ],
        [
          0.02007883968181837,
          8327.532315352299
        ],
        [
          0.022096320030708418,
          8261.99780164236
        ],
        [
          0.02395809256810723,
          8196.463287932418
        ],
        [
          0.025028630447112926,
          8130.928774222477
        ],
        [
          0.025850857307793268,
          8065.394260512537
        ],
        [
          0.026516256156899703,
          7999.859746802596
        ],
        [
          0.029257385759195068,
          7934.325233092656
        ],
        [
          0.030724847867493774,
          7868.790719382716
        ],
        [
          0.031316686911171496,
          7803.256205672776
        ],
        [
          0.03182787154889692,
          7737.721691962835
        ],
        [
          0.032339429586649905,
          7672.187178252895
        ],
        [
          0.0328491206242651,
          7606.652664542955
        ],
        [
          0.03335209046138428,
          7541.118150833014
        ],
        [
          0.03387597070004664,
          7475.5836371230735
        ],
        [
          0.034590658352790585,
          7410.049123413133
        ],
        [
          0.04284317236182612,
          7344.514609703193
        ],
        [
          0.04704504287192417,
          7278.980095993253
        ],
        [
          0.05109083217050341,
          7213.445582283312
        ],
        [
          0.05265948568627005,
          7147.911068573372
        ],
        [
          0.05837997410844209,
          7082.376554863432
        ],
        [
          0.06445519255679322,
          7016.842041153492
        ],
        [
          0.069255623311065,
          6951.307527443551
        ],
        [
          0.07234214793885052,
          6885.773013733611
        ],
        [
          0.0738383618492711,
          6820.238500023671
        ],
        [
          0.08276635650815711,
          6754.703986313731
        ],
        [
          0.08635547757303424,
          6689.16947260379
        ],
        [
          0.0931394092736884,
          6623.634958893849
        ],
        [
          0.0948738524016903,
          6558.100445183909
        ],
        [
          0.10472787912891748,
          6492.565931473969
        ],
        [
          0.10927962546483636,
          6427.031417764028
        ],
        [
          0.11365213978752792,
          6361.496904054088
        ],
        [
          0.11811314991675047,
          6295.962390344148
        ],
        [
          0.1254840664607241,
          6230.427876634208
        ],
        [
          0.1310290568699444,
          6164.893362924267
        ],
        [
          0.13553226120228087,
          6099.358849214327
        ],
        [
          0.13885850864775795,
          6033.824335504387
        ],
        [
          0.14206788188460967,
          5968.289821794447
        ],
        [
          0.14721072046415118,
          5902.755308084506
        ],
        [
          0.14841493555302224,
          5837.220794374566
        ],
        [
          0.15074383152489476,
          5771.686280664625
        ],
        [
          0.1598682345982757,
          5706.151766954685
        ],
        [
          0.1699007465386751,
          5640.6172532447445
        ],
        [
          0.17822084595269844,
          5575.082739534804
        ],
        [
          0.18745204143396066,
          5509.548225824864
        ],
        [
          0.19634643009036654,
          5444.013712114924
        ],
        [
          0.20528039914969345,
          5378.479198404983
        ],
        [
          0.21966824901151677,
          5312.944684695043
        ],
        [
          0.2287493376817011,
          5247.410170985103
        ],
        [
          0.24166113723459193,
          5181.875657275163
        ],
        [
          0.251727628577499,
          5116.341143565222
        ],
        [
          0.26069781743949894,
          5050.806629855282
        ],
        [
          0.27434633524675955,
          4985.272116145342
        ],
        [
          0.28692431517501443,
          4919.737602435402
        ],
        [
          0.3012763186341923,
          4854.2030887254605
        ],
        [
          0.31229535344739706,
          4788.66857501552
        ],
        [
          0.32147427292480135,
          4723.13406130558
        ],
        [
          0.33298022137394034,
          4657.59954759564
        ],
        [
          0.34337381114098725,
          4592.065033885699
        ],
        [
          0.3548551151883075,
          4526.530520175759
        ],
        [
          0.3645478331036301,
          4460.996006465819
        ],
        [
          0.3774629932567689,
          4395.461492755879
        ],
        [
          0.38817098584701876,
          4329.926979045938
        ],
        [
          0.4000208357215377,
          4264.392465335998
        ],
        [
          0.40675435841847163,
          4198.857951626058
        ],
        [
          0.4127190504586659,
          4133.323437916118
        ],
        [
          0.4231163742259884,
          4067.788924206177
        ],
        [
          0.4338908320211434,
          3936.7198967862964
        ],
        [
          0.4431776641065116,
          3871.185383076356
        ],
        [
          0.45192493315206006,
          3805.650869366416
        ],
        [
          0.46146605065619456,
          3740.116355656475
        ],
        [
          0.46924135943001233,
          3674.581841946535
        ],
        [
          0.47928656697134864,
          3609.0473282365947
        ],
        [
          0.4896954661395254,
          3543.5128145266544
        ],
        [
          0.4979640363497459,
          3477.978300816714
        ],
        [
          0.5071836564301538,
          3412.443787106774
        ],
        [
          0.5176930002057434,
          3346.9092733968337
        ],
        [
          0.5263368374436586,
          3281.374759686893
        ],
        [
          0.5370354950332196,
          3215.8402459769527
        ],
        [
          0.5465448735350117,
          3150.3057322670124
        ],
        [
          0.5558593372224191,
          3084.771218557072
        ],
        [
          0.5655867813403045,
          3019.236704847132
        ],
        [
          0.5751391008452656,
          2953.7021911371917
        ],
        [
          0.584889322364832,
          2888.1676774272514
        ],
        [
          0.5945099740748361,
          2822.6331637173107
        ],
        [
          0.6044715400099997,
          2757.0986500073705
        ],
        [
          0.6143087637359868,
          2691.56413629743
        ],
        [
